ISO-10303-21;
HEADER;
FILE_DESCRIPTION (( 'STEP AP203' ),
    '1' );
FILE_NAME ('JIG-MOT097Z001-0_AP203.step',
    '2026-09-18T17:20:15',
    ( '' ),
    ( '' ),
    'SwSTEP 2.0',
    'SolidWorks 2024',
    '' );
FILE_SCHEMA (( 'CONFIG_CONTROL_DESIGN' ));
ENDSEC;

DATA;
#1 = CIRCLE ( 'NONE', #3006, 5.500000000000005329 ) ;
#2 = ORIENTED_EDGE ( 'NONE', *, *, #5933, .F. ) ;
#3 = CARTESIAN_POINT ( 'NONE',  ( 15.00000000000000000, 3.000000000000000000, -9.500000000000003553 ) ) ;
#4 = PLANE ( 'NONE',  #5243 ) ;
#5 = VECTOR ( 'NONE', #8526, 1000.000000000000000 ) ;
#6 = LINE ( 'NONE', #2107, #6343 ) ;
#7 = ORIENTED_EDGE ( 'NONE', *, *, #568, .F. ) ;
#8 = DIRECTION ( 'NONE',  ( 0.000000000000000000, 1.000000000000000000, 0.000000000000000000 ) ) ;
#9 = CARTESIAN_POINT ( 'NONE',  ( 78.89000000000000057, 0.000000000000000000, -35.05599999999999028 ) ) ;
#10 = VECTOR ( 'NONE', #4550, 1000.000000000000000 ) ;
#11 = CARTESIAN_POINT ( 'NONE',  ( 78.89000000000000057, 3.000000000000000000, -40.55599999999999739 ) ) ;
#12 = DIRECTION ( 'NONE',  ( 0.000000000000000000, 0.000000000000000000, 1.000000000000000000 ) ) ;
#13 = PLANE ( 'NONE',  #8543 ) ;
#14 = DIRECTION ( 'NONE',  ( 0.000000000000000000, 1.000000000000000000, 0.000000000000000000 ) ) ;
#15 = ORIENTED_EDGE ( 'NONE', *, *, #5823, .T. ) ;
#16 = DIRECTION ( 'NONE',  ( 0.000000000000000000, 0.000000000000000000, -1.000000000000000000 ) ) ;
#17 = VERTEX_POINT ( 'NONE', #4800 ) ;
#18 = ORIENTED_EDGE ( 'NONE', *, *, #409, .T. ) ;
#19 = LINE ( 'NONE', #1943, #2959 ) ;
#20 = DIRECTION ( 'NONE',  ( 0.000000000000000000, -1.000000000000000000, 0.000000000000000000 ) ) ;
#21 = LINE ( 'NONE', #5346, #2194 ) ;
#22 = ADVANCED_FACE ( 'NONE', ( #2029 ), #6140, .F. ) ;
#23 = CARTESIAN_POINT ( 'NONE',  ( 78.89000000000000057, 3.000000000000000000, -66.11200000000000898 ) ) ;
#24 = ORIENTED_EDGE ( 'NONE', *, *, #1564, .T. ) ;
#25 = ORIENTED_EDGE ( 'NONE', *, *, #8446, .F. ) ;
#26 = ADVANCED_FACE ( 'NONE', ( #8242 ), #733, .F. ) ;
#27 = CARTESIAN_POINT ( 'NONE',  ( 78.89000000000000057, 3.000000000000000000, -78.89000000000000057 ) ) ;
#28 = EDGE_LOOP ( 'NONE', ( #787, #7338, #6626, #131 ) ) ;
#29 = DIRECTION ( 'NONE',  ( 0.000000000000000000, 1.000000000000000000, 0.000000000000000000 ) ) ;
#30 = EDGE_LOOP ( 'NONE', ( #8027, #7685 ) ) ;
#31 = DIRECTION ( 'NONE',  ( 0.000000000000000000, 0.000000000000000000, 1.000000000000000000 ) ) ;
#32 = DIRECTION ( 'NONE',  ( 0.000000000000000000, 0.000000000000000000, 1.000000000000000000 ) ) ;
#33 = EDGE_CURVE ( 'NONE', #7257, #7778, #7754, .T. ) ;
#34 = DIRECTION ( 'NONE',  ( 0.000000000000000000, 1.000000000000000000, 0.000000000000000000 ) ) ;
#35 = ORIENTED_EDGE ( 'NONE', *, *, #4406, .F. ) ;
#36 = CARTESIAN_POINT ( 'NONE',  ( 130.0020000000000095, 0.000000000000000000, -35.05599999999997607 ) ) ;
#37 = ORIENTED_EDGE ( 'NONE', *, *, #3115, .T. ) ;
#38 = EDGE_CURVE ( 'NONE', #8292, #8642, #6901, .T. ) ;
#39 = DIRECTION ( 'NONE',  ( 0.000000000000000000, -1.000000000000000000, 0.000000000000000000 ) ) ;
#40 = EDGE_CURVE ( 'NONE', #4417, #1955, #1180, .T. ) ;
#41 = LINE ( 'NONE', #5545, #7569 ) ;
#42 = AXIS2_PLACEMENT_3D ( 'NONE', #4273, #4353, #6317 ) ;
#43 = ORIENTED_EDGE ( 'NONE', *, *, #4840, .T. ) ;
#44 = DIRECTION ( 'NONE',  ( 0.000000000000000000, 0.000000000000000000, 1.000000000000000000 ) ) ;
#45 = DIRECTION ( 'NONE',  ( 0.000000000000000000, -1.000000000000000000, 0.000000000000000000 ) ) ;
#46 = ADVANCED_FACE ( 'NONE', ( #5429 ), #7525, .F. ) ;
#47 = CIRCLE ( 'NONE', #5042, 5.499999999999998224 ) ;
#48 = DIRECTION ( 'NONE',  ( 0.000000000000000000, 0.000000000000000000, 1.000000000000000000 ) ) ;
#49 = VERTEX_POINT ( 'NONE', #2162 ) ;
#50 = ADVANCED_FACE ( 'NONE', ( #1983 ), #6809, .F. ) ;
#51 = CARTESIAN_POINT ( 'NONE',  ( 140.0000000000000000, 10.00000000000000000, -140.0000000000000000 ) ) ;
#52 = DIRECTION ( 'NONE',  ( 0.000000000000000000, -1.000000000000000000, 0.000000000000000000 ) ) ;
#53 = CIRCLE ( 'NONE', #6041, 5.500000000000005329 ) ;
#54 = CARTESIAN_POINT ( 'NONE',  ( 140.0000000000000000, 4.000000000000000000, -136.0000000000000000 ) ) ;
#55 = FACE_BOUND ( 'NONE', #4288, .T. ) ;
#56 = FACE_OUTER_BOUND ( 'NONE', #6522, .T. ) ;
#57 = DIRECTION ( 'NONE',  ( 0.000000000000000000, -1.000000000000000000, 0.000000000000000000 ) ) ;
#58 = ORIENTED_EDGE ( 'NONE', *, *, #5805, .T. ) ;
#59 = DIRECTION ( 'NONE',  ( 0.000000000000000000, -0.000000000000000000, 1.000000000000000000 ) ) ;
#60 = AXIS2_PLACEMENT_3D ( 'NONE', #2930, #8376, #2249 ) ;
#61 = ORIENTED_EDGE ( 'NONE', *, *, #1306, .T. ) ;
#62 = ORIENTED_EDGE ( 'NONE', *, *, #7453, .F. ) ;
#63 = CARTESIAN_POINT ( 'NONE',  ( 104.4459999999999980, 3.000000000000000000, -66.11200000000000898 ) ) ;
#64 = AXIS2_PLACEMENT_3D ( 'NONE', #4730, #3446, #7411 ) ;
#65 = FACE_OUTER_BOUND ( 'NONE', #4229, .T. ) ;
#66 = DIRECTION ( 'NONE',  ( 0.000000000000000000, 0.000000000000000000, -1.000000000000000000 ) ) ;
#67 = DIRECTION ( 'NONE',  ( 0.000000000000000000, 0.000000000000000000, 1.000000000000000000 ) ) ;
#68 = ORIENTED_EDGE ( 'NONE', *, *, #5401, .T. ) ;
#69 = AXIS2_PLACEMENT_3D ( 'NONE', #2283, #3667, #850 ) ;
#70 = ORIENTED_EDGE ( 'NONE', *, *, #4571, .T. ) ;
#71 = CYLINDRICAL_SURFACE ( 'NONE', #8406, 5.500000000000005329 ) ;
#72 = AXIS2_PLACEMENT_3D ( 'NONE', #8165, #6820, #2037 ) ;
#73 = VERTEX_POINT ( 'NONE', #4182 ) ;
#74 = CARTESIAN_POINT ( 'NONE',  ( 66.11200000000000898, 0.000000000000000000, -27.77799999999999869 ) ) ;
#75 = EDGE_LOOP ( 'NONE', ( #5297, #4401, #2904, #8479 ) ) ;
#76 = CARTESIAN_POINT ( 'NONE',  ( 91.66800000000000637, 3.000000000000000000, -122.7240000000000038 ) ) ;
#77 = DIRECTION ( 'NONE',  ( 0.000000000000000000, -1.000000000000000000, 0.000000000000000000 ) ) ;
#78 = CYLINDRICAL_SURFACE ( 'NONE', #4621, 4.000000000000003553 ) ;
#80 = CARTESIAN_POINT ( 'NONE',  ( 0.000000000000000000, 0.000000000000000000, 0.000000000000000000 ) ) ;
#79 = APPROVAL_PERSON_ORGANIZATION ( #2746, #5608, #6624 ) ;
#81 = EDGE_LOOP ( 'NONE', ( #557, #150, #736, #2897 ) ) ;
#82 = DIRECTION ( 'NONE',  ( 0.000000000000000000, -0.000000000000000000, 1.000000000000000000 ) ) ;
#83 = ORIENTED_EDGE ( 'NONE', *, *, #8552, .F. ) ;
#84 = LINE ( 'NONE', #4690, #5683 ) ;
#85 = CARTESIAN_POINT ( 'NONE',  ( 5.000000000000000000, 10.00000000000000000, -5.000000000000000000 ) ) ;
#86 = EDGE_CURVE ( 'NONE', #5620, #440, #5473, .T. ) ;
#87 = ORIENTED_EDGE ( 'NONE', *, *, #3036, .T. ) ;
#88 = DIRECTION ( 'NONE',  ( 0.000000000000000000, 1.000000000000000000, 0.000000000000000000 ) ) ;
#89 = CARTESIAN_POINT ( 'NONE',  ( 78.89000000000000057, 0.000000000000000000, -130.0020000000000095 ) ) ;
#90 = EDGE_CURVE ( 'NONE', #6937, #995, #101, .T. ) ;
#91 = CARTESIAN_POINT ( 'NONE',  ( 91.66800000000000637, 0.000000000000000000, -91.66800000000000637 ) ) ;
#92 = ORIENTED_EDGE ( 'NONE', *, *, #472, .T. ) ;
#93 = CARTESIAN_POINT ( 'NONE',  ( 66.11200000000000898, 3.000000000000000000, -104.4459999999999980 ) ) ;
#94 = VECTOR ( 'NONE', #3070, 1000.000000000000000 ) ;
#95 = EDGE_CURVE ( 'NONE', #446, #5175, #326, .T. ) ;
#96 = DIRECTION ( 'NONE',  ( 0.000000000000000000, 1.000000000000000000, 0.000000000000000000 ) ) ;
#97 = ADVANCED_FACE ( 'NONE', ( #5518 ), #4228, .F. ) ;
#98 = AXIS2_PLACEMENT_3D ( 'NONE', #3016, #4892, #5736 ) ;
#99 = FACE_BOUND ( 'NONE', #3835, .T. ) ;
#100 = CARTESIAN_POINT ( 'NONE',  ( 5.000000000000000000, 4.000000000000000000, -142.2500000000000284 ) ) ;
#101 = LINE ( 'NONE', #2837, #4199 ) ;
#102 = ORIENTED_EDGE ( 'NONE', *, *, #8230, .T. ) ;
#103 = DIRECTION ( 'NONE',  ( 0.000000000000000000, -1.000000000000000000, 0.000000000000000000 ) ) ;
#104 = ADVANCED_FACE ( 'NONE', ( #2702 ), #3329, .F. ) ;
#105 = AXIS2_PLACEMENT_3D ( 'NONE', #1239, #6066, #4597 ) ;
#106 = ORIENTED_EDGE ( 'NONE', *, *, #3057, .F. ) ;
#107 = DIRECTION ( 'NONE',  ( 0.000000000000000000, 0.000000000000000000, 1.000000000000000000 ) ) ;
#108 = DIRECTION ( 'NONE',  ( 0.000000000000000000, 0.000000000000000000, 1.000000000000000000 ) ) ;
#109 = DIRECTION ( 'NONE',  ( 0.000000000000000000, 0.000000000000000000, 1.000000000000000000 ) ) ;
#110 = DIRECTION ( 'NONE',  ( 0.000000000000000000, 0.000000000000000000, 1.000000000000000000 ) ) ;
#111 = AXIS2_PLACEMENT_3D ( 'NONE', #3759, #3223, #5893 ) ;
#112 = ORIENTED_EDGE ( 'NONE', *, *, #7626, .F. ) ;
#113 = ORIENTED_EDGE ( 'NONE', *, *, #4890, .T. ) ;
#114 = CIRCLE ( 'NONE', #8823, 5.500000000000005329 ) ;
#115 = FACE_OUTER_BOUND ( 'NONE', #3842, .T. ) ;
#116 = EDGE_LOOP ( 'NONE', ( #664, #456 ) ) ;
#117 = VECTOR ( 'NONE', #6642, 1000.000000000000000 ) ;
#118 = VERTEX_POINT ( 'NONE', #3420 ) ;
#119 = CARTESIAN_POINT ( 'NONE',  ( 78.89000000000000057, 3.000000000000000000, -66.11200000000000898 ) ) ;
#120 = DIRECTION ( 'NONE',  ( 0.000000000000000000, 0.000000000000000000, 1.000000000000000000 ) ) ;
#121 = DIRECTION ( 'NONE',  ( 0.000000000000000000, -1.000000000000000000, 0.000000000000000000 ) ) ;
#122 = CIRCLE ( 'NONE', #7554, 5.499999999999998224 ) ;
#123 = CARTESIAN_POINT ( 'NONE',  ( 40.55599999999999739, 3.000000000000000000, -27.77799999999999869 ) ) ;
#124 = ORIENTED_EDGE ( 'NONE', *, *, #4265, .F. ) ;
#125 = CIRCLE ( 'NONE', #5117, 5.500000000000005329 ) ;
#126 = AXIS2_PLACEMENT_3D ( 'NONE', #703, #6733, #7447 ) ;
#127 = ORIENTED_EDGE ( 'NONE', *, *, #4159, .F. ) ;
#128 = CARTESIAN_POINT ( 'NONE',  ( 104.4459999999999980, 3.000000000000000000, -40.55599999999999739 ) ) ;
#129 = CIRCLE ( 'NONE', #5834, 5.499999999999991118 ) ;
#130 = CARTESIAN_POINT ( 'NONE',  ( 104.4459999999999980, 0.000000000000000000, -27.77799999999999869 ) ) ;
#131 = ORIENTED_EDGE ( 'NONE', *, *, #8331, .F. ) ;
#132 = LINE ( 'NONE', #4081, #5716 ) ;
#133 = AXIS2_PLACEMENT_3D ( 'NONE', #8456, #2338, #8545 ) ;
#135 = AXIS2_PLACEMENT_3D ( 'NONE', #5404, #7456, #1331 ) ;
#134 = FACE_OUTER_BOUND ( 'NONE', #2560, .T. ) ;
#136 = EDGE_CURVE ( 'NONE', #5658, #5100, #8775, .T. ) ;
#137 = CARTESIAN_POINT ( 'NONE',  ( 15.00000000000000000, 3.000000000000000000, -104.4459999999999980 ) ) ;
#138 = ORIENTED_EDGE ( 'NONE', *, *, #8062, .F. ) ;
#139 = AXIS2_PLACEMENT_3D ( 'NONE', #4926, #7655, #4131 ) ;
#140 = CARTESIAN_POINT ( 'NONE',  ( 66.11200000000000898, 3.000000000000000000, -40.55599999999999739 ) ) ;
#141 = CIRCLE ( 'NONE', #6136, 5.500000000000003553 ) ;
#142 = EDGE_CURVE ( 'NONE', #3064, #4315, #5565, .T. ) ;
#143 = CARTESIAN_POINT ( 'NONE',  ( 117.2239999999999895, 3.000000000000000000, -78.89000000000000057 ) ) ;
#144 = AXIS2_PLACEMENT_3D ( 'NONE', #804, #2060, #3536 ) ;
#145 = CIRCLE ( 'NONE', #6421, 5.499999999999998224 ) ;
#146 = DIRECTION ( 'NONE',  ( 0.000000000000000000, 1.000000000000000000, 0.000000000000000000 ) ) ;
#147 = DIRECTION ( 'NONE',  ( 0.000000000000000000, 0.000000000000000000, -1.000000000000000000 ) ) ;
#148 = ADVANCED_FACE ( 'NONE', ( #6227 ), #5379, .F. ) ;
#149 = DIRECTION ( 'NONE',  ( 0.000000000000000000, 0.000000000000000000, -1.000000000000000000 ) ) ;
#150 = ORIENTED_EDGE ( 'NONE', *, *, #3162, .T. ) ;
#151 = DIRECTION ( 'NONE',  ( 0.000000000000000000, -1.000000000000000000, 0.000000000000000000 ) ) ;
#152 = EDGE_CURVE ( 'NONE', #4758, #660, #4266, .T. ) ;
#153 = VECTOR ( 'NONE', #4162, 1000.000000000000000 ) ;
#154 = EDGE_CURVE ( 'NONE', #7225, #1627, #5769, .T. ) ;
#155 = DIRECTION ( 'NONE',  ( 0.000000000000000000, 1.000000000000000000, 0.000000000000000000 ) ) ;
#156 = DIRECTION ( 'NONE',  ( 0.000000000000000000, 1.000000000000000000, 0.000000000000000000 ) ) ;
#157 = DIRECTION ( 'NONE',  ( 0.000000000000000000, 0.000000000000000000, 1.000000000000000000 ) ) ;
#158 = EDGE_CURVE ( 'NONE', #7931, #2630, #5190, .T. ) ;
#159 = DIRECTION ( 'NONE',  ( 0.000000000000000000, 0.000000000000000000, -1.000000000000000000 ) ) ;
#160 = EDGE_LOOP ( 'NONE', ( #3784, #658 ) ) ;
#161 = ORIENTED_EDGE ( 'NONE', *, *, #8186, .F. ) ;
#162 = DIRECTION ( 'NONE',  ( 0.000000000000000000, -0.000000000000000000, 1.000000000000000000 ) ) ;
#163 = EDGE_LOOP ( 'NONE', ( #1739, #6829, #2064, #6722 ) ) ;
#164 = ORIENTED_EDGE ( 'NONE', *, *, #1790, .F. ) ;
#165 = CARTESIAN_POINT ( 'NONE',  ( 140.0000000000000000, 10.00000000000000000, -7.250000000000009770 ) ) ;
#166 = DIRECTION ( 'NONE',  ( 0.000000000000000000, 1.000000000000000000, 0.000000000000000000 ) ) ;
#167 = DIRECTION ( 'NONE',  ( 0.000000000000000000, -1.000000000000000000, 0.000000000000000000 ) ) ;
#168 = CARTESIAN_POINT ( 'NONE',  ( 15.00000000000000000, 0.000000000000000000, -135.5020000000000095 ) ) ;
#169 = ORIENTED_EDGE ( 'NONE', *, *, #8449, .F. ) ;
#170 = VERTEX_POINT ( 'NONE', #1529 ) ;
#171 = DIRECTION ( 'NONE',  ( 0.000000000000000000, 1.000000000000000000, 0.000000000000000000 ) ) ;
#172 = DIRECTION ( 'NONE',  ( 0.000000000000000000, -1.000000000000000000, 0.000000000000000000 ) ) ;
#173 = ORIENTED_EDGE ( 'NONE', *, *, #7894, .F. ) ;
#174 = DIRECTION ( 'NONE',  ( 0.000000000000000000, -0.000000000000000000, 1.000000000000000000 ) ) ;
#175 = AXIS2_PLACEMENT_3D ( 'NONE', #1591, #166, #1674 ) ;
#176 = FACE_OUTER_BOUND ( 'NONE', #2033, .T. ) ;
#177 = DIRECTION ( 'NONE',  ( 0.000000000000000000, -1.000000000000000000, 0.000000000000000000 ) ) ;
#178 = VERTEX_POINT ( 'NONE', #937 ) ;
#179 = CARTESIAN_POINT ( 'NONE',  ( 104.4459999999999980, 0.000000000000000000, -78.89000000000000057 ) ) ;
#180 = DIRECTION ( 'NONE',  ( 0.000000000000000000, 1.000000000000000000, 0.000000000000000000 ) ) ;
#181 = CARTESIAN_POINT ( 'NONE',  ( 66.11200000000000898, 3.000000000000000000, -73.39000000000000057 ) ) ;
#182 = CARTESIAN_POINT ( 'NONE',  ( 140.0000000000000000, 4.000000000000000000, -5.000000000000000000 ) ) ;
#183 = ADVANCED_FACE ( 'NONE', ( #2376 ), #3675, .F. ) ;
#184 = CARTESIAN_POINT ( 'NONE',  ( 5.000000000000000000, 10.00000000000000000, -140.0000000000000000 ) ) ;
#185 = ORIENTED_EDGE ( 'NONE', *, *, #5879, .F. ) ;
#186 = DIRECTION ( 'NONE',  ( 0.000000000000000000, 1.000000000000000000, 0.000000000000000000 ) ) ;
#187 = VECTOR ( 'NONE', #7658, 1000.000000000000000 ) ;
#188 = AXIS2_PLACEMENT_3D ( 'NONE', #7266, #1860, #7443 ) ;
#189 = EDGE_CURVE ( 'NONE', #3561, #7966, #1654, .T. ) ;
#190 = DIRECTION ( 'NONE',  ( 0.000000000000000000, 0.000000000000000000, 1.000000000000000000 ) ) ;
#191 = DIRECTION ( 'NONE',  ( 0.000000000000000000, -1.000000000000000000, 0.000000000000000000 ) ) ;
#192 = CIRCLE ( 'NONE', #5898, 5.499999999999998224 ) ;
#193 = DIRECTION ( 'NONE',  ( 0.000000000000000000, 0.000000000000000000, -1.000000000000000000 ) ) ;
#194 = ADVANCED_FACE ( 'NONE', ( #4971 ), #6395, .F. ) ;
#195 = DIRECTION ( 'NONE',  ( 0.000000000000000000, 0.000000000000000000, 1.000000000000000000 ) ) ;
#196 = CIRCLE ( 'NONE', #1490, 5.500000000000005329 ) ;
#197 = ORIENTED_EDGE ( 'NONE', *, *, #3369, .F. ) ;
#198 = ORIENTED_EDGE ( 'NONE', *, *, #8662, .T. ) ;
#199 = EDGE_LOOP ( 'NONE', ( #393, #6236, #4461, #1928 ) ) ;
#200 = CARTESIAN_POINT ( 'NONE',  ( 91.66800000000000637, 3.000000000000000000, -135.5020000000000095 ) ) ;
#201 = VERTEX_POINT ( 'NONE', #5685 ) ;
#202 = EDGE_CURVE ( 'NONE', #6059, #931, #2198, .T. ) ;
#203 = CIRCLE ( 'NONE', #3780, 5.500000000000005329 ) ;
#204 = VERTEX_POINT ( 'NONE', #3594 ) ;
#205 = CYLINDRICAL_SURFACE ( 'NONE', #8236, 5.500000000000005329 ) ;
#206 = FACE_OUTER_BOUND ( 'NONE', #199, .T. ) ;
#207 = DIRECTION ( 'NONE',  ( 0.000000000000000000, 1.000000000000000000, 0.000000000000000000 ) ) ;
#208 = EDGE_CURVE ( 'NONE', #4111, #6937, #8609, .T. ) ;
#209 = EDGE_CURVE ( 'NONE', #5989, #1378, #5016, .T. ) ;
#210 = DIRECTION ( 'NONE',  ( 0.000000000000000000, 0.000000000000000000, 1.000000000000000000 ) ) ;
#211 = VERTEX_POINT ( 'NONE', #2203 ) ;
#212 = VECTOR ( 'NONE', #5125, 1000.000000000000000 ) ;
#213 = VERTEX_POINT ( 'NONE', #7026 ) ;
#214 = CARTESIAN_POINT ( 'NONE',  ( 27.77799999999999869, 3.000000000000000000, -15.00000000000000000 ) ) ;
#215 = EDGE_CURVE ( 'NONE', #5636, #1267, #2332, .T. ) ;
#216 = DIRECTION ( 'NONE',  ( 0.000000000000000000, 0.000000000000000000, -1.000000000000000000 ) ) ;
#217 = AXIS2_PLACEMENT_3D ( 'NONE', #6652, #8578, #3757 ) ;
#218 = ORIENTED_EDGE ( 'NONE', *, *, #5550, .T. ) ;
#219 = DIRECTION ( 'NONE',  ( 0.000000000000000000, -1.000000000000000000, 0.000000000000000000 ) ) ;
#220 = AXIS2_PLACEMENT_3D ( 'NONE', #7976, #2343, #2519 ) ;
#221 = LINE ( 'NONE', #2955, #679 ) ;
#222 = FACE_OUTER_BOUND ( 'NONE', #75, .T. ) ;
#223 = EDGE_LOOP ( 'NONE', ( #3291, #4519, #1268, #1672 ) ) ;
#224 = DIRECTION ( 'NONE',  ( 0.000000000000000000, -1.000000000000000000, 0.000000000000000000 ) ) ;
#225 = DIRECTION ( 'NONE',  ( 0.000000000000000000, 0.000000000000000000, -1.000000000000000000 ) ) ;
#226 = DIRECTION ( 'NONE',  ( 0.000000000000000000, 1.000000000000000000, 0.000000000000000000 ) ) ;
#227 = DIRECTION ( 'NONE',  ( 0.000000000000000000, -1.000000000000000000, 0.000000000000000000 ) ) ;
#228 = EDGE_LOOP ( 'NONE', ( #2216, #5419, #2659, #3067 ) ) ;
#229 = FACE_OUTER_BOUND ( 'NONE', #4611, .T. ) ;
#230 = DIRECTION ( 'NONE',  ( 0.000000000000000000, -1.000000000000000000, 0.000000000000000000 ) ) ;
#231 = CIRCLE ( 'NONE', #5236, 5.500000000000005329 ) ;
#232 = DIRECTION ( 'NONE',  ( 0.000000000000000000, -1.000000000000000000, 0.000000000000000000 ) ) ;
#233 = CARTESIAN_POINT ( 'NONE',  ( 5.000000000000000000, 4.000000000000000000, -140.0000000000000000 ) ) ;
#234 = DIRECTION ( 'NONE',  ( 0.000000000000000000, -1.000000000000000000, 0.000000000000000000 ) ) ;
#235 = DIRECTION ( 'NONE',  ( 0.000000000000000000, -1.000000000000000000, 0.000000000000000000 ) ) ;
#236 = VERTEX_POINT ( 'NONE', #4931 ) ;
#237 = ORIENTED_EDGE ( 'NONE', *, *, #1612, .T. ) ;
#238 = EDGE_CURVE ( 'NONE', #5248, #5011, #1909, .T. ) ;
#239 = DIRECTION ( 'NONE',  ( 0.000000000000000000, 0.000000000000000000, -1.000000000000000000 ) ) ;
#240 = CIRCLE ( 'NONE', #7808, 5.500000000000005329 ) ;
#241 = ORIENTED_EDGE ( 'NONE', *, *, #1572, .F. ) ;
#242 = ORIENTED_EDGE ( 'NONE', *, *, #38, .T. ) ;
#243 = ADVANCED_FACE ( 'NONE', ( #5058 ), #1704, .F. ) ;
#244 = ORIENTED_EDGE ( 'NONE', *, *, #5720, .T. ) ;
#245 = CARTESIAN_POINT ( 'NONE',  ( 27.77799999999999869, 3.000000000000000000, -122.7240000000000038 ) ) ;
#246 = LINE ( 'NONE', #957, #6740 ) ;
#247 = FACE_OUTER_BOUND ( 'NONE', #6426, .T. ) ;
#248 = LINE ( 'NONE', #2312, #4484 ) ;
#249 = ORIENTED_EDGE ( 'NONE', *, *, #3162, .F. ) ;
#250 = EDGE_CURVE ( 'NONE', #284, #1650, #4710, .T. ) ;
#251 = ORIENTED_EDGE ( 'NONE', *, *, #7833, .F. ) ;
#252 = DIRECTION ( 'NONE',  ( 0.000000000000000000, 1.000000000000000000, 0.000000000000000000 ) ) ;
#253 = CIRCLE ( 'NONE', #8676, 5.500000000000005329 ) ;
#254 = EDGE_CURVE ( 'NONE', #2922, #8021, #3192, .T. ) ;
#255 = LINE ( 'NONE', #2994, #2269 ) ;
#256 = EDGE_CURVE ( 'NONE', #440, #1817, #2476, .T. ) ;
#257 = EDGE_LOOP ( 'NONE', ( #7292, #3913 ) ) ;
#258 = VECTOR ( 'NONE', #4487, 1000.000000000000000 ) ;
#259 = CARTESIAN_POINT ( 'NONE',  ( 66.11200000000000898, 3.000000000000000000, -46.05599999999999739 ) ) ;
#260 = CARTESIAN_POINT ( 'NONE',  ( 15.00000000000000000, 0.000000000000000000, -122.7240000000000038 ) ) ;
#261 = AXIS2_PLACEMENT_3D ( 'NONE', #8181, #5409, #5499 ) ;
#262 = EDGE_CURVE ( 'NONE', #2314, #2359, #3725, .T. ) ;
#263 = DIRECTION ( 'NONE',  ( 0.000000000000000000, -1.000000000000000000, 0.000000000000000000 ) ) ;
#264 = CIRCLE ( 'NONE', #2133, 5.499999999999998224 ) ;
#265 = ORIENTED_EDGE ( 'NONE', *, *, #6488, .F. ) ;
#266 = PLANE ( 'NONE',  #688 ) ;
#267 = CIRCLE ( 'NONE', #8121, 5.500000000000005329 ) ;
#268 = AXIS2_PLACEMENT_3D ( 'NONE', #27, #1283, #5444 ) ;
#269 = ORIENTED_EDGE ( 'NONE', *, *, #6008, .T. ) ;
#270 = CARTESIAN_POINT ( 'NONE',  ( 53.33399999999999608, 3.000000000000000000, -124.5019999999999953 ) ) ;
#271 = CIRCLE ( 'NONE', #6127, 2.250000000000009326 ) ;
#272 = CARTESIAN_POINT ( 'NONE',  ( 117.2239999999999895, 3.000000000000000000, -33.27799999999999869 ) ) ;
#273 = CIRCLE ( 'NONE', #1423, 5.499999999999998224 ) ;
#274 = DIRECTION ( 'NONE',  ( 0.000000000000000000, 0.000000000000000000, -1.000000000000000000 ) ) ;
#275 = EDGE_LOOP ( 'NONE', ( #6367, #4357, #2723, #4161 ) ) ;
#276 = DIRECTION ( 'NONE',  ( 0.000000000000000000, 0.000000000000000000, 1.000000000000000000 ) ) ;
#277 = FACE_OUTER_BOUND ( 'NONE', #4490, .T. ) ;
#278 = AXIS2_PLACEMENT_3D ( 'NONE', #3008, #3809, #7698 ) ;
#279 = AXIS2_PLACEMENT_3D ( 'NONE', #6746, #6929, #1380 ) ;
#280 = CARTESIAN_POINT ( 'NONE',  ( 91.66800000000000637, 3.000000000000000000, -91.66800000000000637 ) ) ;
#281 = CARTESIAN_POINT ( 'NONE',  ( 53.33399999999999608, 3.000000000000000000, -40.55599999999999739 ) ) ;
#282 = DIRECTION ( 'NONE',  ( 0.000000000000000000, 0.000000000000000000, -1.000000000000000000 ) ) ;
#283 = ORIENTED_EDGE ( 'NONE', *, *, #2188, .T. ) ;
#284 = VERTEX_POINT ( 'NONE', #3053 ) ;
#285 = VECTOR ( 'NONE', #5086, 1000.000000000000000 ) ;
#286 = CYLINDRICAL_SURFACE ( 'NONE', #3409, 5.500000000000005329 ) ;
#287 = ORIENTED_EDGE ( 'NONE', *, *, #5291, .T. ) ;
#288 = VERTEX_POINT ( 'NONE', #5857 ) ;
#289 = ORIENTED_EDGE ( 'NONE', *, *, #3739, .F. ) ;
#290 = DIRECTION ( 'NONE',  ( 0.000000000000000000, 0.000000000000000000, 1.000000000000000000 ) ) ;
#291 = ADVANCED_FACE ( 'NONE', ( #8584 ), #5994, .F. ) ;
#292 = CARTESIAN_POINT ( 'NONE',  ( 104.4459999999999980, 0.000000000000000000, -104.4459999999999980 ) ) ;
#293 = CARTESIAN_POINT ( 'NONE',  ( 40.55599999999999739, 0.000000000000000000, -86.16799999999999216 ) ) ;
#294 = CARTESIAN_POINT ( 'NONE',  ( 53.33399999999999608, 0.000000000000000000, -27.77799999999999869 ) ) ;
#295 = ORIENTED_EDGE ( 'NONE', *, *, #7301, .T. ) ;
#296 = EDGE_CURVE ( 'NONE', #5167, #3668, #2556, .T. ) ;
#297 = ORIENTED_EDGE ( 'NONE', *, *, #4366, .F. ) ;
#298 = DIRECTION ( 'NONE',  ( 0.000000000000000000, 0.000000000000000000, -1.000000000000000000 ) ) ;
#299 = ORIENTED_EDGE ( 'NONE', *, *, #7908, .F. ) ;
#300 = LINE ( 'NONE', #3035, #7261 ) ;
#301 = ORIENTED_EDGE ( 'NONE', *, *, #2562, .F. ) ;
#302 = DIRECTION ( 'NONE',  ( 0.000000000000000000, 0.000000000000000000, 1.000000000000000000 ) ) ;
#303 = ADVANCED_FACE ( 'NONE', ( #7963 ), #3768, .F. ) ;
#304 = DIRECTION ( 'NONE',  ( 0.000000000000000000, 1.000000000000000000, 0.000000000000000000 ) ) ;
#305 = EDGE_CURVE ( 'NONE', #3969, #757, #771, .T. ) ;
#306 = CARTESIAN_POINT ( 'NONE',  ( 91.66800000000000637, 0.000000000000000000, -117.2239999999999895 ) ) ;
#307 = EDGE_LOOP ( 'NONE', ( #7488, #5878 ) ) ;
#308 = LINE ( 'NONE', #892, #1656 ) ;
#309 = AXIS2_PLACEMENT_3D ( 'NONE', #2811, #4729, #709 ) ;
#310 = ORIENTED_EDGE ( 'NONE', *, *, #1301, .F. ) ;
#311 = DIRECTION ( 'NONE',  ( 0.000000000000000000, 0.000000000000000000, 1.000000000000000000 ) ) ;
#312 = ADVANCED_FACE ( 'NONE', ( #7157 ), #1927, .F. ) ;
#313 = DIRECTION ( 'NONE',  ( 0.000000000000000000, 0.000000000000000000, 1.000000000000000000 ) ) ;
#314 = EDGE_CURVE ( 'NONE', #6174, #8579, #8720, .T. ) ;
#315 = AXIS2_PLACEMENT_3D ( 'NONE', #6775, #7534, #108 ) ;
#316 = DIRECTION ( 'NONE',  ( 0.000000000000000000, -1.000000000000000000, 0.000000000000000000 ) ) ;
#317 = VERTEX_POINT ( 'NONE', #8539 ) ;
#318 = CARTESIAN_POINT ( 'NONE',  ( 15.00000000000000000, 0.000000000000000000, -22.27799999999999869 ) ) ;
#319 = CARTESIAN_POINT ( 'NONE',  ( 78.89000000000000057, 0.000000000000000000, -109.9459999999999980 ) ) ;
#320 = ADVANCED_FACE ( 'NONE', ( #3859 ), #4518, .F. ) ;
#321 = AXIS2_PLACEMENT_3D ( 'NONE', #2432, #8017, #3953 ) ;
#322 = CARTESIAN_POINT ( 'NONE',  ( 66.11200000000000898, 3.000000000000000000, -84.39000000000000057 ) ) ;
#323 = DIRECTION ( 'NONE',  ( 0.000000000000000000, 0.000000000000000000, 1.000000000000000000 ) ) ;
#324 = CARTESIAN_POINT ( 'NONE',  ( 91.66800000000000637, 0.000000000000000000, -86.16799999999999216 ) ) ;
#325 = DIRECTION ( 'NONE',  ( 0.000000000000000000, 1.000000000000000000, 0.000000000000000000 ) ) ;
#326 = CIRCLE ( 'NONE', #6463, 2.250000000000009326 ) ;
#327 = ORIENTED_EDGE ( 'NONE', *, *, #5507, .F. ) ;
#328 = VERTEX_POINT ( 'NONE', #6574 ) ;
#329 = DIRECTION ( 'NONE',  ( 0.000000000000000000, 0.000000000000000000, 1.000000000000000000 ) ) ;
#330 = ORIENTED_EDGE ( 'NONE', *, *, #8496, .F. ) ;
#331 = CIRCLE ( 'NONE', #3771, 5.499999999999998224 ) ;
#332 = ORIENTED_EDGE ( 'NONE', *, *, #1993, .T. ) ;
#333 = CARTESIAN_POINT ( 'NONE',  ( 40.55599999999999739, 3.000000000000000000, -117.2239999999999895 ) ) ;
#334 = CIRCLE ( 'NONE', #4764, 5.500000000000005329 ) ;
#335 = DIRECTION ( 'NONE',  ( 0.000000000000000000, 1.000000000000000000, 0.000000000000000000 ) ) ;
#336 = CARTESIAN_POINT ( 'NONE',  ( 66.11200000000000898, 0.000000000000000000, -104.4459999999999980 ) ) ;
#337 = LINE ( 'NONE', #3204, #7648 ) ;
#338 = ORIENTED_EDGE ( 'NONE', *, *, #7513, .T. ) ;
#339 = ORIENTED_EDGE ( 'NONE', *, *, #8146, .F. ) ;
#340 = CARTESIAN_POINT ( 'NONE',  ( 15.00000000000000000, 3.000000000000000000, -104.4459999999999980 ) ) ;
#341 = VECTOR ( 'NONE', #5294, 1000.000000000000000 ) ;
#342 = EDGE_LOOP ( 'NONE', ( #169, #737, #7140, #2952 ) ) ;
#343 = CARTESIAN_POINT ( 'NONE',  ( 130.0020000000000095, 3.000000000000000000, -124.5019999999999811 ) ) ;
#344 = ORIENTED_EDGE ( 'NONE', *, *, #8719, .T. ) ;
#345 = DIRECTION ( 'NONE',  ( 0.000000000000000000, 1.000000000000000000, 0.000000000000000000 ) ) ;
#346 = DIRECTION ( 'NONE',  ( 0.000000000000000000, 0.000000000000000000, -1.000000000000000000 ) ) ;
#348 = CIRCLE ( 'NONE', #7059, 5.500000000000005329 ) ;
#347 = FACE_BOUND ( 'NONE', #7263, .T. ) ;
#349 = LINE ( 'NONE', #2636, #2166 ) ;
#350 = VERTEX_POINT ( 'NONE', #3901 ) ;
#351 = EDGE_CURVE ( 'NONE', #73, #8598, #5192, .T. ) ;
#352 = DIRECTION ( 'NONE',  ( 0.000000000000000000, 0.000000000000000000, 1.000000000000000000 ) ) ;
#353 = AXIS2_PLACEMENT_3D ( 'NONE', #6101, #4106, #67 ) ;
#354 = ORIENTED_EDGE ( 'NONE', *, *, #3144, .F. ) ;
#355 = CARTESIAN_POINT ( 'NONE',  ( 40.55599999999999739, 0.000000000000000000, -47.83400000000000318 ) ) ;
#356 = EDGE_CURVE ( 'NONE', #7667, #3691, #331, .T. ) ;
#357 = DIRECTION ( 'NONE',  ( 0.000000000000000000, 1.000000000000000000, 0.000000000000000000 ) ) ;
#358 = AXIS2_PLACEMENT_3D ( 'NONE', #871, #7036, #907 ) ;
#359 = CARTESIAN_POINT ( 'NONE',  ( 130.0020000000000095, 3.000000000000000000, -91.66800000000000637 ) ) ;
#360 = ORIENTED_EDGE ( 'NONE', *, *, #7945, .F. ) ;
#361 = EDGE_CURVE ( 'NONE', #2145, #7343, #1616, .T. ) ;
#362 = CARTESIAN_POINT ( 'NONE',  ( 130.0020000000000095, 3.000000000000000000, -15.00000000000000000 ) ) ;
#363 = CYLINDRICAL_SURFACE ( 'NONE', #133, 5.500000000000005329 ) ;
#364 = EDGE_CURVE ( 'NONE', #8462, #4912, #2511, .T. ) ;
#365 = DIRECTION ( 'NONE',  ( 0.000000000000000000, 0.000000000000000000, -1.000000000000000000 ) ) ;
#366 = DIRECTION ( 'NONE',  ( 0.000000000000000000, 1.000000000000000000, 0.000000000000000000 ) ) ;
#367 = DIRECTION ( 'NONE',  ( 0.000000000000000000, 0.000000000000000000, -1.000000000000000000 ) ) ;
#368 = CARTESIAN_POINT ( 'NONE',  ( 78.89000000000000057, 0.000000000000000000, -66.11200000000000898 ) ) ;
#369 = ORIENTED_EDGE ( 'NONE', *, *, #7899, .F. ) ;
#370 = ORIENTED_EDGE ( 'NONE', *, *, #7199, .T. ) ;
#371 = EDGE_CURVE ( 'NONE', #4214, #8692, #7481, .T. ) ;
#372 = LINE ( 'NONE', #3107, #5259 ) ;
#373 = AXIS2_PLACEMENT_3D ( 'NONE', #5704, #879, #8386 ) ;
#374 = ORIENTED_EDGE ( 'NONE', *, *, #511, .T. ) ;
#375 = EDGE_LOOP ( 'NONE', ( #4812, #2313, #5686, #769 ) ) ;
#376 = CARTESIAN_POINT ( 'NONE',  ( 53.33399999999999608, 3.000000000000000000, -86.16799999999999216 ) ) ;
#377 = PLANE ( 'NONE',  #7881 ) ;
#378 = DIRECTION ( 'NONE',  ( 0.000000000000000000, -1.000000000000000000, 0.000000000000000000 ) ) ;
#379 = LINE ( 'NONE', #3834, #3361 ) ;
#380 = CIRCLE ( 'NONE', #523, 5.500000000000005329 ) ;
#381 = EDGE_LOOP ( 'NONE', ( #3737, #899 ) ) ;
#382 = EDGE_LOOP ( 'NONE', ( #6422, #3686 ) ) ;
#383 = CARTESIAN_POINT ( 'NONE',  ( 40.55599999999999739, 3.000000000000000000, -66.11200000000000898 ) ) ;
#384 = EDGE_LOOP ( 'NONE', ( #6509, #3736, #475, #2512 ) ) ;
#385 = CARTESIAN_POINT ( 'NONE',  ( 78.89000000000000057, 3.000000000000000000, -15.00000000000000000 ) ) ;
#386 = CIRCLE ( 'NONE', #1669, 5.500000000000005329 ) ;
#387 = ORIENTED_EDGE ( 'NONE', *, *, #5132, .T. ) ;
#388 = DIRECTION ( 'NONE',  ( 0.000000000000000000, 1.000000000000000000, 0.000000000000000000 ) ) ;
#389 = CARTESIAN_POINT ( 'NONE',  ( 117.2239999999999895, 3.000000000000000000, -66.11200000000000898 ) ) ;
#390 = FACE_BOUND ( 'NONE', #3617, .T. ) ;
#391 = CIRCLE ( 'NONE', #8537, 2.250000000000001776 ) ;
#392 = CARTESIAN_POINT ( 'NONE',  ( 140.0000000000000000, 0.000000000000000000, -8.999999999999992895 ) ) ;
#393 = ORIENTED_EDGE ( 'NONE', *, *, #2236, .F. ) ;
#394 = DIRECTION ( 'NONE',  ( 0.000000000000000000, 0.000000000000000000, 1.000000000000000000 ) ) ;
#395 = CARTESIAN_POINT ( 'NONE',  ( 15.00000000000000000, 3.000000000000000000, -84.38999999999998636 ) ) ;
#396 = ORIENTED_EDGE ( 'NONE', *, *, #1075, .F. ) ;
#397 = CARTESIAN_POINT ( 'NONE',  ( 53.33399999999999608, 0.000000000000000000, -86.16799999999999216 ) ) ;
#398 = CIRCLE ( 'NONE', #5405, 5.500000000000005329 ) ;
#399 = EDGE_CURVE ( 'NONE', #7389, #2623, #192, .T. ) ;
#400 = CIRCLE ( 'NONE', #8403, 5.500000000000005329 ) ;
#401 = CYLINDRICAL_SURFACE ( 'NONE', #2051, 5.500000000000005329 ) ;
#402 = VERTEX_POINT ( 'NONE', #3948 ) ;
#403 = EDGE_CURVE ( 'NONE', #7271, #1222, #4477, .T. ) ;
#404 = VECTOR ( 'NONE', #8038, 1000.000000000000000 ) ;
#405 = CARTESIAN_POINT ( 'NONE',  ( 27.77799999999999869, 3.000000000000000000, -60.61200000000000898 ) ) ;
#406 = AXIS2_PLACEMENT_3D ( 'NONE', #6850, #1438, #3366 ) ;
#407 = FACE_OUTER_BOUND ( 'NONE', #4500, .T. ) ;
#408 = CARTESIAN_POINT ( 'NONE',  ( 117.2239999999999895, 0.000000000000000000, -130.0020000000000095 ) ) ;
#409 = EDGE_CURVE ( 'NONE', #471, #7809, #8336, .T. ) ;
#410 = AXIS2_PLACEMENT_3D ( 'NONE', #4704, #2604, #7430 ) ;
#411 = DIRECTION ( 'NONE',  ( -0.000000000000000000, -1.000000000000000000, -0.000000000000000000 ) ) ;
#412 = CARTESIAN_POINT ( 'NONE',  ( 78.89000000000000057, 0.000000000000000000, -124.5019999999999953 ) ) ;
#413 = EDGE_LOOP ( 'NONE', ( #1295, #3870, #1413, #924 ) ) ;
#414 = ORIENTED_EDGE ( 'NONE', *, *, #361, .F. ) ;
#415 = EDGE_CURVE ( 'NONE', #5598, #933, #537, .T. ) ;
#416 = ADVANCED_FACE ( 'NONE', ( #5285 ), #401, .F. ) ;
#417 = DIRECTION ( 'NONE',  ( 0.000000000000000000, 0.000000000000000000, 1.000000000000000000 ) ) ;
#418 = VECTOR ( 'NONE', #3139, 1000.000000000000000 ) ;
#419 = CIRCLE ( 'NONE', #2287, 5.500000000000003553 ) ;
#420 = ORIENTED_EDGE ( 'NONE', *, *, #7348, .T. ) ;
#421 = ORIENTED_EDGE ( 'NONE', *, *, #7076, .F. ) ;
#422 = CYLINDRICAL_SURFACE ( 'NONE', #6948, 5.500000000000018652 ) ;
#423 = ADVANCED_FACE ( 'NONE', ( #3501 ), #8809, .F. ) ;
#424 = CYLINDRICAL_SURFACE ( 'NONE', #1896, 5.500000000000005329 ) ;
#425 = CARTESIAN_POINT ( 'NONE',  ( 27.77799999999999869, 0.000000000000000000, -78.89000000000000057 ) ) ;
#426 = VECTOR ( 'NONE', #8229, 1000.000000000000000 ) ;
#427 = DIRECTION ( 'NONE',  ( 0.000000000000000000, -1.000000000000000000, 0.000000000000000000 ) ) ;
#428 = ORIENTED_EDGE ( 'NONE', *, *, #7914, .T. ) ;
#429 = ADVANCED_FACE ( 'NONE', ( #4039 ), #4788, .F. ) ;
#430 = ORIENTED_EDGE ( 'NONE', *, *, #6115, .T. ) ;
#431 = DIRECTION ( 'NONE',  ( 0.000000000000000000, 1.000000000000000000, 0.000000000000000000 ) ) ;
#432 = EDGE_LOOP ( 'NONE', ( #4618, #3804 ) ) ;
#433 = DIRECTION ( 'NONE',  ( 0.000000000000000000, 0.000000000000000000, 1.000000000000000000 ) ) ;
#434 = AXIS2_PLACEMENT_3D ( 'NONE', #7721, #917, #5785 ) ;
#435 = ORIENTED_EDGE ( 'NONE', *, *, #2277, .F. ) ;
#436 = DIRECTION ( 'NONE',  ( 0.000000000000000000, 0.000000000000000000, -1.000000000000000000 ) ) ;
#437 = DIRECTION ( 'NONE',  ( 0.000000000000000000, 0.000000000000000000, 1.000000000000000000 ) ) ;
#438 = FACE_BOUND ( 'NONE', #3241, .T. ) ;
#439 = FACE_OUTER_BOUND ( 'NONE', #2883, .T. ) ;
#440 = VERTEX_POINT ( 'NONE', #1254 ) ;
#441 = DIRECTION ( 'NONE',  ( 0.000000000000000000, 1.000000000000000000, 0.000000000000000000 ) ) ;
#442 = CARTESIAN_POINT ( 'NONE',  ( 5.000000000000000000, 4.000000000000000000, -5.000000000000000000 ) ) ;
#443 = ORIENTED_EDGE ( 'NONE', *, *, #2023, .F. ) ;
#444 = CARTESIAN_POINT ( 'NONE',  ( 130.0020000000000095, 0.000000000000000000, -58.83400000000001739 ) ) ;
#445 = DIRECTION ( 'NONE',  ( 0.000000000000000000, 1.000000000000000000, 0.000000000000000000 ) ) ;
#446 = VERTEX_POINT ( 'NONE', #3408 ) ;
#447 = CARTESIAN_POINT ( 'NONE',  ( 5.000000000000000000, 4.000000000000000000, -144.0000000000000284 ) ) ;
#448 = VERTEX_POINT ( 'NONE', #6035 ) ;
#449 = DIRECTION ( 'NONE',  ( 0.000000000000000000, 1.000000000000000000, 0.000000000000000000 ) ) ;
#450 = CYLINDRICAL_SURFACE ( 'NONE', #7955, 5.499999999999998224 ) ;
#451 = EDGE_CURVE ( 'NONE', #6600, #1614, #5631, .T. ) ;
#452 = VECTOR ( 'NONE', #6331, 1000.000000000000000 ) ;
#453 = DIRECTION ( 'NONE',  ( 0.000000000000000000, 1.000000000000000000, 0.000000000000000000 ) ) ;
#454 = DIRECTION ( 'NONE',  ( 0.000000000000000000, 1.000000000000000000, 0.000000000000000000 ) ) ;
#455 = PERSON_AND_ORGANIZATION ( #609, #1786 ) ;
#456 = ORIENTED_EDGE ( 'NONE', *, *, #554, .F. ) ;
#457 = EDGE_LOOP ( 'NONE', ( #7269, #478 ) ) ;
#458 = CARTESIAN_POINT ( 'NONE',  ( 53.33399999999999608, 3.000000000000000000, -84.38999999999998636 ) ) ;
#459 = CC_DESIGN_PERSON_AND_ORGANIZATION_ASSIGNMENT ( #8020, #2609, ( #2938 ) ) ;
#460 = ADVANCED_FACE ( 'NONE', ( #6078 ), #8148, .F. ) ;
#461 = VECTOR ( 'NONE', #1317, 1000.000000000000000 ) ;
#462 = ORIENTED_EDGE ( 'NONE', *, *, #1835, .T. ) ;
#463 = ORIENTED_EDGE ( 'NONE', *, *, #6979, .F. ) ;
#464 = CARTESIAN_POINT ( 'NONE',  ( 27.77799999999999869, 0.000000000000000000, -117.2239999999999895 ) ) ;
#465 = EDGE_CURVE ( 'NONE', #3603, #1382, #5046, .T. ) ;
#466 = CARTESIAN_POINT ( 'NONE',  ( 27.77799999999999869, 3.000000000000000000, -71.61200000000000898 ) ) ;
#467 = CARTESIAN_POINT ( 'NONE',  ( 130.0020000000000095, 0.000000000000000000, -66.11200000000000898 ) ) ;
#468 = DIRECTION ( 'NONE',  ( 0.000000000000000000, -1.000000000000000000, 0.000000000000000000 ) ) ;
#469 = CIRCLE ( 'NONE', #6610, 5.499999999999991118 ) ;
#470 = ORIENTED_EDGE ( 'NONE', *, *, #6471, .T. ) ;
#471 = VERTEX_POINT ( 'NONE', #3996 ) ;
#472 = EDGE_CURVE ( 'NONE', #8050, #6496, #2771, .T. ) ;
#473 = DIRECTION ( 'NONE',  ( 0.000000000000000000, -1.000000000000000000, 0.000000000000000000 ) ) ;
#474 = VECTOR ( 'NONE', #6526, 1000.000000000000000 ) ;
#475 = ORIENTED_EDGE ( 'NONE', *, *, #8302, .T. ) ;
#476 = CARTESIAN_POINT ( 'NONE',  ( 104.4459999999999980, 3.000000000000000000, -91.66800000000000637 ) ) ;
#477 = AXIS2_PLACEMENT_3D ( 'NONE', #1277, #8786, #2664 ) ;
#478 = ORIENTED_EDGE ( 'NONE', *, *, #6100, .F. ) ;
#479 = LINE ( 'NONE', #3215, #5579 ) ;
#480 = ADVANCED_FACE ( 'NONE', ( #2784 ), #3316, .F. ) ;
#481 = CARTESIAN_POINT ( 'NONE',  ( 117.2239999999999895, 0.000000000000000000, -46.05599999999999739 ) ) ;
#482 = FACE_BOUND ( 'NONE', #6883, .T. ) ;
#483 = AXIS2_PLACEMENT_3D ( 'NONE', #6494, #7123, #367 ) ;
#484 = CARTESIAN_POINT ( 'NONE',  ( 40.55599999999999739, 3.000000000000000000, -71.61200000000000898 ) ) ;
#485 = ORIENTED_EDGE ( 'NONE', *, *, #5507, .T. ) ;
#486 = ADVANCED_FACE ( 'NONE', ( #8762 ), #2739, .F. ) ;
#487 = CARTESIAN_POINT ( 'NONE',  ( 27.77799999999999869, 0.000000000000000000, -40.55599999999999739 ) ) ;
#488 = DIRECTION ( 'NONE',  ( 0.000000000000000000, 0.000000000000000000, -1.000000000000000000 ) ) ;
#489 = ORIENTED_EDGE ( 'NONE', *, *, #8662, .F. ) ;
#490 = CARTESIAN_POINT ( 'NONE',  ( 40.55599999999999739, 3.000000000000000000, -135.5020000000000095 ) ) ;
#491 = CIRCLE ( 'NONE', #3929, 5.500000000000005329 ) ;
#492 = AXIS2_PLACEMENT_3D ( 'NONE', #1478, #8320, #7607 ) ;
#493 = CARTESIAN_POINT ( 'NONE',  ( 91.66800000000000637, 0.000000000000000000, -66.11200000000000898 ) ) ;
#494 = EDGE_LOOP ( 'NONE', ( #8392, #4258, #61, #463 ) ) ;
#495 = FACE_OUTER_BOUND ( 'NONE', #6769, .T. ) ;
#496 = AXIS2_PLACEMENT_3D ( 'NONE', #3339, #5390, #5347 ) ;
#497 = ORIENTED_EDGE ( 'NONE', *, *, #3810, .F. ) ;
#498 = CARTESIAN_POINT ( 'NONE',  ( 15.00000000000000000, 3.000000000000000000, -122.7240000000000038 ) ) ;
#499 = FACE_OUTER_BOUND ( 'NONE', #3122, .T. ) ;
#500 = VECTOR ( 'NONE', #1849, 1000.000000000000000 ) ;
#501 = DIRECTION ( 'NONE',  ( 0.000000000000000000, -1.000000000000000000, 0.000000000000000000 ) ) ;
#502 = CARTESIAN_POINT ( 'NONE',  ( 53.33399999999999608, 0.000000000000000000, -73.39000000000001478 ) ) ;
#503 = ORIENTED_EDGE ( 'NONE', *, *, #1779, .F. ) ;
#504 = ORIENTED_EDGE ( 'NONE', *, *, #971, .F. ) ;
#505 = CARTESIAN_POINT ( 'NONE',  ( 15.00000000000000000, 0.000000000000000000, -60.61200000000000898 ) ) ;
#506 = ORIENTED_EDGE ( 'NONE', *, *, #7960, .T. ) ;
#507 = ORIENTED_EDGE ( 'NONE', *, *, #2884, .F. ) ;
#508 = PLANE ( 'NONE',  #514 ) ;
#509 = DIRECTION ( 'NONE',  ( 0.000000000000000000, -0.000000000000000000, 1.000000000000000000 ) ) ;
#510 = DIRECTION ( 'NONE',  ( 0.000000000000000000, 0.000000000000000000, 1.000000000000000000 ) ) ;
#511 = EDGE_CURVE ( 'NONE', #5193, #1222, #1486, .T. ) ;
#512 = DIRECTION ( 'NONE',  ( 0.000000000000000000, 1.000000000000000000, 0.000000000000000000 ) ) ;
#513 = ORIENTED_EDGE ( 'NONE', *, *, #4105, .F. ) ;
#514 = AXIS2_PLACEMENT_3D ( 'NONE', #8601, #4491, #8693 ) ;
#515 = VERTEX_POINT ( 'NONE', #6752 ) ;
#516 = EDGE_CURVE ( 'NONE', #5025, #3618, #629, .T. ) ;
#517 = CARTESIAN_POINT ( 'NONE',  ( 40.55599999999999739, 3.000000000000000000, -20.49999999999999645 ) ) ;
#518 = ORIENTED_EDGE ( 'NONE', *, *, #6992, .F. ) ;
#519 = DIRECTION ( 'NONE',  ( 0.000000000000000000, 1.000000000000000000, 0.000000000000000000 ) ) ;
#520 = ORIENTED_EDGE ( 'NONE', *, *, #1900, .F. ) ;
#521 = DIRECTION ( 'NONE',  ( 0.000000000000000000, 1.000000000000000000, 0.000000000000000000 ) ) ;
#522 = FACE_OUTER_BOUND ( 'NONE', #2557, .T. ) ;
#523 = AXIS2_PLACEMENT_3D ( 'NONE', #280, #6315, #942 ) ;
#524 = EDGE_CURVE ( 'NONE', #5896, #4454, #3777, .T. ) ;
#525 = FACE_BOUND ( 'NONE', #913, .T. ) ;
#526 = FACE_OUTER_BOUND ( 'NONE', #3520, .T. ) ;
#527 = CARTESIAN_POINT ( 'NONE',  ( 5.000000000000000000, 0.000000000000000000, -140.0000000000000000 ) ) ;
#528 = ORIENTED_EDGE ( 'NONE', *, *, #2062, .T. ) ;
#529 = EDGE_CURVE ( 'NONE', #6690, #3410, #6, .T. ) ;
#530 = CARTESIAN_POINT ( 'NONE',  ( 117.2239999999999895, 0.000000000000000000, -111.7239999999999895 ) ) ;
#531 = VECTOR ( 'NONE', #1476, 1000.000000000000000 ) ;
#532 = DIRECTION ( 'NONE',  ( 0.000000000000000000, 1.000000000000000000, 0.000000000000000000 ) ) ;
#533 = VERTEX_POINT ( 'NONE', #4833 ) ;
#534 = CARTESIAN_POINT ( 'NONE',  ( 130.0020000000000095, 0.000000000000000000, -27.77799999999999869 ) ) ;
#535 = ADVANCED_FACE ( 'NONE', ( #7561 ), #8190, .F. ) ;
#536 = VECTOR ( 'NONE', #1825, 1000.000000000000000 ) ;
#537 = LINE ( 'NONE', #7202, #7762 ) ;
#538 = AXIS2_PLACEMENT_3D ( 'NONE', #6364, #5781, #7167 ) ;
#539 = ORIENTED_EDGE ( 'NONE', *, *, #8010, .T. ) ;
#540 = CYLINDRICAL_SURFACE ( 'NONE', #1840, 5.500000000000005329 ) ;
#541 = ORIENTED_EDGE ( 'NONE', *, *, #1500, .T. ) ;
#542 = CIRCLE ( 'NONE', #5688, 5.500000000000005329 ) ;
#543 = PLANE ( 'NONE',  #3703 ) ;
#544 = APPLICATION_CONTEXT ( 'configuration controlled 3d designs of mechanical parts and assemblies' ) ;
#545 = VECTOR ( 'NONE', #8202, 1000.000000000000000 ) ;
#546 = CARTESIAN_POINT ( 'NONE',  ( 130.0020000000000095, 3.000000000000000000, -130.0020000000000095 ) ) ;
#547 = DIRECTION ( 'NONE',  ( 0.000000000000000000, -1.000000000000000000, 0.000000000000000000 ) ) ;
#548 = AXIS2_PLACEMENT_3D ( 'NONE', #6645, #5133, #433 ) ;
#549 = VECTOR ( 'NONE', #5544, 1000.000000000000000 ) ;
#550 = ORIENTED_EDGE ( 'NONE', *, *, #6163, .T. ) ;
#551 = ORIENTED_EDGE ( 'NONE', *, *, #2449, .T. ) ;
#552 = CARTESIAN_POINT ( 'NONE',  ( 40.55599999999999739, 3.000000000000000000, -78.89000000000000057 ) ) ;
#553 = EDGE_LOOP ( 'NONE', ( #6608, #5742 ) ) ;
#554 = EDGE_CURVE ( 'NONE', #7271, #2973, #6350, .T. ) ;
#555 = CIRCLE ( 'NONE', #2418, 5.500000000000005329 ) ;
#556 = CIRCLE ( 'NONE', #7262, 5.500000000000005329 ) ;
#557 = ORIENTED_EDGE ( 'NONE', *, *, #6050, .T. ) ;
#558 = DIRECTION ( 'NONE',  ( 0.000000000000000000, -0.000000000000000000, 1.000000000000000000 ) ) ;
#559 = DIRECTION ( 'NONE',  ( 0.000000000000000000, -1.000000000000000000, 0.000000000000000000 ) ) ;
#560 = DIRECTION ( 'NONE',  ( 0.000000000000000000, -0.000000000000000000, 1.000000000000000000 ) ) ;
#561 = FACE_OUTER_BOUND ( 'NONE', #4153, .T. ) ;
#562 = ORIENTED_EDGE ( 'NONE', *, *, #2978, .T. ) ;
#563 = CIRCLE ( 'NONE', #1125, 5.499999999999996447 ) ;
#564 = ORIENTED_EDGE ( 'NONE', *, *, #305, .T. ) ;
#565 = CARTESIAN_POINT ( 'NONE',  ( 40.55599999999999739, 3.000000000000000000, -84.38999999999998636 ) ) ;
#566 = ORIENTED_EDGE ( 'NONE', *, *, #2214, .T. ) ;
#567 = DIRECTION ( 'NONE',  ( 0.000000000000000000, 0.000000000000000000, -1.000000000000000000 ) ) ;
#568 = EDGE_CURVE ( 'NONE', #7801, #5881, #6787, .T. ) ;
#569 = VERTEX_POINT ( 'NONE', #1603 ) ;
#570 = CARTESIAN_POINT ( 'NONE',  ( 104.4459999999999980, 0.000000000000000000, -22.27799999999999159 ) ) ;
#571 = VECTOR ( 'NONE', #4124, 1000.000000000000000 ) ;
#573 = AXIS2_PLACEMENT_3D ( 'NONE', #5985, #7193, #8049 ) ;
#572 = CYLINDRICAL_SURFACE ( 'NONE', #3678, 5.499999999999998224 ) ;
#574 = EDGE_CURVE ( 'NONE', #7011, #1512, #3074, .T. ) ;
#575 = DIRECTION ( 'NONE',  ( 0.000000000000000000, -1.000000000000000000, 0.000000000000000000 ) ) ;
#576 = CARTESIAN_POINT ( 'NONE',  ( 15.00000000000000000, 3.000000000000000000, -91.66800000000000637 ) ) ;
#577 = CARTESIAN_POINT ( 'NONE',  ( 40.55599999999999739, 3.000000000000000000, -104.4459999999999980 ) ) ;
#578 = ORIENTED_EDGE ( 'NONE', *, *, #8390, .F. ) ;
#579 = AXIS2_PLACEMENT_3D ( 'NONE', #1327, #2093, #3349 ) ;
#580 = DIRECTION ( 'NONE',  ( 0.000000000000000000, 0.000000000000000000, -1.000000000000000000 ) ) ;
#581 = DIRECTION ( 'NONE',  ( 0.000000000000000000, -1.000000000000000000, 0.000000000000000000 ) ) ;
#582 = EDGE_CURVE ( 'NONE', #1695, #204, #2215, .T. ) ;
#583 = ORIENTED_EDGE ( 'NONE', *, *, #3756, .F. ) ;
#584 = CARTESIAN_POINT ( 'NONE',  ( 27.77799999999999869, 0.000000000000000000, -130.0020000000000095 ) ) ;
#585 = ADVANCED_FACE ( 'NONE', ( #6345 ), #3042, .F. ) ;
#586 = DIRECTION ( 'NONE',  ( 0.000000000000000000, -0.000000000000000000, 1.000000000000000000 ) ) ;
#587 = ORIENTED_EDGE ( 'NONE', *, *, #7409, .F. ) ;
#588 = CARTESIAN_POINT ( 'NONE',  ( 104.4459999999999980, 3.000000000000000000, -124.5019999999999953 ) ) ;
#589 = ORIENTED_EDGE ( 'NONE', *, *, #4165, .F. ) ;
#590 = EDGE_CURVE ( 'NONE', #4485, #7052, #930, .T. ) ;
#591 = DIRECTION ( 'NONE',  ( 0.000000000000000000, 0.000000000000000000, 1.000000000000000000 ) ) ;
#592 = EDGE_CURVE ( 'NONE', #6815, #6887, #3936, .T. ) ;
#593 = FACE_OUTER_BOUND ( 'NONE', #810, .T. ) ;
#594 = CARTESIAN_POINT ( 'NONE',  ( 27.77799999999999869, 0.000000000000000000, -58.83399999999999608 ) ) ;
#595 = CYLINDRICAL_SURFACE ( 'NONE', #3704, 5.500000000000005329 ) ;
#596 = ORIENTED_EDGE ( 'NONE', *, *, #1775, .F. ) ;
#597 = VERTEX_POINT ( 'NONE', #2154 ) ;
#598 = DIRECTION ( 'NONE',  ( 0.000000000000000000, 0.000000000000000000, 1.000000000000000000 ) ) ;
#599 = ADVANCED_FACE ( 'NONE', ( #222 ), #809, .F. ) ;
#600 = VERTEX_POINT ( 'NONE', #4922 ) ;
#601 = CIRCLE ( 'NONE', #309, 5.500000000000005329 ) ;
#602 = ORIENTED_EDGE ( 'NONE', *, *, #3774, .F. ) ;
#603 = DIRECTION ( 'NONE',  ( 0.000000000000000000, 1.000000000000000000, 0.000000000000000000 ) ) ;
#604 = DIRECTION ( 'NONE',  ( 0.000000000000000000, 0.000000000000000000, -1.000000000000000000 ) ) ;
#605 = CARTESIAN_POINT ( 'NONE',  ( 0.000000000000000000, 10.00000000000000000, 0.000000000000000000 ) ) ;
#606 = FACE_OUTER_BOUND ( 'NONE', #7598, .T. ) ;
#607 = VERTEX_POINT ( 'NONE', #3540 ) ;
#608 = VECTOR ( 'NONE', #191, 1000.000000000000000 ) ;
#609 = PERSON ( 'UNSPECIFIED', 'UNSPECIFIED', 'UNSPECIFIED', ('UNSPECIFIED'), ('UNSPECIFIED'), ('UNSPECIFIED') ) ;
#610 = ORIENTED_EDGE ( 'NONE', *, *, #5569, .T. ) ;
#611 = CARTESIAN_POINT ( 'NONE',  ( 91.66800000000000637, 0.000000000000000000, -20.50000000000000355 ) ) ;
#612 = ORIENTED_EDGE ( 'NONE', *, *, #6908, .F. ) ;
#613 = FACE_OUTER_BOUND ( 'NONE', #163, .T. ) ;
#614 = ORIENTED_EDGE ( 'NONE', *, *, #2608, .T. ) ;
#615 = PLANE ( 'NONE',  #2731 ) ;
#616 = DIRECTION ( 'NONE',  ( 0.000000000000000000, 1.000000000000000000, 0.000000000000000000 ) ) ;
#617 = FACE_BOUND ( 'NONE', #3432, .T. ) ;
#618 = CYLINDRICAL_SURFACE ( 'NONE', #7565, 5.500000000000005329 ) ;
#619 = DIRECTION ( 'NONE',  ( 0.000000000000000000, 0.000000000000000000, -1.000000000000000000 ) ) ;
#620 = ORIENTED_EDGE ( 'NONE', *, *, #1900, .T. ) ;
#621 = DIRECTION ( 'NONE',  ( 0.000000000000000000, 0.000000000000000000, 1.000000000000000000 ) ) ;
#622 = AXIS2_PLACEMENT_3D ( 'NONE', #1046, #5165, #4451 ) ;
#623 = CARTESIAN_POINT ( 'NONE',  ( 27.77799999999999869, 3.000000000000000000, -130.0020000000000095 ) ) ;
#624 = ORIENTED_EDGE ( 'NONE', *, *, #7536, .F. ) ;
#625 = DIRECTION ( 'NONE',  ( 0.000000000000000000, -1.000000000000000000, 0.000000000000000000 ) ) ;
#626 = AXIS2_PLACEMENT_3D ( 'NONE', #4127, #1302, #674 ) ;
#627 = VECTOR ( 'NONE', #4442, 1000.000000000000000 ) ;
#628 = EDGE_CURVE ( 'NONE', #7755, #2814, #4224, .T. ) ;
#629 = LINE ( 'NONE', #7469, #7629 ) ;
#630 = ORIENTED_EDGE ( 'NONE', *, *, #7748, .F. ) ;
#631 = FACE_OUTER_BOUND ( 'NONE', #1398, .T. ) ;
#632 = EDGE_CURVE ( 'NONE', #7824, #3435, #6067, .T. ) ;
#633 = VECTOR ( 'NONE', #7637, 1000.000000000000000 ) ;
#634 = DIRECTION ( 'NONE',  ( 0.000000000000000000, 0.000000000000000000, 1.000000000000000000 ) ) ;
#635 = DIRECTION ( 'NONE',  ( 0.000000000000000000, 0.000000000000000000, 1.000000000000000000 ) ) ;
#636 = CARTESIAN_POINT ( 'NONE',  ( 53.33399999999999608, 0.000000000000000000, -27.77799999999999869 ) ) ;
#637 = CARTESIAN_POINT ( 'NONE',  ( 15.00000000000000000, 0.000000000000000000, -78.89000000000000057 ) ) ;
#638 = EDGE_CURVE ( 'NONE', #8840, #5354, #6259, .T. ) ;
#639 = COORDINATED_UNIVERSAL_TIME_OFFSET ( 7, 0, .AHEAD. ) ;
#640 = VECTOR ( 'NONE', #7584, 1000.000000000000000 ) ;
#641 = EDGE_LOOP ( 'NONE', ( #5912, #3535, #587, #1655 ) ) ;
#642 = ORIENTED_EDGE ( 'NONE', *, *, #3533, .T. ) ;
#643 = CYLINDRICAL_SURFACE ( 'NONE', #1549, 4.000000000000000888 ) ;
#644 = EDGE_CURVE ( 'NONE', #6390, #2843, #4219, .T. ) ;
#645 = EDGE_CURVE ( 'NONE', #5896, #3660, #2914, .T. ) ;
#646 = VECTOR ( 'NONE', #3940, 1000.000000000000000 ) ;
#647 = VERTEX_POINT ( 'NONE', #8365 ) ;
#648 = AXIS2_PLACEMENT_3D ( 'NONE', #2250, #7713, #110 ) ;
#649 = EDGE_LOOP ( 'NONE', ( #3197, #485 ) ) ;
#650 = CYLINDRICAL_SURFACE ( 'NONE', #2668, 5.499999999999991118 ) ;
#651 = DIRECTION ( 'NONE',  ( 0.000000000000000000, 1.000000000000000000, 0.000000000000000000 ) ) ;
#652 = CARTESIAN_POINT ( 'NONE',  ( 78.89000000000000057, 3.000000000000000000, -111.7239999999999895 ) ) ;
#653 = ADVANCED_FACE ( 'NONE', ( #2237 ), #8443, .F. ) ;
#654 = CARTESIAN_POINT ( 'NONE',  ( 130.0020000000000095, 3.000000000000000000, -130.0020000000000095 ) ) ;
#655 = EDGE_LOOP ( 'NONE', ( #1892, #7061, #5581, #7216 ) ) ;
#656 = EDGE_LOOP ( 'NONE', ( #1806, #1667, #6706, #8166 ) ) ;
#657 = DIRECTION ( 'NONE',  ( 0.000000000000000000, 1.000000000000000000, 0.000000000000000000 ) ) ;
#658 = ORIENTED_EDGE ( 'NONE', *, *, #2066, .F. ) ;
#659 = CARTESIAN_POINT ( 'NONE',  ( 27.77799999999999869, 0.000000000000000000, -111.7239999999999895 ) ) ;
#660 = VERTEX_POINT ( 'NONE', #890 ) ;
#661 = DIRECTION ( 'NONE',  ( 0.000000000000000000, 0.000000000000000000, 1.000000000000000000 ) ) ;
#662 = CARTESIAN_POINT ( 'NONE',  ( 66.11200000000000898, 3.000000000000000000, -27.77799999999999869 ) ) ;
#663 = DIRECTION ( 'NONE',  ( 0.000000000000000000, -1.000000000000000000, 0.000000000000000000 ) ) ;
#664 = ORIENTED_EDGE ( 'NONE', *, *, #5921, .F. ) ;
#665 = DIRECTION ( 'NONE',  ( 0.000000000000000000, 0.000000000000000000, 1.000000000000000000 ) ) ;
#666 = EDGE_LOOP ( 'NONE', ( #6965, #24, #5307, #4077 ) ) ;
#667 = CARTESIAN_POINT ( 'NONE',  ( 117.2239999999999895, 0.000000000000000000, -124.5019999999999953 ) ) ;
#668 = DIRECTION ( 'NONE',  ( 0.000000000000000000, 0.000000000000000000, -1.000000000000000000 ) ) ;
#669 = AXIS2_PLACEMENT_3D ( 'NONE', #3158, #1899, #3963 ) ;
#670 = ORIENTED_EDGE ( 'NONE', *, *, #7567, .T. ) ;
#671 = DIRECTION ( 'NONE',  ( 0.000000000000000000, -1.000000000000000000, 0.000000000000000000 ) ) ;
#672 = CARTESIAN_POINT ( 'NONE',  ( 27.77799999999999869, 3.000000000000000000, -73.39000000000001478 ) ) ;
#673 = AXIS2_PLACEMENT_3D ( 'NONE', #2207, #5065, #4393 ) ;
#674 = DIRECTION ( 'NONE',  ( 0.000000000000000000, 0.000000000000000000, -1.000000000000000000 ) ) ;
#675 = ORIENTED_EDGE ( 'NONE', *, *, #3486, .F. ) ;
#676 = DIRECTION ( 'NONE',  ( 0.000000000000000000, 1.000000000000000000, 0.000000000000000000 ) ) ;
#677 = CYLINDRICAL_SURFACE ( 'NONE', #3712, 5.500000000000005329 ) ;
#678 = EDGE_CURVE ( 'NONE', #6824, #4715, #3626, .T. ) ;
#679 = VECTOR ( 'NONE', #1601, 1000.000000000000000 ) ;
#680 = DIRECTION ( 'NONE',  ( 0.000000000000000000, 1.000000000000000000, 0.000000000000000000 ) ) ;
#681 = DIRECTION ( 'NONE',  ( 0.000000000000000000, -1.000000000000000000, 0.000000000000000000 ) ) ;
#682 = CARTESIAN_POINT ( 'NONE',  ( 53.33399999999999608, 0.000000000000000000, -135.5020000000000095 ) ) ;
#683 = ADVANCED_FACE ( 'NONE', ( #7734 ), #4880, .F. ) ;
#684 = SECURITY_CLASSIFICATION_LEVEL ( 'unclassified' ) ;
#685 = DIRECTION ( 'NONE',  ( 0.000000000000000000, 1.000000000000000000, 0.000000000000000000 ) ) ;
#686 = ORIENTED_EDGE ( 'NONE', *, *, #7914, .F. ) ;
#687 = DIRECTION ( 'NONE',  ( 0.000000000000000000, 0.000000000000000000, 1.000000000000000000 ) ) ;
#688 = AXIS2_PLACEMENT_3D ( 'NONE', #8322, #4259, #2877 ) ;
#689 = CIRCLE ( 'NONE', #7970, 5.499999999999998224 ) ;
#690 = ORIENTED_EDGE ( 'NONE', *, *, #4351, .F. ) ;
#691 = EDGE_CURVE ( 'NONE', #2363, #7562, #6490, .T. ) ;
#692 = ORIENTED_EDGE ( 'NONE', *, *, #6471, .F. ) ;
#693 = DIRECTION ( 'NONE',  ( 0.000000000000000000, 1.000000000000000000, 0.000000000000000000 ) ) ;
#694 = FACE_OUTER_BOUND ( 'NONE', #7540, .T. ) ;
#695 = DIRECTION ( 'NONE',  ( 0.000000000000000000, 1.000000000000000000, 0.000000000000000000 ) ) ;
#696 = EDGE_CURVE ( 'NONE', #8360, #8138, #3217, .T. ) ;
#697 = EDGE_CURVE ( 'NONE', #8685, #1594, #8359, .T. ) ;
#698 = LINE ( 'NONE', #6191, #4489 ) ;
#699 = ORIENTED_EDGE ( 'NONE', *, *, #1883, .T. ) ;
#700 = AXIS2_PLACEMENT_3D ( 'NONE', #7438, #4184, #16 ) ;
#701 = VERTEX_POINT ( 'NONE', #3086 ) ;
#703 = CARTESIAN_POINT ( 'NONE',  ( 15.00000000000000000, 3.000000000000000000, -66.11200000000000898 ) ) ;
#702 = CIRCLE ( 'NONE', #1117, 5.500000000000005329 ) ;
#704 = EDGE_LOOP ( 'NONE', ( #3918, #4548 ) ) ;
#705 = ADVANCED_FACE ( 'NONE', ( #8663 ), #5799, .F. ) ;
#706 = CARTESIAN_POINT ( 'NONE',  ( 5.000000000000000000, 10.00000000000000000, -140.0000000000000000 ) ) ;
#707 = ORIENTED_EDGE ( 'NONE', *, *, #574, .T. ) ;
#708 = FACE_OUTER_BOUND ( 'NONE', #2244, .T. ) ;
#709 = DIRECTION ( 'NONE',  ( 0.000000000000000000, 0.000000000000000000, 1.000000000000000000 ) ) ;
#710 = EDGE_CURVE ( 'NONE', #7646, #996, #5502, .T. ) ;
#711 = VECTOR ( 'NONE', #8677, 1000.000000000000000 ) ;
#712 = EDGE_CURVE ( 'NONE', #2352, #211, #3791, .T. ) ;
#713 = CARTESIAN_POINT ( 'NONE',  ( 104.4459999999999980, 0.000000000000000000, -86.16799999999999216 ) ) ;
#714 = ORIENTED_EDGE ( 'NONE', *, *, #3310, .F. ) ;
#715 = CARTESIAN_POINT ( 'NONE',  ( 53.33399999999999608, 3.000000000000000000, -47.83400000000000318 ) ) ;
#716 = ORIENTED_EDGE ( 'NONE', *, *, #356, .F. ) ;
#717 = CARTESIAN_POINT ( 'NONE',  ( 104.4459999999999980, 0.000000000000000000, -53.33399999999999608 ) ) ;
#718 = DIRECTION ( 'NONE',  ( 0.000000000000000000, 0.000000000000000000, 1.000000000000000000 ) ) ;
#719 = CIRCLE ( 'NONE', #5283, 5.500000000000005329 ) ;
#720 = AXIS2_PLACEMENT_3D ( 'NONE', #5231, #1741, #7237 ) ;
#721 = VERTEX_POINT ( 'NONE', #5140 ) ;
#722 = CARTESIAN_POINT ( 'NONE',  ( 117.2239999999999895, 3.000000000000000000, -40.55599999999999739 ) ) ;
#723 = DIRECTION ( 'NONE',  ( 0.000000000000000000, 0.000000000000000000, 1.000000000000000000 ) ) ;
#724 = AXIS2_PLACEMENT_3D ( 'NONE', #6842, #88, #7465 ) ;
#725 = CARTESIAN_POINT ( 'NONE',  ( 15.00000000000000000, 0.000000000000000000, -27.77799999999999869 ) ) ;
#726 = EDGE_LOOP ( 'NONE', ( #2258, #7625, #6485, #2615 ) ) ;
#727 = CARTESIAN_POINT ( 'NONE',  ( 104.4459999999999980, 3.000000000000000000, -27.77799999999999869 ) ) ;
#728 = FACE_OUTER_BOUND ( 'NONE', #5779, .T. ) ;
#729 = CIRCLE ( 'NONE', #866, 5.500000000000005329 ) ;
#730 = DIRECTION ( 'NONE',  ( 0.000000000000000000, -1.000000000000000000, 0.000000000000000000 ) ) ;
#731 = FACE_BOUND ( 'NONE', #7849, .T. ) ;
#732 = CARTESIAN_POINT ( 'NONE',  ( 40.55599999999999739, 0.000000000000000000, -40.55599999999999739 ) ) ;
#733 = CYLINDRICAL_SURFACE ( 'NONE', #5889, 5.500000000000005329 ) ;
#734 = ORIENTED_EDGE ( 'NONE', *, *, #7399, .F. ) ;
#735 = DIRECTION ( 'NONE',  ( 0.000000000000000000, 1.000000000000000000, 0.000000000000000000 ) ) ;
#736 = ORIENTED_EDGE ( 'NONE', *, *, #8827, .F. ) ;
#737 = ORIENTED_EDGE ( 'NONE', *, *, #3687, .T. ) ;
#738 = DIRECTION ( 'NONE',  ( 0.000000000000000000, 0.000000000000000000, 1.000000000000000000 ) ) ;
#739 = CARTESIAN_POINT ( 'NONE',  ( 91.66800000000000637, 0.000000000000000000, -15.00000000000000000 ) ) ;
#740 = CYLINDRICAL_SURFACE ( 'NONE', #4626, 5.500000000000005329 ) ;
#741 = PLANE ( 'NONE',  #72 ) ;
#742 = VERTEX_POINT ( 'NONE', #7325 ) ;
#743 = ADVANCED_FACE ( 'NONE', ( #2414 ), #1061, .F. ) ;
#744 = VERTEX_POINT ( 'NONE', #1693 ) ;
#745 = LINE ( 'NONE', #3300, #6687 ) ;
#746 = VERTEX_POINT ( 'NONE', #2546 ) ;
#747 = EDGE_CURVE ( 'NONE', #1083, #6887, #7151, .T. ) ;
#748 = DIRECTION ( 'NONE',  ( 0.000000000000000000, 1.000000000000000000, 0.000000000000000000 ) ) ;
#749 = VERTEX_POINT ( 'NONE', #3803 ) ;
#750 = DIRECTION ( 'NONE',  ( 0.000000000000000000, 1.000000000000000000, 0.000000000000000000 ) ) ;
#751 = DIRECTION ( 'NONE',  ( 0.000000000000000000, 1.000000000000000000, 0.000000000000000000 ) ) ;
#752 = LINE ( 'NONE', #1375, #1492 ) ;
#753 = AXIS2_PLACEMENT_3D ( 'NONE', #6201, #4773, #6112 ) ;
#754 = VERTEX_POINT ( 'NONE', #1780 ) ;
#755 = ADVANCED_FACE ( 'NONE', ( #6566 ), #6516, .F. ) ;
#756 = CARTESIAN_POINT ( 'NONE',  ( 130.0020000000000095, 3.000000000000000000, -27.77799999999999869 ) ) ;
#757 = VERTEX_POINT ( 'NONE', #392 ) ;
#758 = CARTESIAN_POINT ( 'NONE',  ( 27.77799999999999869, 3.000000000000000000, -15.00000000000000000 ) ) ;
#759 = EDGE_CURVE ( 'NONE', #6193, #3668, #5064, .T. ) ;
#760 = CARTESIAN_POINT ( 'NONE',  ( 78.89000000000000057, 0.000000000000000000, -27.77799999999999869 ) ) ;
#761 = AXIS2_PLACEMENT_3D ( 'NONE', #7219, #1859, #3159 ) ;
#762 = ORIENTED_EDGE ( 'NONE', *, *, #399, .F. ) ;
#763 = CARTESIAN_POINT ( 'NONE',  ( 15.00000000000000000, 3.000000000000000000, -60.61200000000000898 ) ) ;
#764 = DIRECTION ( 'NONE',  ( 0.000000000000000000, -1.000000000000000000, 0.000000000000000000 ) ) ;
#765 = CLOSED_SHELL ( 'NONE', ( #1618, #1340, #2597, #8713, #5603, #3156, #585, #3322, #3000, #148, #8572, #943, #4246, #6273, #1513, #8784, #3089, #3444, #6552, #2900, #1392, #3046, #3980, #2439, #5672, #7341, #5168, #1008, #303, #7757, #6922, #5298, #3428, #2649, #8438, #3608, #2770, #1015, #3473, #1351, #3916, #5358, #3093, #194, #6593, #7804, #46, #7572, #2500, #5185, #243, #4960, #1570, #97, #2537, #1004, #1445, #2789, #2165, #683, #857, #3009, #2396, #2492, #599, #807, #6766, #7286, #7639, #3767, #480, #7846, #1715, #6938, #7462, #8727, #1421, #8678, #7688, #1830, #2383, #2227, #7018, #6167, #5634, #2943, #3920, #5104, #1737, #6306, #1406, #7139, #4192, #2942, #4785, #7740, #6628, #2282, #5013, #3198, #2721, #4475, #818, #5576, #416, #918, #799, #2707, #4028, #6651, #6370, #5227, #2660, #8119, #5775, #312, #5161, #7072, #6520, #7529, #7234, #5382, #2893, #4197, #4465, #5991, #6744, #1334, #1519, #5926, #7956, #6358, #3503, #5216, #2728, #5343, #6708, #7691, #7090, #535, #7472, #4511, #4859, #4144, #5977, #5124, #4054, #2120, #6088, #1578, #5332, #3763, #4346, #6644, #940, #2782, #3813, #5986, #8334, #7177, #2130, #5234, #3546, #3583, #2121, #5073, #4795, #5892, #7207, #3442, #6601, #6583, #320, #6033, #5762, #5613, #805, #7732, #2879, #1183, #7680, #4300, #3692, #7590, #3280, #4900, #2765, #5628, #4358, #8657, #1508, #1230, #26, #1659, #291, #1843, #2672, #4741, #4588, #50, #5350, #6529, #1462, #8851, #8244, #8178, #743, #1019, #653, #5816, #6983, #7201, #7096, #6312, #1906, #8135, #8490, #865, #5937, #5109, #5438, #5731, #4421, #1176, #1671, #8528, #22, #4307, #6283, #2020, #2015, #2281, #3744, #8822, #6200, #7188, #1024, #4342, #460, #6758, #8777, #2654, #8606, #2378, #863, #7424, #6249, #4941, #8188, #8450, #1470, #4893, #4094, #3195, #6872, #6435, #2268, #8510, #1235, #6152, #4728, #2456, #8722, #5712, #8015, #1191, #7394, #1070, #3323, #486, #5116, #3259, #1243, #429, #3168, #6039, #5501, #104, #3934, #6536, #755, #6001, #6800, #3942, #8769, #7477, #7872, #4151, #423, #3492, #5173, #705, #5885, #3927, #8225, #4559, #4038, #5052, #6217, #1796, #5287, #8566, #8455, #8195, #5621, #5728, #7867, #2829, #7022, #2665, #4429, #4847, #4913, #2177, #2328, #5187, #3715, #6439, #1999, #6424, #183, #7596, #7302, #5069, #1300, #2678 ) ) ;
#766 = EDGE_CURVE ( 'NONE', #3743, #8492, #4495, .T. ) ;
#767 = AXIS2_PLACEMENT_3D ( 'NONE', #4750, #6179, #4091 ) ;
#768 = DIRECTION ( 'NONE',  ( 0.000000000000000000, 0.000000000000000000, -1.000000000000000000 ) ) ;
#769 = ORIENTED_EDGE ( 'NONE', *, *, #4309, .F. ) ;
#770 = CARTESIAN_POINT ( 'NONE',  ( 40.55599999999999739, 0.000000000000000000, -15.00000000000000000 ) ) ;
#771 = CIRCLE ( 'NONE', #1481, 3.999999999999992450 ) ;
#772 = DIRECTION ( 'NONE',  ( 0.000000000000000000, 1.000000000000000000, 0.000000000000000000 ) ) ;
#773 = AXIS2_PLACEMENT_3D ( 'NONE', #6202, #4871, #8310 ) ;
#774 = FACE_BOUND ( 'NONE', #1460, .T. ) ;
#775 = DIRECTION ( 'NONE',  ( 0.000000000000000000, 0.000000000000000000, 1.000000000000000000 ) ) ;
#776 = CARTESIAN_POINT ( 'NONE',  ( 66.11200000000000898, 3.000000000000000000, -117.2239999999999895 ) ) ;
#777 = VERTEX_POINT ( 'NONE', #1874 ) ;
#778 = DIRECTION ( 'NONE',  ( 0.000000000000000000, 0.000000000000000000, -1.000000000000000000 ) ) ;
#779 = CIRCLE ( 'NONE', #5767, 5.499999999999998224 ) ;
#780 = VERTEX_POINT ( 'NONE', #5181 ) ;
#781 = DIRECTION ( 'NONE',  ( 0.000000000000000000, -0.000000000000000000, 1.000000000000000000 ) ) ;
#782 = DIRECTION ( 'NONE',  ( 0.000000000000000000, 1.000000000000000000, 0.000000000000000000 ) ) ;
#783 = CARTESIAN_POINT ( 'NONE',  ( 40.55599999999999739, 0.000000000000000000, -22.27799999999999869 ) ) ;
#784 = FACE_OUTER_BOUND ( 'NONE', #1679, .T. ) ;
#785 = ORIENTED_EDGE ( 'NONE', *, *, #2079, .F. ) ;
#786 = AXIS2_PLACEMENT_3D ( 'NONE', #306, #4508, #2503 ) ;
#787 = ORIENTED_EDGE ( 'NONE', *, *, #7307, .T. ) ;
#788 = DIRECTION ( 'NONE',  ( 0.000000000000000000, 1.000000000000000000, 0.000000000000000000 ) ) ;
#789 = ORIENTED_EDGE ( 'NONE', *, *, #2991, .T. ) ;
#790 = FACE_OUTER_BOUND ( 'NONE', #342, .T. ) ;
#791 = ORIENTED_EDGE ( 'NONE', *, *, #1631, .T. ) ;
#792 = CARTESIAN_POINT ( 'NONE',  ( 66.11200000000000898, 3.000000000000000000, -40.55599999999999739 ) ) ;
#793 = EDGE_CURVE ( 'NONE', #3676, #6715, #5849, .T. ) ;
#794 = DIRECTION ( 'NONE',  ( 0.000000000000000000, 1.000000000000000000, 0.000000000000000000 ) ) ;
#795 = DIRECTION ( 'NONE',  ( 0.000000000000000000, 0.000000000000000000, 1.000000000000000000 ) ) ;
#797 = DIRECTION ( 'NONE',  ( 0.000000000000000000, 0.000000000000000000, 1.000000000000000000 ) ) ;
#796 = AXIS2_PLACEMENT_3D ( 'NONE', #2303, #5024, #3602 ) ;
#798 = ORIENTED_EDGE ( 'NONE', *, *, #1127, .F. ) ;
#799 = ADVANCED_FACE ( 'NONE', ( #8486 ), #5091, .F. ) ;
#800 = ORIENTED_EDGE ( 'NONE', *, *, #582, .T. ) ;
#801 = CARTESIAN_POINT ( 'NONE',  ( 91.66800000000000637, 3.000000000000000000, -78.89000000000000057 ) ) ;
#802 = DIRECTION ( 'NONE',  ( 0.000000000000000000, 1.000000000000000000, 0.000000000000000000 ) ) ;
#803 = EDGE_LOOP ( 'NONE', ( #7081, #5973, #2044, #4700 ) ) ;
#804 = CARTESIAN_POINT ( 'NONE',  ( 15.00000000000000000, 3.000000000000000000, -15.00000000000000000 ) ) ;
#805 = ADVANCED_FACE ( 'NONE', ( #439 ), #3261, .F. ) ;
#806 = CARTESIAN_POINT ( 'NONE',  ( 91.66800000000000637, 0.000000000000000000, -97.16800000000000637 ) ) ;
#807 = ADVANCED_FACE ( 'NONE', ( #7279 ), #1153, .F. ) ;
#808 = EDGE_CURVE ( 'NONE', #1924, #5553, #7780, .T. ) ;
#809 = CYLINDRICAL_SURFACE ( 'NONE', #1064, 5.499999999999991118 ) ;
#810 = EDGE_LOOP ( 'NONE', ( #1320, #2053, #1913, #6630 ) ) ;
#811 = DIRECTION ( 'NONE',  ( 0.000000000000000000, 1.000000000000000000, 0.000000000000000000 ) ) ;
#812 = AXIS2_PLACEMENT_3D ( 'NONE', #3878, #5918, #1088 ) ;
#813 = PLANE ( 'NONE',  #853 ) ;
#814 = EDGE_CURVE ( 'NONE', #328, #6726, #349, .T. ) ;
#815 = AXIS2_PLACEMENT_3D ( 'NONE', #6357, #5691, #107 ) ;
#816 = FACE_BOUND ( 'NONE', #3758, .T. ) ;
#817 = CARTESIAN_POINT ( 'NONE',  ( 27.77799999999999869, 3.000000000000000000, -66.11200000000000898 ) ) ;
#818 = ADVANCED_FACE ( 'NONE', ( #6700 ), #4733, .F. ) ;
#819 = DIRECTION ( 'NONE',  ( 0.000000000000000000, 0.000000000000000000, -1.000000000000000000 ) ) ;
#820 = ORIENTED_EDGE ( 'NONE', *, *, #7789, .T. ) ;
#821 = CYLINDRICAL_SURFACE ( 'NONE', #3988, 5.500000000000018652 ) ;
#822 = AXIS2_PLACEMENT_3D ( 'NONE', #389, #1735, #889 ) ;
#823 = CARTESIAN_POINT ( 'NONE',  ( 140.0000000000000000, 4.000000000000000000, -8.999999999999992895 ) ) ;
#824 = CARTESIAN_POINT ( 'NONE',  ( 117.2239999999999895, 0.000000000000000000, -66.11200000000000898 ) ) ;
#825 = DIRECTION ( 'NONE',  ( 0.000000000000000000, -1.000000000000000000, 0.000000000000000000 ) ) ;
#826 = LINE ( 'NONE', #4896, #1071 ) ;
#827 = AXIS2_PLACEMENT_3D ( 'NONE', #2286, #8405, #4430 ) ;
#828 = ORIENTED_EDGE ( 'NONE', *, *, #7973, .F. ) ;
#829 = ORIENTED_EDGE ( 'NONE', *, *, #5766, .F. ) ;
#830 = ORIENTED_EDGE ( 'NONE', *, *, #250, .F. ) ;
#831 = VECTOR ( 'NONE', #2097, 1000.000000000000000 ) ;
#832 = FACE_OUTER_BOUND ( 'NONE', #5566, .T. ) ;
#833 = ORIENTED_EDGE ( 'NONE', *, *, #38, .F. ) ;
#834 = VERTEX_POINT ( 'NONE', #6118 ) ;
#835 = DIRECTION ( 'NONE',  ( 0.000000000000000000, 0.000000000000000000, -1.000000000000000000 ) ) ;
#836 = CARTESIAN_POINT ( 'NONE',  ( 53.33399999999999608, 0.000000000000000000, -20.49999999999999645 ) ) ;
#837 = DIRECTION ( 'NONE',  ( 0.000000000000000000, 0.000000000000000000, -1.000000000000000000 ) ) ;
#838 = CIRCLE ( 'NONE', #2408, 5.500000000000005329 ) ;
#839 = DIRECTION ( 'NONE',  ( 0.000000000000000000, -1.000000000000000000, 0.000000000000000000 ) ) ;
#840 = ORIENTED_EDGE ( 'NONE', *, *, #4212, .T. ) ;
#841 = VERTEX_POINT ( 'NONE', #4031 ) ;
#842 = CYLINDRICAL_SURFACE ( 'NONE', #6836, 5.500000000000005329 ) ;
#843 = DIRECTION ( 'NONE',  ( 0.000000000000000000, 1.000000000000000000, 0.000000000000000000 ) ) ;
#844 = ORIENTED_EDGE ( 'NONE', *, *, #3632, .F. ) ;
#845 = CARTESIAN_POINT ( 'NONE',  ( 15.00000000000000000, 3.000000000000000000, -27.77799999999999869 ) ) ;
#846 = EDGE_CURVE ( 'NONE', #211, #2352, #1784, .T. ) ;
#847 = AXIS2_PLACEMENT_3D ( 'NONE', #8587, #7747, #5020 ) ;
#849 = CIRCLE ( 'NONE', #3566, 5.500000000000005329 ) ;
#848 = CARTESIAN_POINT ( 'NONE',  ( 53.33399999999999608, 3.000000000000000000, -66.11200000000000898 ) ) ;
#850 = DIRECTION ( 'NONE',  ( 0.000000000000000000, 0.000000000000000000, 1.000000000000000000 ) ) ;
#851 = EDGE_LOOP ( 'NONE', ( #4040, #1357, #4282, #1604 ) ) ;
#852 = EDGE_CURVE ( 'NONE', #1866, #8585, #7457, .T. ) ;
#853 = AXIS2_PLACEMENT_3D ( 'NONE', #3544, #1525, #2157 ) ;
#854 = CARTESIAN_POINT ( 'NONE',  ( 15.00000000000000000, 0.000000000000000000, -53.33399999999999608 ) ) ;
#855 = AXIS2_PLACEMENT_3D ( 'NONE', #3620, #886, #216 ) ;
#856 = CARTESIAN_POINT ( 'NONE',  ( 27.77799999999999869, 0.000000000000000000, -27.77799999999999869 ) ) ;
#857 = ADVANCED_FACE ( 'NONE', ( #1427 ), #5497, .F. ) ;
#858 = AXIS2_PLACEMENT_3D ( 'NONE', #6255, #3455, #3360 ) ;
#859 = FACE_BOUND ( 'NONE', #5928, .T. ) ;
#860 = CYLINDRICAL_SURFACE ( 'NONE', #4988, 5.500000000000005329 ) ;
#861 = CARTESIAN_POINT ( 'NONE',  ( 130.0020000000000095, 3.000000000000000000, -78.89000000000000057 ) ) ;
#862 = ORIENTED_EDGE ( 'NONE', *, *, #7748, .T. ) ;
#863 = ADVANCED_FACE ( 'NONE', ( #2729 ), #5982, .F. ) ;
#865 = ADVANCED_FACE ( 'NONE', ( #5363 ), #6026, .F. ) ;
#864 = DIRECTION ( 'NONE',  ( 0.000000000000000000, -1.000000000000000000, 0.000000000000000000 ) ) ;
#866 = AXIS2_PLACEMENT_3D ( 'NONE', #5267, #388, #5357 ) ;
#867 = EDGE_CURVE ( 'NONE', #607, #201, #1962, .T. ) ;
#868 = FACE_OUTER_BOUND ( 'NONE', #8467, .T. ) ;
#869 = CARTESIAN_POINT ( 'NONE',  ( 130.0020000000000095, 0.000000000000000000, -122.7240000000000180 ) ) ;
#870 = LINE ( 'NONE', #7622, #2337 ) ;
#871 = CARTESIAN_POINT ( 'NONE',  ( 15.00000000000000000, 3.000000000000000000, -78.89000000000000057 ) ) ;
#872 = EDGE_LOOP ( 'NONE', ( #1812, #1052, #5761, #1154 ) ) ;
#873 = ORIENTED_EDGE ( 'NONE', *, *, #6693, .F. ) ;
#874 = EDGE_CURVE ( 'NONE', #3664, #4989, #1680, .T. ) ;
#875 = VERTEX_POINT ( 'NONE', #7506 ) ;
#876 = PLANE ( 'NONE',  #2848 ) ;
#877 = ORIENTED_EDGE ( 'NONE', *, *, #1894, .F. ) ;
#878 = VERTEX_POINT ( 'NONE', #3399 ) ;
#879 = DIRECTION ( 'NONE',  ( 0.000000000000000000, -1.000000000000000000, 0.000000000000000000 ) ) ;
#880 = CARTESIAN_POINT ( 'NONE',  ( 91.66800000000000637, 3.000000000000000000, -53.33399999999999608 ) ) ;
#881 = CARTESIAN_POINT ( 'NONE',  ( 78.89000000000000057, 3.000000000000000000, -130.0020000000000095 ) ) ;
#882 = DIRECTION ( 'NONE',  ( 0.000000000000000000, 1.000000000000000000, 0.000000000000000000 ) ) ;
#883 = EDGE_LOOP ( 'NONE', ( #5204, #4283, #7133, #4862 ) ) ;
#884 = ORIENTED_EDGE ( 'NONE', *, *, #3211, .T. ) ;
#885 = LINE ( 'NONE', #2950, #7826 ) ;
#886 = DIRECTION ( 'NONE',  ( 0.000000000000000000, -1.000000000000000000, 0.000000000000000000 ) ) ;
#887 = VERTEX_POINT ( 'NONE', #7414 ) ;
#888 = DIRECTION ( 'NONE',  ( 0.000000000000000000, 1.000000000000000000, 0.000000000000000000 ) ) ;
#889 = DIRECTION ( 'NONE',  ( 0.000000000000000000, 0.000000000000000000, 1.000000000000000000 ) ) ;
#890 = CARTESIAN_POINT ( 'NONE',  ( 117.2239999999999895, 0.000000000000000000, -73.39000000000000057 ) ) ;
#891 = ORIENTED_EDGE ( 'NONE', *, *, #472, .F. ) ;
#892 = CARTESIAN_POINT ( 'NONE',  ( 140.0000000000000000, 10.00000000000000000, -7.250000000000009770 ) ) ;
#893 = CIRCLE ( 'NONE', #3476, 5.500000000000003553 ) ;
#894 = CARTESIAN_POINT ( 'NONE',  ( 91.66800000000000637, 0.000000000000000000, -53.33399999999999608 ) ) ;
#895 = EDGE_CURVE ( 'NONE', #5112, #5433, #1826, .T. ) ;
#896 = CIRCLE ( 'NONE', #2908, 5.499999999999996447 ) ;
#897 = DIRECTION ( 'NONE',  ( 0.000000000000000000, 0.000000000000000000, 1.000000000000000000 ) ) ;
#898 = CARTESIAN_POINT ( 'NONE',  ( 104.4459999999999980, 3.000000000000000000, -73.39000000000000057 ) ) ;
#899 = ORIENTED_EDGE ( 'NONE', *, *, #574, .F. ) ;
#900 = EDGE_CURVE ( 'NONE', #6715, #2843, #4542, .T. ) ;
#901 = DIRECTION ( 'NONE',  ( 0.000000000000000000, 0.000000000000000000, 1.000000000000000000 ) ) ;
#902 = AXIS2_PLACEMENT_3D ( 'NONE', #5437, #6729, #510 ) ;
#903 = CARTESIAN_POINT ( 'NONE',  ( 53.33399999999999608, 0.000000000000000000, -60.61200000000000898 ) ) ;
#904 = EDGE_CURVE ( 'NONE', #7932, #4806, #3256, .T. ) ;
#905 = DIRECTION ( 'NONE',  ( 0.000000000000000000, 0.000000000000000000, 1.000000000000000000 ) ) ;
#906 = CARTESIAN_POINT ( 'NONE',  ( 66.11200000000000898, 3.000000000000000000, -104.4459999999999980 ) ) ;
#907 = DIRECTION ( 'NONE',  ( 0.000000000000000000, 0.000000000000000000, -1.000000000000000000 ) ) ;
#908 = AXIS2_PLACEMENT_3D ( 'NONE', #8252, #1535, #4936 ) ;
#909 = ORIENTED_EDGE ( 'NONE', *, *, #1253, .F. ) ;
#910 = ORIENTED_EDGE ( 'NONE', *, *, #296, .F. ) ;
#911 = EDGE_CURVE ( 'NONE', #5156, #7824, #4645, .T. ) ;
#912 = CARTESIAN_POINT ( 'NONE',  ( 104.4459999999999980, 3.000000000000000000, -111.7239999999999895 ) ) ;
#913 = EDGE_LOOP ( 'NONE', ( #2866, #8201 ) ) ;
#914 = VERTEX_POINT ( 'NONE', #6164 ) ;
#915 = AXIS2_PLACEMENT_3D ( 'NONE', #5589, #960, #6294 ) ;
#916 = VERTEX_POINT ( 'NONE', #1244 ) ;
#917 = DIRECTION ( 'NONE',  ( 0.000000000000000000, -1.000000000000000000, 0.000000000000000000 ) ) ;
#918 = ADVANCED_FACE ( 'NONE', ( #3984 ), #8223, .F. ) ;
#919 = CARTESIAN_POINT ( 'NONE',  ( 140.0000000000000000, 10.00000000000000000, -5.000000000000000000 ) ) ;
#920 = CARTESIAN_POINT ( 'NONE',  ( 117.2239999999999895, 3.000000000000000000, -22.27799999999999159 ) ) ;
#921 = CARTESIAN_POINT ( 'NONE',  ( 27.77799999999999869, 3.000000000000000000, -9.500000000000003553 ) ) ;
#922 = ORIENTED_EDGE ( 'NONE', *, *, #2716, .F. ) ;
#923 = AXIS2_PLACEMENT_3D ( 'NONE', #8391, #4909, #4995 ) ;
#924 = ORIENTED_EDGE ( 'NONE', *, *, #8546, .F. ) ;
#925 = CYLINDRICAL_SURFACE ( 'NONE', #5557, 5.499999999999998224 ) ;
#926 = DIRECTION ( 'NONE',  ( 0.000000000000000000, -0.000000000000000000, 1.000000000000000000 ) ) ;
#927 = EDGE_LOOP ( 'NONE', ( #8607, #5751 ) ) ;
#928 = CARTESIAN_POINT ( 'NONE',  ( 40.55599999999999739, 3.000000000000000000, -27.77799999999999869 ) ) ;
#929 = CYLINDRICAL_SURFACE ( 'NONE', #4256, 5.500000000000005329 ) ;
#930 = LINE ( 'NONE', #3585, #3362 ) ;
#931 = VERTEX_POINT ( 'NONE', #36 ) ;
#932 = CARTESIAN_POINT ( 'NONE',  ( 78.89000000000000057, 3.000000000000000000, -9.499999999999996447 ) ) ;
#933 = VERTEX_POINT ( 'NONE', #7551 ) ;
#934 = DIRECTION ( 'NONE',  ( 0.000000000000000000, -1.000000000000000000, 0.000000000000000000 ) ) ;
#935 = DIRECTION ( 'NONE',  ( 0.000000000000000000, 0.000000000000000000, 1.000000000000000000 ) ) ;
#936 = AXIS2_PLACEMENT_3D ( 'NONE', #3243, #2484, #6548 ) ;
#937 = CARTESIAN_POINT ( 'NONE',  ( 15.00000000000000000, 0.000000000000000000, -97.16800000000000637 ) ) ;
#938 = EDGE_LOOP ( 'NONE', ( #354, #7720 ) ) ;
#939 = DIRECTION ( 'NONE',  ( 0.000000000000000000, -1.000000000000000000, 0.000000000000000000 ) ) ;
#940 = ADVANCED_FACE ( 'NONE', ( #3355 ), #4168, .F. ) ;
#941 = CARTESIAN_POINT ( 'NONE',  ( 104.4459999999999980, 3.000000000000000000, -86.16799999999999216 ) ) ;
#942 = DIRECTION ( 'NONE',  ( 0.000000000000000000, 0.000000000000000000, 1.000000000000000000 ) ) ;
#943 = ADVANCED_FACE ( 'NONE', ( #7080 ), #5027, .F. ) ;
#944 = CARTESIAN_POINT ( 'NONE',  ( 53.33399999999999608, 3.000000000000000000, -46.05599999999999028 ) ) ;
#945 = CARTESIAN_POINT ( 'NONE',  ( 78.89000000000000057, 3.000000000000000000, -97.16800000000000637 ) ) ;
#946 = CARTESIAN_POINT ( 'NONE',  ( 104.4459999999999980, 0.000000000000000000, -84.39000000000000057 ) ) ;
#947 = ORIENTED_EDGE ( 'NONE', *, *, #364, .F. ) ;
#948 = VERTEX_POINT ( 'NONE', #912 ) ;
#949 = CARTESIAN_POINT ( 'NONE',  ( 91.66800000000000637, 3.000000000000000000, -35.05599999999999028 ) ) ;
#950 = VECTOR ( 'NONE', #764, 1000.000000000000000 ) ;
#951 = EDGE_LOOP ( 'NONE', ( #8735, #7203 ) ) ;
#952 = EDGE_CURVE ( 'NONE', #8205, #1893, #5741, .T. ) ;
#953 = ORIENTED_EDGE ( 'NONE', *, *, #3643, .F. ) ;
#954 = ORIENTED_EDGE ( 'NONE', *, *, #7784, .F. ) ;
#955 = CARTESIAN_POINT ( 'NONE',  ( 66.11200000000000898, 3.000000000000000000, -78.89000000000000057 ) ) ;
#956 = EDGE_CURVE ( 'NONE', #1274, #7966, #689, .T. ) ;
#957 = CARTESIAN_POINT ( 'NONE',  ( 91.66800000000000637, 3.000000000000000000, -122.7240000000000038 ) ) ;
#958 = CIRCLE ( 'NONE', #5957, 5.499999999999991118 ) ;
#959 = DIRECTION ( 'NONE',  ( 0.000000000000000000, 0.000000000000000000, -1.000000000000000000 ) ) ;
#960 = DIRECTION ( 'NONE',  ( 0.000000000000000000, 1.000000000000000000, 0.000000000000000000 ) ) ;
#961 = ORIENTED_EDGE ( 'NONE', *, *, #7702, .F. ) ;
#962 = ORIENTED_EDGE ( 'NONE', *, *, #4105, .T. ) ;
#963 = EDGE_CURVE ( 'NONE', #7778, #7257, #3979, .T. ) ;
#964 = DIRECTION ( 'NONE',  ( 0.000000000000000000, 0.000000000000000000, 1.000000000000000000 ) ) ;
#965 = CIRCLE ( 'NONE', #4832, 5.499999999999991118 ) ;
#966 = LINE ( 'NONE', #8358, #7114 ) ;
#967 = ORIENTED_EDGE ( 'NONE', *, *, #8286, .T. ) ;
#968 = VECTOR ( 'NONE', #4620, 1000.000000000000000 ) ;
#969 = DIRECTION ( 'NONE',  ( 0.000000000000000000, -1.000000000000000000, 0.000000000000000000 ) ) ;
#970 = EDGE_CURVE ( 'NONE', #5026, #4997, #8257, .T. ) ;
#971 = EDGE_CURVE ( 'NONE', #1372, #3653, #1717, .T. ) ;
#972 = PLANE ( 'NONE',  #8813 ) ;
#973 = CIRCLE ( 'NONE', #2429, 5.499999999999998224 ) ;
#974 = CIRCLE ( 'NONE', #5969, 4.000000000000003553 ) ;
#975 = DIRECTION ( 'NONE',  ( 0.000000000000000000, 0.000000000000000000, 1.000000000000000000 ) ) ;
#976 = VECTOR ( 'NONE', #8454, 1000.000000000000000 ) ;
#977 = ORIENTED_EDGE ( 'NONE', *, *, #7249, .F. ) ;
#978 = FACE_OUTER_BOUND ( 'NONE', #927, .T. ) ;
#979 = AXIS2_PLACEMENT_3D ( 'NONE', #5103, #1795, #5860 ) ;
#980 = AXIS2_PLACEMENT_3D ( 'NONE', #8080, #6825, #6061 ) ;
#981 = ORIENTED_EDGE ( 'NONE', *, *, #4748, .T. ) ;
#982 = FACE_OUTER_BOUND ( 'NONE', #4766, .T. ) ;
#983 = DIRECTION ( 'NONE',  ( 0.000000000000000000, 1.000000000000000000, 0.000000000000000000 ) ) ;
#984 = CIRCLE ( 'NONE', #1280, 5.500000000000005329 ) ;
#985 = VECTOR ( 'NONE', #2680, 1000.000000000000000 ) ;
#986 = DIRECTION ( 'NONE',  ( 0.000000000000000000, 0.000000000000000000, 1.000000000000000000 ) ) ;
#987 = ORIENTED_EDGE ( 'NONE', *, *, #956, .F. ) ;
#988 = FACE_OUTER_BOUND ( 'NONE', #4829, .T. ) ;
#989 = CARTESIAN_POINT ( 'NONE',  ( 104.4459999999999980, 0.000000000000000000, -78.89000000000000057 ) ) ;
#990 = CIRCLE ( 'NONE', #1141, 5.499999999999998224 ) ;
#991 = CIRCLE ( 'NONE', #6994, 5.500000000000005329 ) ;
#992 = PLANE ( 'NONE',  #7668 ) ;
#993 = CARTESIAN_POINT ( 'NONE',  ( 117.2239999999999895, 3.000000000000000000, -135.5020000000000095 ) ) ;
#994 = DIRECTION ( 'NONE',  ( 0.000000000000000000, 1.000000000000000000, 0.000000000000000000 ) ) ;
#995 = VERTEX_POINT ( 'NONE', #1668 ) ;
#996 = VERTEX_POINT ( 'NONE', #8271 ) ;
#997 = CIRCLE ( 'NONE', #1148, 5.500000000000005329 ) ;
#998 = CARTESIAN_POINT ( 'NONE',  ( 66.11200000000000898, 3.000000000000000000, -78.89000000000000057 ) ) ;
#999 = ORIENTED_EDGE ( 'NONE', *, *, #814, .F. ) ;
#1000 = ORIENTED_EDGE ( 'NONE', *, *, #1463, .F. ) ;
#1001 = DIRECTION ( 'NONE',  ( 0.000000000000000000, 1.000000000000000000, 0.000000000000000000 ) ) ;
#1002 = DIRECTION ( 'NONE',  ( 0.000000000000000000, 1.000000000000000000, 0.000000000000000000 ) ) ;
#1003 = CARTESIAN_POINT ( 'NONE',  ( 117.2239999999999895, 3.000000000000000000, -46.05599999999999739 ) ) ;
#1004 = ADVANCED_FACE ( 'NONE', ( #4446 ), #7799, .F. ) ;
#1005 = CARTESIAN_POINT ( 'NONE',  ( 15.00000000000000000, 3.000000000000000000, -40.55599999999999739 ) ) ;
#1006 = ORIENTED_EDGE ( 'NONE', *, *, #1463, .T. ) ;
#1007 = ORIENTED_EDGE ( 'NONE', *, *, #3884, .T. ) ;
#1008 = ADVANCED_FACE ( 'NONE', ( #6409 ), #3066, .F. ) ;
#1009 = PLANE ( 'NONE',  #1544 ) ;
#1010 = ORIENTED_EDGE ( 'NONE', *, *, #6466, .T. ) ;
#1011 = DIRECTION ( 'NONE',  ( 0.000000000000000000, -1.000000000000000000, 0.000000000000000000 ) ) ;
#1012 = ORIENTED_EDGE ( 'NONE', *, *, #7798, .F. ) ;
#1013 = CARTESIAN_POINT ( 'NONE',  ( 40.55599999999999739, 3.000000000000000000, -109.9459999999999837 ) ) ;
#1014 = CARTESIAN_POINT ( 'NONE',  ( 117.2239999999999895, 3.000000000000000000, -97.16800000000000637 ) ) ;
#1015 = ADVANCED_FACE ( 'NONE', ( #2975 ), #1586, .F. ) ;
#1016 = CARTESIAN_POINT ( 'NONE',  ( 91.66800000000000637, 0.000000000000000000, -73.39000000000000057 ) ) ;
#1017 = DIRECTION ( 'NONE',  ( 0.000000000000000000, -0.000000000000000000, 1.000000000000000000 ) ) ;
#1018 = ORIENTED_EDGE ( 'NONE', *, *, #2451, .F. ) ;
#1019 = ADVANCED_FACE ( 'NONE', ( #5698 ), #2438, .F. ) ;
#1020 = DIRECTION ( 'NONE',  ( 0.000000000000000000, 0.000000000000000000, 1.000000000000000000 ) ) ;
#1021 = AXIS2_PLACEMENT_3D ( 'NONE', #8645, #5961, #8694 ) ;
#1022 = VERTEX_POINT ( 'NONE', #949 ) ;
#1023 = FACE_OUTER_BOUND ( 'NONE', #8341, .T. ) ;
#1024 = ADVANCED_FACE ( 'NONE', ( #3688 ), #286, .F. ) ;
#1025 = CARTESIAN_POINT ( 'NONE',  ( 40.55599999999999739, 3.000000000000000000, -53.33399999999999608 ) ) ;
#1026 = AXIS2_PLACEMENT_3D ( 'NONE', #7121, #2969, #323 ) ;
#1027 = CARTESIAN_POINT ( 'NONE',  ( 15.00000000000000000, 3.000000000000000000, -130.0020000000000095 ) ) ;
#1028 = ORIENTED_EDGE ( 'NONE', *, *, #524, .F. ) ;
#1029 = LINE ( 'NONE', #3055, #6260 ) ;
#1030 = LINE ( 'NONE', #4391, #6555 ) ;
#1031 = AXIS2_PLACEMENT_3D ( 'NONE', #11, #2606, #8153 ) ;
#1032 = DIRECTION ( 'NONE',  ( 0.000000000000000000, 0.000000000000000000, 1.000000000000000000 ) ) ;
#1033 = FACE_OUTER_BOUND ( 'NONE', #2858, .T. ) ;
#1034 = LINE ( 'NONE', #945, #1343 ) ;
#1035 = APPLICATION_PROTOCOL_DEFINITION ( 'international standard', 'config_control_design', 1994, #544 ) ;
#1036 = VECTOR ( 'NONE', #1442, 1000.000000000000000 ) ;
#1037 = ORIENTED_EDGE ( 'NONE', *, *, #6172, .T. ) ;
#1038 = ORIENTED_EDGE ( 'NONE', *, *, #5323, .F. ) ;
#1039 = DIRECTION ( 'NONE',  ( 0.000000000000000000, 1.000000000000000000, 0.000000000000000000 ) ) ;
#1040 = CIRCLE ( 'NONE', #2913, 5.500000000000005329 ) ;
#1041 = EDGE_LOOP ( 'NONE', ( #8313, #5145 ) ) ;
#1042 = ORIENTED_EDGE ( 'NONE', *, *, #2925, .T. ) ;
#1043 = DIRECTION ( 'NONE',  ( 0.000000000000000000, 0.000000000000000000, 1.000000000000000000 ) ) ;
#1044 = AXIS2_PLACEMENT_3D ( 'NONE', #7380, #4708, #7433 ) ;
#1045 = DIRECTION ( 'NONE',  ( 0.000000000000000000, -1.000000000000000000, 0.000000000000000000 ) ) ;
#1046 = CARTESIAN_POINT ( 'NONE',  ( 104.4459999999999980, 3.000000000000000000, -117.2239999999999895 ) ) ;
#1047 = CARTESIAN_POINT ( 'NONE',  ( 53.33399999999999608, 3.000000000000000000, -97.16800000000000637 ) ) ;
#1048 = ORIENTED_EDGE ( 'NONE', *, *, #451, .F. ) ;
#1049 = ORIENTED_EDGE ( 'NONE', *, *, #2293, .T. ) ;
#1050 = DIRECTION ( 'NONE',  ( 0.000000000000000000, 1.000000000000000000, 0.000000000000000000 ) ) ;
#1051 = CIRCLE ( 'NONE', #3354, 2.250000000000001776 ) ;
#1052 = ORIENTED_EDGE ( 'NONE', *, *, #3161, .T. ) ;
#1053 = CARTESIAN_POINT ( 'NONE',  ( 15.00000000000000000, 0.000000000000000000, -33.27799999999999159 ) ) ;
#1054 = EDGE_CURVE ( 'NONE', #2387, #1937, #7215, .T. ) ;
#1055 = ORIENTED_EDGE ( 'NONE', *, *, #189, .F. ) ;
#1056 = DIRECTION ( 'NONE',  ( 0.000000000000000000, -1.000000000000000000, 0.000000000000000000 ) ) ;
#1057 = FACE_OUTER_BOUND ( 'NONE', #4172, .T. ) ;
#1058 = EDGE_CURVE ( 'NONE', #4279, #8481, #114, .T. ) ;
#1060 = FACE_BOUND ( 'NONE', #6701, .T. ) ;
#1059 = AXIS2_PLACEMENT_3D ( 'NONE', #3116, #5788, #5213 ) ;
#1061 = CYLINDRICAL_SURFACE ( 'NONE', #6930, 5.500000000000005329 ) ;
#1062 = ORIENTED_EDGE ( 'NONE', *, *, #904, .T. ) ;
#1063 = CARTESIAN_POINT ( 'NONE',  ( 104.4459999999999980, 3.000000000000000000, -22.27799999999999159 ) ) ;
#1064 = AXIS2_PLACEMENT_3D ( 'NONE', #137, #4298, #5049 ) ;
#1065 = EDGE_CURVE ( 'NONE', #6119, #7450, #372, .T. ) ;
#1066 = DIRECTION ( 'NONE',  ( 0.000000000000000000, 1.000000000000000000, 0.000000000000000000 ) ) ;
#1067 = AXIS2_PLACEMENT_3D ( 'NONE', #8553, #8592, #2475 ) ;
#1068 = EDGE_LOOP ( 'NONE', ( #8463, #1967 ) ) ;
#1069 = CYLINDRICAL_SURFACE ( 'NONE', #2422, 5.499999999999991118 ) ;
#1070 = ADVANCED_FACE ( 'NONE', ( #8556 ), #5159, .F. ) ;
#1071 = VECTOR ( 'NONE', #7623, 1000.000000000000000 ) ;
#1072 = DIRECTION ( 'NONE',  ( 0.000000000000000000, -1.000000000000000000, 0.000000000000000000 ) ) ;
#1073 = VERTEX_POINT ( 'NONE', #4712 ) ;
#1074 = DIRECTION ( 'NONE',  ( 0.000000000000000000, 0.000000000000000000, 1.000000000000000000 ) ) ;
#1075 = EDGE_CURVE ( 'NONE', #4910, #8233, #7547, .T. ) ;
#1076 = FACE_OUTER_BOUND ( 'NONE', #5160, .T. ) ;
#1077 = CARTESIAN_POINT ( 'NONE',  ( 15.00000000000000000, 3.000000000000000000, -130.0020000000000095 ) ) ;
#1078 = EDGE_CURVE ( 'NONE', #6822, #8568, #6254, .T. ) ;
#1079 = CYLINDRICAL_SURFACE ( 'NONE', #5184, 5.500000000000005329 ) ;
#1080 = CARTESIAN_POINT ( 'NONE',  ( 53.33399999999999608, 0.000000000000000000, -47.83400000000000318 ) ) ;
#1081 = CARTESIAN_POINT ( 'NONE',  ( 0.000000000000000000, 0.000000000000000000, 0.000000000000000000 ) ) ;
#1082 = EDGE_LOOP ( 'NONE', ( #1432, #4191, #6106, #4056 ) ) ;
#1083 = VERTEX_POINT ( 'NONE', #2522 ) ;
#1084 = DIRECTION ( 'NONE',  ( 0.000000000000000000, 1.000000000000000000, 0.000000000000000000 ) ) ;
#1085 = VECTOR ( 'NONE', #3336, 1000.000000000000000 ) ;
#1086 = ORIENTED_EDGE ( 'NONE', *, *, #8024, .F. ) ;
#1087 = ORIENTED_EDGE ( 'NONE', *, *, #1726, .F. ) ;
#1088 = DIRECTION ( 'NONE',  ( 0.000000000000000000, 0.000000000000000000, 1.000000000000000000 ) ) ;
#1089 = CARTESIAN_POINT ( 'NONE',  ( 117.2239999999999895, 0.000000000000000000, -47.83399999999999608 ) ) ;
#1090 = DIRECTION ( 'NONE',  ( 0.000000000000000000, -1.000000000000000000, 0.000000000000000000 ) ) ;
#1091 = CYLINDRICAL_SURFACE ( 'NONE', #3510, 5.500000000000005329 ) ;
#1092 = VECTOR ( 'NONE', #232, 1000.000000000000000 ) ;
#1093 = ORIENTED_EDGE ( 'NONE', *, *, #3310, .T. ) ;
#1094 = VERTEX_POINT ( 'NONE', #6586 ) ;
#1095 = CARTESIAN_POINT ( 'NONE',  ( 15.00000000000000000, 0.000000000000000000, -86.16799999999999216 ) ) ;
#1096 = VERTEX_POINT ( 'NONE', #4532 ) ;
#1097 = CYLINDRICAL_SURFACE ( 'NONE', #7696, 5.499999999999998224 ) ;
#1098 = CIRCLE ( 'NONE', #5391, 5.499999999999998224 ) ;
#1099 = ORIENTED_EDGE ( 'NONE', *, *, #6974, .T. ) ;
#1100 = PLANE ( 'NONE',  #2298 ) ;
#1101 = CARTESIAN_POINT ( 'NONE',  ( 78.89000000000000057, 3.000000000000000000, -111.7239999999999895 ) ) ;
#1102 = FACE_BOUND ( 'NONE', #7217, .T. ) ;
#1103 = CIRCLE ( 'NONE', #3684, 5.499999999999991118 ) ;
#1104 = DIRECTION ( 'NONE',  ( 0.000000000000000000, 0.000000000000000000, 1.000000000000000000 ) ) ;
#1105 = ORIENTED_EDGE ( 'NONE', *, *, #1852, .F. ) ;
#1106 = CARTESIAN_POINT ( 'NONE',  ( 66.11200000000000898, 0.000000000000000000, -111.7239999999999895 ) ) ;
#1107 = AXIS2_PLACEMENT_3D ( 'NONE', #5453, #5406, #6882 ) ;
#1108 = EDGE_CURVE ( 'NONE', #6779, #1540, #2402, .T. ) ;
#1109 = DIRECTION ( 'NONE',  ( 0.000000000000000000, 0.000000000000000000, 1.000000000000000000 ) ) ;
#1110 = ORIENTED_EDGE ( 'NONE', *, *, #4469, .T. ) ;
#1111 = CARTESIAN_POINT ( 'NONE',  ( 145.0000000000000000, 10.00000000000000000, -145.0000000000000000 ) ) ;
#1112 = CIRCLE ( 'NONE', #3983, 5.500000000000005329 ) ;
#1113 = CIRCLE ( 'NONE', #8118, 5.500000000000018652 ) ;
#1114 = EDGE_CURVE ( 'NONE', #5598, #5615, #7387, .T. ) ;
#1115 = DIRECTION ( 'NONE',  ( 0.000000000000000000, -1.000000000000000000, 0.000000000000000000 ) ) ;
#1116 = ORIENTED_EDGE ( 'NONE', *, *, #3051, .T. ) ;
#1117 = AXIS2_PLACEMENT_3D ( 'NONE', #3212, #8573, #6602 ) ;
#1118 = DIRECTION ( 'NONE',  ( 0.000000000000000000, 0.000000000000000000, -1.000000000000000000 ) ) ;
#1119 = EDGE_LOOP ( 'NONE', ( #3047, #5750 ) ) ;
#1120 = EDGE_CURVE ( 'NONE', #6174, #284, #7106, .T. ) ;
#1121 = VECTOR ( 'NONE', #6663, 1000.000000000000000 ) ;
#1122 = DIRECTION ( 'NONE',  ( 0.000000000000000000, 1.000000000000000000, 0.000000000000000000 ) ) ;
#1123 = CARTESIAN_POINT ( 'NONE',  ( 78.89000000000000057, 3.000000000000000000, -86.16799999999999216 ) ) ;
#1124 = CARTESIAN_POINT ( 'NONE',  ( 91.66800000000000637, 3.000000000000000000, -104.4459999999999980 ) ) ;
#1125 = AXIS2_PLACEMENT_3D ( 'NONE', #3011, #5730, #8044 ) ;
#1126 = DIRECTION ( 'NONE',  ( 0.000000000000000000, 1.000000000000000000, 0.000000000000000000 ) ) ;
#1127 = EDGE_CURVE ( 'NONE', #7549, #5354, #3690, .T. ) ;
#1128 = APPROVAL_ROLE ( '' ) ;
#1129 = EDGE_LOOP ( 'NONE', ( #3390, #7275, #3025, #489 ) ) ;
#1130 = ORIENTED_EDGE ( 'NONE', *, *, #3272, .F. ) ;
#1131 = CARTESIAN_POINT ( 'NONE',  ( 117.2239999999999895, 3.000000000000000000, -15.00000000000000000 ) ) ;
#1132 = EDGE_CURVE ( 'NONE', #5477, #841, #6542, .T. ) ;
#1133 = VECTOR ( 'NONE', #8408, 1000.000000000000000 ) ;
#1134 = CIRCLE ( 'NONE', #3720, 5.500000000000005329 ) ;
#1135 = ORIENTED_EDGE ( 'NONE', *, *, #2262, .T. ) ;
#1136 = VERTEX_POINT ( 'NONE', #5299 ) ;
#1137 = CARTESIAN_POINT ( 'NONE',  ( 53.33399999999999608, 0.000000000000000000, -111.7239999999999895 ) ) ;
#1138 = PLANE ( 'NONE',  #8323 ) ;
#1139 = DIRECTION ( 'NONE',  ( 0.000000000000000000, 0.000000000000000000, -1.000000000000000000 ) ) ;
#1140 = EDGE_CURVE ( 'NONE', #5591, #178, #5381, .T. ) ;
#1141 = AXIS2_PLACEMENT_3D ( 'NONE', #7866, #345, #302 ) ;
#1142 = DIRECTION ( 'NONE',  ( 0.000000000000000000, 0.000000000000000000, 1.000000000000000000 ) ) ;
#1143 = ORIENTED_EDGE ( 'NONE', *, *, #7908, .T. ) ;
#1144 = EDGE_LOOP ( 'NONE', ( #7652, #87, #1038, #3111 ) ) ;
#1145 = DIRECTION ( 'NONE',  ( 0.000000000000000000, 0.000000000000000000, 1.000000000000000000 ) ) ;
#1146 = ORIENTED_EDGE ( 'NONE', *, *, #3003, .T. ) ;
#1147 = LINE ( 'NONE', #8654, #404 ) ;
#1148 = AXIS2_PLACEMENT_3D ( 'NONE', #119, #4727, #5400 ) ;
#1149 = EDGE_LOOP ( 'NONE', ( #8422, #1566, #2191, #5655 ) ) ;
#1150 = DIRECTION ( 'NONE',  ( 0.000000000000000000, 1.000000000000000000, 0.000000000000000000 ) ) ;
#1151 = CARTESIAN_POINT ( 'NONE',  ( 130.0020000000000095, 0.000000000000000000, -15.00000000000000000 ) ) ;
#1152 = FACE_BOUND ( 'NONE', #1186, .T. ) ;
#1153 = CYLINDRICAL_SURFACE ( 'NONE', #2791, 5.499999999999991118 ) ;
#1154 = ORIENTED_EDGE ( 'NONE', *, *, #2170, .F. ) ;
#1155 = CARTESIAN_POINT ( 'NONE',  ( 15.00000000000000000, 3.000000000000000000, -40.55599999999999739 ) ) ;
#1156 = CARTESIAN_POINT ( 'NONE',  ( 40.55599999999999739, 3.000000000000000000, -124.5019999999999953 ) ) ;
#1157 = ORIENTED_EDGE ( 'NONE', *, *, #4099, .F. ) ;
#1158 = CYLINDRICAL_SURFACE ( 'NONE', #6704, 5.500000000000018652 ) ;
#1159 = CARTESIAN_POINT ( 'NONE',  ( 117.2239999999999895, 3.000000000000000000, -40.55599999999999739 ) ) ;
#1160 = VERTEX_POINT ( 'NONE', #458 ) ;
#1161 = CARTESIAN_POINT ( 'NONE',  ( 78.89000000000000057, 3.000000000000000000, -40.55599999999999739 ) ) ;
#1162 = ORIENTED_EDGE ( 'NONE', *, *, #7961, .T. ) ;
#1163 = CARTESIAN_POINT ( 'NONE',  ( 0.000000000000000000, 10.00000000000000000, 0.000000000000000000 ) ) ;
#1164 = EDGE_CURVE ( 'NONE', #4580, #170, #8641, .T. ) ;
#1165 = CARTESIAN_POINT ( 'NONE',  ( 15.00000000000000000, 3.000000000000000000, -15.00000000000000000 ) ) ;
#1166 = AXIS2_PLACEMENT_3D ( 'NONE', #5919, #3202, #2618 ) ;
#1167 = CARTESIAN_POINT ( 'NONE',  ( 91.66800000000000637, 3.000000000000000000, -91.66800000000000637 ) ) ;
#1168 = LINE ( 'NONE', #7337, #7189 ) ;
#1169 = EDGE_CURVE ( 'NONE', #3595, #6408, #3271, .T. ) ;
#1170 = FACE_OUTER_BOUND ( 'NONE', #7056, .T. ) ;
#1171 = EDGE_LOOP ( 'NONE', ( #6545, #8788, #1086, #602 ) ) ;
#1172 = ORIENTED_EDGE ( 'NONE', *, *, #3872, .F. ) ;
#1173 = DIRECTION ( 'NONE',  ( 0.000000000000000000, 1.000000000000000000, 0.000000000000000000 ) ) ;
#1174 = CIRCLE ( 'NONE', #1026, 5.500000000000005329 ) ;
#1175 = ORIENTED_EDGE ( 'NONE', *, *, #6172, .F. ) ;
#1176 = ADVANCED_FACE ( 'NONE', ( #3959 ), #8687, .F. ) ;
#1177 = EDGE_LOOP ( 'NONE', ( #344, #8560 ) ) ;
#1178 = DIRECTION ( 'NONE',  ( 0.000000000000000000, 1.000000000000000000, 0.000000000000000000 ) ) ;
#1179 = DIRECTION ( 'NONE',  ( 0.000000000000000000, 0.000000000000000000, -1.000000000000000000 ) ) ;
#1180 = CIRCLE ( 'NONE', #6185, 5.499999999999998224 ) ;
#1181 = DIRECTION ( 'NONE',  ( 0.000000000000000000, 1.000000000000000000, 0.000000000000000000 ) ) ;
#1182 = EDGE_CURVE ( 'NONE', #7608, #3167, #838, .T. ) ;
#1183 = ADVANCED_FACE ( 'NONE', ( #5868 ), #7259, .F. ) ;
#1184 = CARTESIAN_POINT ( 'NONE',  ( 66.11200000000000898, 3.000000000000000000, -9.499999999999996447 ) ) ;
#1185 = VECTOR ( 'NONE', #121, 1000.000000000000000 ) ;
#1186 = EDGE_LOOP ( 'NONE', ( #562, #218 ) ) ;
#1187 = EDGE_LOOP ( 'NONE', ( #6903, #2308, #2611, #2570 ) ) ;
#1188 = CARTESIAN_POINT ( 'NONE',  ( 15.00000000000000000, 0.000000000000000000, -47.83400000000000318 ) ) ;
#1189 = AXIS2_PLACEMENT_3D ( 'NONE', #2021, #4085, #48 ) ;
#1190 = ORIENTED_EDGE ( 'NONE', *, *, #314, .F. ) ;
#1191 = ADVANCED_FACE ( 'NONE', ( #2658 ), #1853, .F. ) ;
#1192 = CARTESIAN_POINT ( 'NONE',  ( 104.4459999999999980, 3.000000000000000000, -117.2239999999999895 ) ) ;
#1193 = CIRCLE ( 'NONE', #6192, 5.500000000000018652 ) ;
#1194 = VERTEX_POINT ( 'NONE', #505 ) ;
#1195 = CARTESIAN_POINT ( 'NONE',  ( 15.00000000000000000, 3.000000000000000000, -40.55599999999999739 ) ) ;
#1196 = PLANE ( 'NONE',  #6244 ) ;
#1197 = FACE_BOUND ( 'NONE', #3926, .T. ) ;
#1198 = DIRECTION ( 'NONE',  ( 0.000000000000000000, 0.000000000000000000, 1.000000000000000000 ) ) ;
#1199 = CIRCLE ( 'NONE', #3063, 5.500000000000005329 ) ;
#1200 = DIRECTION ( 'NONE',  ( 0.000000000000000000, 1.000000000000000000, 0.000000000000000000 ) ) ;
#1201 = ORIENTED_EDGE ( 'NONE', *, *, #6478, .F. ) ;
#1202 = DIRECTION ( 'NONE',  ( 0.000000000000000000, -1.000000000000000000, 0.000000000000000000 ) ) ;
#1203 = DIRECTION ( 'NONE',  ( 0.000000000000000000, -0.000000000000000000, 1.000000000000000000 ) ) ;
#1204 = ORIENTED_EDGE ( 'NONE', *, *, #1306, .F. ) ;
#1205 = FACE_OUTER_BOUND ( 'NONE', #8249, .T. ) ;
#1206 = CIRCLE ( 'NONE', #7640, 5.500000000000018652 ) ;
#1207 = AXIS2_PLACEMENT_3D ( 'NONE', #4378, #7103, #6433 ) ;
#1208 = CARTESIAN_POINT ( 'NONE',  ( 104.4459999999999980, 3.000000000000000000, -135.5020000000000095 ) ) ;
#1209 = ORIENTED_EDGE ( 'NONE', *, *, #1526, .F. ) ;
#1210 = AXIS2_PLACEMENT_3D ( 'NONE', #8045, #4778, #2052 ) ;
#1211 = CARTESIAN_POINT ( 'NONE',  ( 78.89000000000000057, 3.000000000000000000, -46.05599999999999739 ) ) ;
#1212 = AXIS2_PLACEMENT_3D ( 'NONE', #3431, #4672, #5305 ) ;
#1213 = EDGE_LOOP ( 'NONE', ( #185, #5570, #7093, #7706 ) ) ;
#1214 = CARTESIAN_POINT ( 'NONE',  ( 91.66800000000000637, 0.000000000000000000, -124.5019999999999953 ) ) ;
#1215 = DIRECTION ( 'NONE',  ( 0.000000000000000000, 0.000000000000000000, 1.000000000000000000 ) ) ;
#1216 = DIRECTION ( 'NONE',  ( 0.000000000000000000, 1.000000000000000000, 0.000000000000000000 ) ) ;
#1217 = EDGE_LOOP ( 'NONE', ( #4852, #5129 ) ) ;
#1218 = EDGE_LOOP ( 'NONE', ( #2038, #1062, #295, #1727 ) ) ;
#1219 = EDGE_CURVE ( 'NONE', #2692, #5658, #400, .T. ) ;
#1220 = UNCERTAINTY_MEASURE_WITH_UNIT (LENGTH_MEASURE( 1.000000000000000082E-05 ), #7842, 'distance_accuracy_value', 'NONE');
#1221 = DIRECTION ( 'NONE',  ( 0.000000000000000000, 0.000000000000000000, 1.000000000000000000 ) ) ;
#1222 = VERTEX_POINT ( 'NONE', #3239 ) ;
#1223 = EDGE_CURVE ( 'NONE', #2682, #4789, #1113, .T. ) ;
#1224 = ORIENTED_EDGE ( 'NONE', *, *, #1664, .T. ) ;
#1225 = CYLINDRICAL_SURFACE ( 'NONE', #936, 5.500000000000005329 ) ;
#1226 = CARTESIAN_POINT ( 'NONE',  ( 117.2239999999999895, 3.000000000000000000, -135.5020000000000095 ) ) ;
#1227 = DIRECTION ( 'NONE',  ( 0.000000000000000000, 0.000000000000000000, 1.000000000000000000 ) ) ;
#1228 = DIRECTION ( 'NONE',  ( 0.000000000000000000, 1.000000000000000000, 0.000000000000000000 ) ) ;
#1229 = ORIENTED_EDGE ( 'NONE', *, *, #6432, .T. ) ;
#1230 = ADVANCED_FACE ( 'NONE', ( #8108 ), #3154, .F. ) ;
#1231 = AXIS2_PLACEMENT_3D ( 'NONE', #5120, #3112, #5253 ) ;
#1232 = ORIENTED_EDGE ( 'NONE', *, *, #3707, .F. ) ;
#1233 = CARTESIAN_POINT ( 'NONE',  ( 40.55599999999999739, 3.000000000000000000, -91.66800000000000637 ) ) ;
#1234 = ORIENTED_EDGE ( 'NONE', *, *, #568, .T. ) ;
#1235 = ADVANCED_FACE ( 'NONE', ( #2704 ), #6274, .F. ) ;
#1236 = CARTESIAN_POINT ( 'NONE',  ( 91.66800000000000637, 3.000000000000000000, -111.7239999999999895 ) ) ;
#1237 = EDGE_LOOP ( 'NONE', ( #1805, #3491, #3721, #987 ) ) ;
#1238 = DIRECTION ( 'NONE',  ( 0.000000000000000000, -1.000000000000000000, 0.000000000000000000 ) ) ;
#1239 = CARTESIAN_POINT ( 'NONE',  ( 27.77799999999999869, 3.000000000000000000, -15.00000000000000000 ) ) ;
#1240 = AXIS2_PLACEMENT_3D ( 'NONE', #8418, #4231, #190 ) ;
#1241 = FACE_BOUND ( 'NONE', #553, .T. ) ;
#1242 = DIRECTION ( 'NONE',  ( 0.000000000000000000, -1.000000000000000000, 0.000000000000000000 ) ) ;
#1243 = ADVANCED_FACE ( 'NONE', ( #5475 ), #6859, .F. ) ;
#1244 = CARTESIAN_POINT ( 'NONE',  ( 91.66800000000000637, 3.000000000000000000, -86.16799999999999216 ) ) ;
#1245 = VERTEX_POINT ( 'NONE', #7575 ) ;
#1246 = CARTESIAN_POINT ( 'NONE',  ( 78.89000000000000057, 3.000000000000000000, -40.55599999999999739 ) ) ;
#1247 = AXIS2_PLACEMENT_3D ( 'NONE', #8319, #2737, #5461 ) ;
#1248 = EDGE_CURVE ( 'NONE', #1937, #4437, #2842, .T. ) ;
#1249 = DIRECTION ( 'NONE',  ( 0.000000000000000000, -1.000000000000000000, 0.000000000000000000 ) ) ;
#1250 = ORIENTED_EDGE ( 'NONE', *, *, #7567, .F. ) ;
#1251 = CARTESIAN_POINT ( 'NONE',  ( 40.55599999999999739, 3.000000000000000000, -78.89000000000000057 ) ) ;
#1252 = CIRCLE ( 'NONE', #6392, 5.500000000000005329 ) ;
#1253 = EDGE_CURVE ( 'NONE', #7069, #6658, #3699, .T. ) ;
#1254 = CARTESIAN_POINT ( 'NONE',  ( 53.33399999999999608, 0.000000000000000000, -98.94600000000001216 ) ) ;
#1255 = EDGE_LOOP ( 'NONE', ( #5452, #2440 ) ) ;
#1256 = DIRECTION ( 'NONE',  ( 0.000000000000000000, 1.000000000000000000, 0.000000000000000000 ) ) ;
#1257 = ORIENTED_EDGE ( 'NONE', *, *, #3144, .T. ) ;
#1258 = CIRCLE ( 'NONE', #6258, 5.499999999999998224 ) ;
#1259 = DIRECTION ( 'NONE',  ( 0.000000000000000000, 0.000000000000000000, 1.000000000000000000 ) ) ;
#1260 = AXIS2_PLACEMENT_3D ( 'NONE', #7980, #5206, #1221 ) ;
#1261 = DIRECTION ( 'NONE',  ( 0.000000000000000000, 1.000000000000000000, 0.000000000000000000 ) ) ;
#1262 = CARTESIAN_POINT ( 'NONE',  ( 140.0000000000000000, 0.000000000000000000, -140.0000000000000000 ) ) ;
#1263 = DIRECTION ( 'NONE',  ( 0.000000000000000000, 0.000000000000000000, -1.000000000000000000 ) ) ;
#1264 = AXIS2_PLACEMENT_3D ( 'NONE', #706, #2091, #8126 ) ;
#1265 = APPROVAL_STATUS ( 'not_yet_approved' ) ;
#1266 = AXIS2_PLACEMENT_3D ( 'NONE', #2836, #1935, #8816 ) ;
#1267 = VERTEX_POINT ( 'NONE', #3422 ) ;
#1268 = ORIENTED_EDGE ( 'NONE', *, *, #5450, .T. ) ;
#1269 = DIRECTION ( 'NONE',  ( 0.000000000000000000, 1.000000000000000000, 0.000000000000000000 ) ) ;
#1270 = AXIS2_PLACEMENT_3D ( 'NONE', #51, #4836, #2741 ) ;
#1271 = ORIENTED_EDGE ( 'NONE', *, *, #4780, .F. ) ;
#1272 = AXIS2_PLACEMENT_3D ( 'NONE', #1976, #3368, #2515 ) ;
#1273 = AXIS2_PLACEMENT_3D ( 'NONE', #1292, #4599, #6790 ) ;
#1274 = VERTEX_POINT ( 'NONE', #1489 ) ;
#1275 = CARTESIAN_POINT ( 'NONE',  ( 78.89000000000000057, 3.000000000000000000, -78.89000000000000057 ) ) ;
#1276 = CARTESIAN_POINT ( 'NONE',  ( 91.66800000000000637, 3.000000000000000000, -40.55599999999999739 ) ) ;
#1277 = CARTESIAN_POINT ( 'NONE',  ( 5.000000000000000000, 4.000000000000000000, -140.0000000000000000 ) ) ;
#1278 = DIRECTION ( 'NONE',  ( 0.000000000000000000, -0.000000000000000000, 1.000000000000000000 ) ) ;
#1279 = EDGE_LOOP ( 'NONE', ( #6671, #4220, #3469, #1209 ) ) ;
#1280 = AXIS2_PLACEMENT_3D ( 'NONE', #894, #4433, #2289 ) ;
#1281 = AXIS2_PLACEMENT_3D ( 'NONE', #85, #1472, #3494 ) ;
#1282 = ORIENTED_EDGE ( 'NONE', *, *, #3817, .F. ) ;
#1283 = DIRECTION ( 'NONE',  ( 0.000000000000000000, -1.000000000000000000, 0.000000000000000000 ) ) ;
#1284 = EDGE_LOOP ( 'NONE', ( #800, #3902, #5031, #6782 ) ) ;
#1285 = DIRECTION ( 'NONE',  ( 0.000000000000000000, 0.000000000000000000, 1.000000000000000000 ) ) ;
#1286 = ORIENTED_EDGE ( 'NONE', *, *, #8401, .F. ) ;
#1287 = CARTESIAN_POINT ( 'NONE',  ( 40.55599999999999739, 0.000000000000000000, -78.89000000000000057 ) ) ;
#1288 = EDGE_CURVE ( 'NONE', #7809, #471, #7827, .T. ) ;
#1289 = CIRCLE ( 'NONE', #8424, 5.499999999999998224 ) ;
#1290 = DIRECTION ( 'NONE',  ( 0.000000000000000000, 1.000000000000000000, 0.000000000000000000 ) ) ;
#1291 = DIRECTION ( 'NONE',  ( 0.000000000000000000, 0.000000000000000000, 1.000000000000000000 ) ) ;
#1292 = CARTESIAN_POINT ( 'NONE',  ( 40.55599999999999739, 3.000000000000000000, -117.2239999999999895 ) ) ;
#1293 = EDGE_CURVE ( 'NONE', #2441, #4013, #4097, .T. ) ;
#1294 = DIRECTION ( 'NONE',  ( 0.000000000000000000, 1.000000000000000000, 0.000000000000000000 ) ) ;
#1295 = ORIENTED_EDGE ( 'NONE', *, *, #6655, .T. ) ;
#1296 = DIRECTION ( 'NONE',  ( 0.000000000000000000, -1.000000000000000000, 0.000000000000000000 ) ) ;
#1297 = CARTESIAN_POINT ( 'NONE',  ( 5.000000000000000000, 10.00000000000000000, -137.7500000000000000 ) ) ;
#1298 = ORIENTED_EDGE ( 'NONE', *, *, #5010, .F. ) ;
#1299 = DIRECTION ( 'NONE',  ( 0.000000000000000000, 0.000000000000000000, -1.000000000000000000 ) ) ;
#1300 = ADVANCED_FACE ( 'NONE', ( #2078 ), #643, .F. ) ;
#1301 = EDGE_CURVE ( 'NONE', #1446, #8792, #7527, .T. ) ;
#1302 = DIRECTION ( 'NONE',  ( 0.000000000000000000, -1.000000000000000000, 0.000000000000000000 ) ) ;
#1303 = ORIENTED_EDGE ( 'NONE', *, *, #4265, .T. ) ;
#1304 = FACE_OUTER_BOUND ( 'NONE', #6627, .T. ) ;
#1305 = CARTESIAN_POINT ( 'NONE',  ( 66.11200000000000898, 3.000000000000000000, -78.89000000000000057 ) ) ;
#1306 = EDGE_CURVE ( 'NONE', #4486, #2735, #2031, .T. ) ;
#1307 = DIRECTION ( 'NONE',  ( 0.000000000000000000, 0.000000000000000000, 1.000000000000000000 ) ) ;
#1308 = LINE ( 'NONE', #4576, #7911 ) ;
#1309 = FACE_OUTER_BOUND ( 'NONE', #3495, .T. ) ;
#1310 = DIRECTION ( 'NONE',  ( 0.000000000000000000, 1.000000000000000000, 0.000000000000000000 ) ) ;
#1311 = ORIENTED_EDGE ( 'NONE', *, *, #6970, .F. ) ;
#1312 = DIRECTION ( 'NONE',  ( 0.000000000000000000, 0.000000000000000000, -1.000000000000000000 ) ) ;
#1313 = ORIENTED_EDGE ( 'NONE', *, *, #2510, .T. ) ;
#1314 = AXIS2_PLACEMENT_3D ( 'NONE', #3697, #2263, #5747 ) ;
#1315 = ORIENTED_EDGE ( 'NONE', *, *, #8343, .F. ) ;
#1316 = CARTESIAN_POINT ( 'NONE',  ( 78.89000000000000057, 3.000000000000000000, -71.61200000000000898 ) ) ;
#1317 = DIRECTION ( 'NONE',  ( 0.000000000000000000, -1.000000000000000000, 0.000000000000000000 ) ) ;
#1318 = PLANE ( 'NONE',  #4062 ) ;
#1319 = CARTESIAN_POINT ( 'NONE',  ( 66.11200000000000898, 0.000000000000000000, -122.7240000000000038 ) ) ;
#1320 = ORIENTED_EDGE ( 'NONE', *, *, #1132, .F. ) ;
#1321 = AXIS2_PLACEMENT_3D ( 'NONE', #6148, #651, #8298 ) ;
#1322 = VERTEX_POINT ( 'NONE', #2205 ) ;
#1323 = CARTESIAN_POINT ( 'NONE',  ( 104.4459999999999980, 0.000000000000000000, -117.2239999999999895 ) ) ;
#1324 = ORIENTED_EDGE ( 'NONE', *, *, #8349, .T. ) ;
#1325 = DIRECTION ( 'NONE',  ( 0.000000000000000000, 0.000000000000000000, 1.000000000000000000 ) ) ;
#1326 = EDGE_LOOP ( 'NONE', ( #5803, #8022, #4579, #3894 ) ) ;
#1327 = CARTESIAN_POINT ( 'NONE',  ( 40.55599999999999739, 0.000000000000000000, -78.89000000000000057 ) ) ;
#1328 = AXIS2_PLACEMENT_3D ( 'NONE', #5425, #6853, #1307 ) ;
#1329 = FACE_OUTER_BOUND ( 'NONE', #4147, .T. ) ;
#1330 = CARTESIAN_POINT ( 'NONE',  ( 15.00000000000000000, 3.000000000000000000, -60.61200000000000898 ) ) ;
#1331 = DIRECTION ( 'NONE',  ( 0.000000000000000000, 0.000000000000000000, -1.000000000000000000 ) ) ;
#1332 = DIRECTION ( 'NONE',  ( 0.000000000000000000, 0.000000000000000000, -1.000000000000000000 ) ) ;
#1333 = EDGE_LOOP ( 'NONE', ( #6966, #6129, #5368, #4734 ) ) ;
#1334 = ADVANCED_FACE ( 'NONE', ( #6184 ), #4141, .F. ) ;
#1335 = CARTESIAN_POINT ( 'NONE',  ( 104.4459999999999980, 3.000000000000000000, -91.66800000000000637 ) ) ;
#1336 = CIRCLE ( 'NONE', #188, 5.499999999999998224 ) ;
#1337 = CARTESIAN_POINT ( 'NONE',  ( 78.89000000000000057, 0.000000000000000000, -15.00000000000000000 ) ) ;
#1338 = ORIENTED_EDGE ( 'NONE', *, *, #356, .T. ) ;
#1339 = CARTESIAN_POINT ( 'NONE',  ( 40.55599999999999739, 0.000000000000000000, -84.38999999999998636 ) ) ;
#1340 = ADVANCED_FACE ( 'NONE', ( #4848 ), #4053, .F. ) ;
#1341 = DIRECTION ( 'NONE',  ( 0.000000000000000000, 1.000000000000000000, 0.000000000000000000 ) ) ;
#1342 = AXIS2_PLACEMENT_3D ( 'NONE', #5237, #2598, #7876 ) ;
#1343 = VECTOR ( 'NONE', #3190, 1000.000000000000000 ) ;
#1344 = CARTESIAN_POINT ( 'NONE',  ( 27.77799999999999869, 3.000000000000000000, -78.89000000000000057 ) ) ;
#1345 = ORIENTED_EDGE ( 'NONE', *, *, #4802, .T. ) ;
#1346 = EDGE_CURVE ( 'NONE', #1382, #3603, #122, .T. ) ;
#1347 = DIRECTION ( 'NONE',  ( 0.000000000000000000, -0.000000000000000000, 1.000000000000000000 ) ) ;
#1348 = AXIS2_PLACEMENT_3D ( 'NONE', #123, #4244, #797 ) ;
#1349 = PLANE ( 'NONE',  #5136 ) ;
#1350 = EDGE_CURVE ( 'NONE', #1512, #8648, #3377, .T. ) ;
#1351 = ADVANCED_FACE ( 'NONE', ( #5520 ), #821, .F. ) ;
#1352 = DIRECTION ( 'NONE',  ( 0.000000000000000000, 1.000000000000000000, 0.000000000000000000 ) ) ;
#1353 = CARTESIAN_POINT ( 'NONE',  ( 91.66800000000000637, 3.000000000000000000, -20.50000000000000355 ) ) ;
#1354 = DIRECTION ( 'NONE',  ( 0.000000000000000000, -1.000000000000000000, 0.000000000000000000 ) ) ;
#1355 = AXIS2_PLACEMENT_3D ( 'NONE', #1994, #5483, #4631 ) ;
#1356 = CARTESIAN_POINT ( 'NONE',  ( 117.2239999999999895, 3.000000000000000000, -66.11200000000000898 ) ) ;
#1357 = ORIENTED_EDGE ( 'NONE', *, *, #7699, .T. ) ;
#1358 = EDGE_CURVE ( 'NONE', #1938, #5075, #4975, .T. ) ;
#1359 = DIRECTION ( 'NONE',  ( 0.000000000000000000, 0.000000000000000000, 1.000000000000000000 ) ) ;
#1360 = ORIENTED_EDGE ( 'NONE', *, *, #6579, .T. ) ;
#1361 = EDGE_CURVE ( 'NONE', #4776, #4789, #5101, .T. ) ;
#1362 = ORIENTED_EDGE ( 'NONE', *, *, #5837, .F. ) ;
#1363 = CARTESIAN_POINT ( 'NONE',  ( 104.4459999999999980, 0.000000000000000000, -117.2239999999999895 ) ) ;
#1364 = CARTESIAN_POINT ( 'NONE',  ( 15.00000000000000000, 3.000000000000000000, -46.05599999999999028 ) ) ;
#1365 = DIRECTION ( 'NONE',  ( 0.000000000000000000, 1.000000000000000000, 0.000000000000000000 ) ) ;
#1366 = CARTESIAN_POINT ( 'NONE',  ( 91.66800000000000637, 0.000000000000000000, -46.05599999999999739 ) ) ;
#1367 = EDGE_LOOP ( 'NONE', ( #1006, #4206 ) ) ;
#1368 = EDGE_LOOP ( 'NONE', ( #4339, #2940 ) ) ;
#1369 = LINE ( 'NONE', #4815, #3993 ) ;
#1370 = ORIENTED_EDGE ( 'NONE', *, *, #3543, .F. ) ;
#1371 = DIRECTION ( 'NONE',  ( 0.000000000000000000, -1.000000000000000000, 0.000000000000000000 ) ) ;
#1372 = VERTEX_POINT ( 'NONE', #6443 ) ;
#1373 = DIRECTION ( 'NONE',  ( 0.000000000000000000, 1.000000000000000000, 0.000000000000000000 ) ) ;
#1374 = CYLINDRICAL_SURFACE ( 'NONE', #2319, 5.500000000000005329 ) ;
#1375 = CARTESIAN_POINT ( 'NONE',  ( 91.66800000000000637, 3.000000000000000000, -33.27799999999999869 ) ) ;
#1376 = ORIENTED_EDGE ( 'NONE', *, *, #8611, .T. ) ;
#1377 = CARTESIAN_POINT ( 'NONE',  ( 27.77799999999999869, 3.000000000000000000, -130.0020000000000095 ) ) ;
#1378 = VERTEX_POINT ( 'NONE', #4388 ) ;
#1379 = DIRECTION ( 'NONE',  ( 0.000000000000000000, 1.000000000000000000, 0.000000000000000000 ) ) ;
#1380 = DIRECTION ( 'NONE',  ( 0.000000000000000000, 0.000000000000000000, -1.000000000000000000 ) ) ;
#1381 = CIRCLE ( 'NONE', #1524, 5.500000000000005329 ) ;
#1382 = VERTEX_POINT ( 'NONE', #318 ) ;
#1383 = CARTESIAN_POINT ( 'NONE',  ( 91.66800000000000637, 3.000000000000000000, -27.77799999999999869 ) ) ;
#1384 = DIRECTION ( 'NONE',  ( 0.000000000000000000, 0.000000000000000000, 1.000000000000000000 ) ) ;
#1385 = AXIS2_PLACEMENT_3D ( 'NONE', #408, #3146, #1384 ) ;
#1386 = DIRECTION ( 'NONE',  ( 0.000000000000000000, 0.000000000000000000, 1.000000000000000000 ) ) ;
#1387 = ORIENTED_EDGE ( 'NONE', *, *, #2562, .T. ) ;
#1388 = EDGE_CURVE ( 'NONE', #3032, #780, #6543, .T. ) ;
#1389 = DIRECTION ( 'NONE',  ( 0.000000000000000000, 1.000000000000000000, 0.000000000000000000 ) ) ;
#1390 = DIRECTION ( 'NONE',  ( 0.000000000000000000, 0.000000000000000000, -1.000000000000000000 ) ) ;
#1391 = AXIS2_PLACEMENT_3D ( 'NONE', #7101, #304, #3801 ) ;
#1392 = ADVANCED_FACE ( 'NONE', ( #3635 ), #1577, .F. ) ;
#1393 = DIRECTION ( 'NONE',  ( 0.000000000000000000, 0.000000000000000000, 1.000000000000000000 ) ) ;
#1394 = DIRECTION ( 'NONE',  ( 0.000000000000000000, 1.000000000000000000, 0.000000000000000000 ) ) ;
#1395 = CARTESIAN_POINT ( 'NONE',  ( 130.0020000000000095, 3.000000000000000000, -40.55599999999999739 ) ) ;
#1396 = CALENDAR_DATE ( 2026, 19, 9 ) ;
#1397 = CARTESIAN_POINT ( 'NONE',  ( 140.0000000000000000, 10.00000000000000000, -5.000000000000000000 ) ) ;
#1398 = EDGE_LOOP ( 'NONE', ( #3973, #1686, #3823, #2508 ) ) ;
#1399 = EDGE_CURVE ( 'NONE', #2363, #6779, #7028, .T. ) ;
#1400 = CARTESIAN_POINT ( 'NONE',  ( 5.000000000000000000, 4.000000000000000000, -5.000000000000000000 ) ) ;
#1401 = AXIS2_PLACEMENT_3D ( 'NONE', #6978, #5051, #7779 ) ;
#1402 = AXIS2_PLACEMENT_3D ( 'NONE', #7887, #1757, #82 ) ;
#1403 = VERTEX_POINT ( 'NONE', #4933 ) ;
#1404 = EDGE_LOOP ( 'NONE', ( #6377, #7995, #4903, #2088 ) ) ;
#1405 = DIRECTION ( 'NONE',  ( 0.000000000000000000, -1.000000000000000000, 0.000000000000000000 ) ) ;
#1406 = ADVANCED_FACE ( 'NONE', ( #229 ), #6397, .F. ) ;
#1407 = DIRECTION ( 'NONE',  ( 0.000000000000000000, 1.000000000000000000, 0.000000000000000000 ) ) ;
#1408 = AXIS2_PLACEMENT_3D ( 'NONE', #7771, #8395, #2868 ) ;
#1409 = LINE ( 'NONE', #2129, #2781 ) ;
#1410 = CARTESIAN_POINT ( 'NONE',  ( 53.33399999999999608, 3.000000000000000000, -78.89000000000000057 ) ) ;
#1411 = ORIENTED_EDGE ( 'NONE', *, *, #5455, .T. ) ;
#1412 = EDGE_CURVE ( 'NONE', #3110, #4361, #5114, .T. ) ;
#1413 = ORIENTED_EDGE ( 'NONE', *, *, #2323, .F. ) ;
#1415 = CARTESIAN_POINT ( 'NONE',  ( 78.89000000000000057, 3.000000000000000000, -53.33399999999999608 ) ) ;
#1414 = VECTOR ( 'NONE', #1418, 1000.000000000000000 ) ;
#1416 = AXIS2_PLACEMENT_3D ( 'NONE', #8061, #4180, #6044 ) ;
#1417 = EDGE_LOOP ( 'NONE', ( #8316, #2947 ) ) ;
#1418 = DIRECTION ( 'NONE',  ( -0.000000000000000000, -0.000000000000000000, 1.000000000000000000 ) ) ;
#1419 = ORIENTED_EDGE ( 'NONE', *, *, #5521, .F. ) ;
#1420 = DIRECTION ( 'NONE',  ( 0.000000000000000000, 0.000000000000000000, 1.000000000000000000 ) ) ;
#1421 = ADVANCED_FACE ( 'NONE', ( #5687 ), #5734, .F. ) ;
#1422 = FACE_OUTER_BOUND ( 'NONE', #7979, .T. ) ;
#1423 = AXIS2_PLACEMENT_3D ( 'NONE', #4348, #4001, #2648 ) ;
#1424 = FACE_BOUND ( 'NONE', #6814, .T. ) ;
#1425 = AXIS2_PLACEMENT_3D ( 'NONE', #3258, #3092, #6483 ) ;
#1426 = ORIENTED_EDGE ( 'NONE', *, *, #8449, .T. ) ;
#1427 = FACE_OUTER_BOUND ( 'NONE', #1284, .T. ) ;
#1428 = ORIENTED_EDGE ( 'NONE', *, *, #1880, .F. ) ;
#1429 = CARTESIAN_POINT ( 'NONE',  ( 91.66800000000000637, 3.000000000000000000, -15.00000000000000000 ) ) ;
#1430 = DIRECTION ( 'NONE',  ( 0.000000000000000000, 1.000000000000000000, 0.000000000000000000 ) ) ;
#1431 = VECTOR ( 'NONE', #5320, 1000.000000000000000 ) ;
#1432 = ORIENTED_EDGE ( 'NONE', *, *, #5661, .T. ) ;
#1433 = DIRECTION ( 'NONE',  ( 0.000000000000000000, 0.000000000000000000, 1.000000000000000000 ) ) ;
#1434 = DIRECTION ( 'NONE',  ( 0.000000000000000000, 1.000000000000000000, 0.000000000000000000 ) ) ;
#1435 = AXIS2_PLACEMENT_3D ( 'NONE', #928, #4958, #1560 ) ;
#1436 = DIRECTION ( 'NONE',  ( 0.000000000000000000, 1.000000000000000000, 0.000000000000000000 ) ) ;
#1437 = ORIENTED_EDGE ( 'NONE', *, *, #4961, .F. ) ;
#1438 = DIRECTION ( 'NONE',  ( 0.000000000000000000, 1.000000000000000000, 0.000000000000000000 ) ) ;
#1439 = CARTESIAN_POINT ( 'NONE',  ( 78.89000000000000057, 0.000000000000000000, -104.4459999999999980 ) ) ;
#1440 = CARTESIAN_POINT ( 'NONE',  ( 130.0020000000000095, 3.000000000000000000, -124.5019999999999811 ) ) ;
#1441 = DIRECTION ( 'NONE',  ( 0.000000000000000000, 0.000000000000000000, -1.000000000000000000 ) ) ;
#1442 = DIRECTION ( 'NONE',  ( 0.000000000000000000, -1.000000000000000000, 0.000000000000000000 ) ) ;
#1443 = VERTEX_POINT ( 'NONE', #8414 ) ;
#1444 = DIRECTION ( 'NONE',  ( 0.000000000000000000, 1.000000000000000000, 0.000000000000000000 ) ) ;
#1445 = ADVANCED_FACE ( 'NONE', ( #988 ), #1531, .F. ) ;
#1446 = VERTEX_POINT ( 'NONE', #6991 ) ;
#1447 = ORIENTED_EDGE ( 'NONE', *, *, #3003, .F. ) ;
#1448 = CARTESIAN_POINT ( 'NONE',  ( 15.00000000000000000, 3.000000000000000000, -104.4459999999999980 ) ) ;
#1449 = EDGE_CURVE ( 'NONE', #2922, #2710, #1029, .T. ) ;
#1450 = DIRECTION ( 'NONE',  ( 0.000000000000000000, -1.000000000000000000, 0.000000000000000000 ) ) ;
#1451 = CARTESIAN_POINT ( 'NONE',  ( 15.00000000000000000, 3.000000000000000000, -111.7239999999999895 ) ) ;
#1452 = DIRECTION ( 'NONE',  ( 0.000000000000000000, 0.000000000000000000, 1.000000000000000000 ) ) ;
#1453 = EDGE_LOOP ( 'NONE', ( #4314, #7681, #4619, #4109 ) ) ;
#1454 = ORIENTED_EDGE ( 'NONE', *, *, #2389, .F. ) ;
#1455 = EDGE_CURVE ( 'NONE', #1648, #4158, #6313, .T. ) ;
#1456 = DIRECTION ( 'NONE',  ( 0.000000000000000000, -1.000000000000000000, 0.000000000000000000 ) ) ;
#1457 = AXIS2_PLACEMENT_3D ( 'NONE', #292, #1002, #2354 ) ;
#1458 = ORIENTED_EDGE ( 'NONE', *, *, #3856, .T. ) ;
#1459 = CYLINDRICAL_SURFACE ( 'NONE', #6546, 5.500000000000005329 ) ;
#1460 = EDGE_LOOP ( 'NONE', ( #7339, #7195 ) ) ;
#1461 = CARTESIAN_POINT ( 'NONE',  ( 78.89000000000000057, 3.000000000000000000, -9.499999999999996447 ) ) ;
#1462 = ADVANCED_FACE ( 'NONE', ( #5018 ), #1615, .F. ) ;
#1463 = EDGE_CURVE ( 'NONE', #3030, #1194, #264, .T. ) ;
#1464 = DIRECTION ( 'NONE',  ( 0.000000000000000000, 1.000000000000000000, 0.000000000000000000 ) ) ;
#1465 = DIRECTION ( 'NONE',  ( 0.000000000000000000, -1.000000000000000000, 0.000000000000000000 ) ) ;
#1466 = CARTESIAN_POINT ( 'NONE',  ( 66.11200000000000898, 3.000000000000000000, -71.61200000000000898 ) ) ;
#1467 = VECTOR ( 'NONE', #20, 1000.000000000000000 ) ;
#1468 = VERTEX_POINT ( 'NONE', #4438 ) ;
#1469 = ORIENTED_EDGE ( 'NONE', *, *, #4948, .T. ) ;
#1470 = ADVANCED_FACE ( 'NONE', ( #7159 ), #6486, .F. ) ;
#1471 = CARTESIAN_POINT ( 'NONE',  ( 66.11200000000000898, 0.000000000000000000, -53.33399999999999608 ) ) ;
#1472 = DIRECTION ( 'NONE',  ( 0.000000000000000000, -1.000000000000000000, 0.000000000000000000 ) ) ;
#1473 = CIRCLE ( 'NONE', #5617, 5.500000000000005329 ) ;
#1474 = ORIENTED_EDGE ( 'NONE', *, *, #2232, .F. ) ;
#1475 = DIRECTION ( 'NONE',  ( 0.000000000000000000, 1.000000000000000000, 0.000000000000000000 ) ) ;
#1476 = DIRECTION ( 'NONE',  ( 0.000000000000000000, -1.000000000000000000, 0.000000000000000000 ) ) ;
#1477 = AXIS2_PLACEMENT_3D ( 'NONE', #2085, #695, #5963 ) ;
#1478 = CARTESIAN_POINT ( 'NONE',  ( 130.0020000000000095, 0.000000000000000000, -117.2239999999999895 ) ) ;
#1479 = EDGE_LOOP ( 'NONE', ( #5594, #7152, #3563, #3769 ) ) ;
#1480 = DIRECTION ( 'NONE',  ( 0.000000000000000000, -1.000000000000000000, 0.000000000000000000 ) ) ;
#1481 = AXIS2_PLACEMENT_3D ( 'NONE', #3811, #3140, #6484 ) ;
#1482 = LINE ( 'NONE', #7519, #4705 ) ;
#1483 = AXIS2_PLACEMENT_3D ( 'NONE', #881, #207, #6373 ) ;
#1484 = CARTESIAN_POINT ( 'NONE',  ( 78.89000000000000057, 0.000000000000000000, -84.39000000000000057 ) ) ;
#1485 = CARTESIAN_POINT ( 'NONE',  ( 91.66800000000000637, 0.000000000000000000, -130.0020000000000095 ) ) ;
#1486 = CIRCLE ( 'NONE', #3498, 5.500000000000005329 ) ;
#1487 = DIRECTION ( 'NONE',  ( 0.000000000000000000, 0.000000000000000000, 1.000000000000000000 ) ) ;
#1488 = EDGE_LOOP ( 'NONE', ( #2371, #4128, #161, #4447 ) ) ;
#1489 = CARTESIAN_POINT ( 'NONE',  ( 27.77799999999999869, 0.000000000000000000, -47.83400000000000318 ) ) ;
#1490 = AXIS2_PLACEMENT_3D ( 'NONE', #4312, #2210, #109 ) ;
#1491 = CARTESIAN_POINT ( 'NONE',  ( 66.11200000000000898, 3.000000000000000000, -20.50000000000000355 ) ) ;
#1492 = VECTOR ( 'NONE', #663, 1000.000000000000000 ) ;
#1493 = DIRECTION ( 'NONE',  ( 0.000000000000000000, 0.000000000000000000, 1.000000000000000000 ) ) ;
#1494 = CARTESIAN_POINT ( 'NONE',  ( 5.000000000000000000, 0.000000000000000000, -144.0000000000000284 ) ) ;
#1495 = EDGE_CURVE ( 'NONE', #6506, #5028, #7110, .T. ) ;
#1496 = FACE_OUTER_BOUND ( 'NONE', #384, .T. ) ;
#1497 = ORIENTED_EDGE ( 'NONE', *, *, #4840, .F. ) ;
#1498 = AXIS2_PLACEMENT_3D ( 'NONE', #6891, #7427, #3363 ) ;
#1499 = ORIENTED_EDGE ( 'NONE', *, *, #6865, .F. ) ;
#1500 = EDGE_CURVE ( 'NONE', #4601, #3748, #5650, .T. ) ;
#1501 = FACE_BOUND ( 'NONE', #5670, .T. ) ;
#1502 = AXIS2_PLACEMENT_3D ( 'NONE', #4152, #3967, #5440 ) ;
#1503 = EDGE_LOOP ( 'NONE', ( #3021, #332, #4818, #716 ) ) ;
#1504 = EDGE_LOOP ( 'NONE', ( #2, #1437 ) ) ;
#1505 = DIRECTION ( 'NONE',  ( 0.000000000000000000, -0.000000000000000000, 1.000000000000000000 ) ) ;
#1506 = CARTESIAN_POINT ( 'NONE',  ( 117.2239999999999895, 0.000000000000000000, -9.499999999999996447 ) ) ;
#1507 = CARTESIAN_POINT ( 'NONE',  ( 53.33399999999999608, 3.000000000000000000, -104.4459999999999980 ) ) ;
#1508 = ADVANCED_FACE ( 'NONE', ( #5194 ), #5288, .F. ) ;
#1510 = DIRECTION ( 'NONE',  ( 0.000000000000000000, 1.000000000000000000, 0.000000000000000000 ) ) ;
#1509 = CIRCLE ( 'NONE', #2650, 5.500000000000005329 ) ;
#1511 = ORIENTED_EDGE ( 'NONE', *, *, #638, .T. ) ;
#1512 = VERTEX_POINT ( 'NONE', #7333 ) ;
#1513 = ADVANCED_FACE ( 'NONE', ( #5239 ), #540, .F. ) ;
#1514 = DIRECTION ( 'NONE',  ( 0.000000000000000000, 1.000000000000000000, 0.000000000000000000 ) ) ;
#1515 = DIRECTION ( 'NONE',  ( 0.000000000000000000, -1.000000000000000000, 0.000000000000000000 ) ) ;
#1516 = ORIENTED_EDGE ( 'NONE', *, *, #2603, .T. ) ;
#1517 = DIRECTION ( 'NONE',  ( 0.000000000000000000, -1.000000000000000000, 0.000000000000000000 ) ) ;
#1518 = DIRECTION ( 'NONE',  ( 0.000000000000000000, -0.000000000000000000, 1.000000000000000000 ) ) ;
#1519 = ADVANCED_FACE ( 'NONE', ( #495 ), #8723, .F. ) ;
#1520 = DIRECTION ( 'NONE',  ( 0.000000000000000000, 0.000000000000000000, 1.000000000000000000 ) ) ;
#1521 = VERTEX_POINT ( 'NONE', #447 ) ;
#1522 = EDGE_CURVE ( 'NONE', #1222, #5193, #7989, .T. ) ;
#1523 = CARTESIAN_POINT ( 'NONE',  ( 78.89000000000000057, 3.000000000000000000, -91.66800000000000637 ) ) ;
#1524 = AXIS2_PLACEMENT_3D ( 'NONE', #6502, #7306, #7891 ) ;
#1525 = DIRECTION ( 'NONE',  ( 0.000000000000000000, 1.000000000000000000, 0.000000000000000000 ) ) ;
#1526 = EDGE_CURVE ( 'NONE', #4910, #5028, #3276, .T. ) ;
#1527 = DIRECTION ( 'NONE',  ( 0.000000000000000000, 1.000000000000000000, 0.000000000000000000 ) ) ;
#1528 = CARTESIAN_POINT ( 'NONE',  ( 91.66800000000000637, 0.000000000000000000, -104.4459999999999980 ) ) ;
#1529 = CARTESIAN_POINT ( 'NONE',  ( 78.89000000000000057, 0.000000000000000000, -73.39000000000000057 ) ) ;
#1530 = VERTEX_POINT ( 'NONE', #2426 ) ;
#1531 = CYLINDRICAL_SURFACE ( 'NONE', #4549, 5.500000000000005329 ) ;
#1532 = CIRCLE ( 'NONE', #1391, 4.000000000000003553 ) ;
#1533 = FACE_OUTER_BOUND ( 'NONE', #8805, .T. ) ;
#1534 = DIRECTION ( 'NONE',  ( 0.000000000000000000, -1.000000000000000000, 0.000000000000000000 ) ) ;
#1535 = DIRECTION ( 'NONE',  ( 0.000000000000000000, 1.000000000000000000, 0.000000000000000000 ) ) ;
#1536 = DIRECTION ( 'NONE',  ( 0.000000000000000000, -0.000000000000000000, 1.000000000000000000 ) ) ;
#1537 = CIRCLE ( 'NONE', #1675, 5.499999999999991118 ) ;
#1538 = ORIENTED_EDGE ( 'NONE', *, *, #6942, .F. ) ;
#1539 = ORIENTED_EDGE ( 'NONE', *, *, #152, .T. ) ;
#1540 = VERTEX_POINT ( 'NONE', #7922 ) ;
#1541 = AXIS2_PLACEMENT_3D ( 'NONE', #2681, #8711, #665 ) ;
#1542 = DIRECTION ( 'NONE',  ( 0.000000000000000000, 0.000000000000000000, -1.000000000000000000 ) ) ;
#1543 = ORIENTED_EDGE ( 'NONE', *, *, #238, .F. ) ;
#1544 = AXIS2_PLACEMENT_3D ( 'NONE', #2534, #2493, #7942 ) ;
#1545 = ORIENTED_EDGE ( 'NONE', *, *, #7745, .F. ) ;
#1546 = CARTESIAN_POINT ( 'NONE',  ( 104.4459999999999980, 3.000000000000000000, -22.27799999999999159 ) ) ;
#1547 = CARTESIAN_POINT ( 'NONE',  ( 15.00000000000000000, 0.000000000000000000, -9.500000000000003553 ) ) ;
#1548 = DIRECTION ( 'NONE',  ( 0.000000000000000000, -1.000000000000000000, 0.000000000000000000 ) ) ;
#1549 = AXIS2_PLACEMENT_3D ( 'NONE', #1400, #3466, #778 ) ;
#1550 = CARTESIAN_POINT ( 'NONE',  ( 130.0020000000000095, 3.000000000000000000, -109.9460000000000122 ) ) ;
#1551 = ORIENTED_EDGE ( 'NONE', *, *, #3268, .T. ) ;
#1552 = AXIS2_PLACEMENT_3D ( 'NONE', #2628, #8260, #2002 ) ;
#1553 = AXIS2_PLACEMENT_3D ( 'NONE', #7480, #8155, #2028 ) ;
#1554 = EDGE_LOOP ( 'NONE', ( #4591, #6958, #6020, #7079 ) ) ;
#1555 = CARTESIAN_POINT ( 'NONE',  ( 117.2239999999999895, 0.000000000000000000, -40.55599999999999739 ) ) ;
#1556 = AXIS2_PLACEMENT_3D ( 'NONE', #8765, #1480, #4221 ) ;
#1557 = LINE ( 'NONE', #1642, #5426 ) ;
#1558 = EDGE_CURVE ( 'NONE', #8801, #2447, #8013, .T. ) ;
#1559 = EDGE_LOOP ( 'NONE', ( #2255, #6971, #3781, #1428 ) ) ;
#1560 = DIRECTION ( 'NONE',  ( 0.000000000000000000, 0.000000000000000000, -1.000000000000000000 ) ) ;
#1561 = AXIS2_PLACEMENT_3D ( 'NONE', #3815, #6531, #7791 ) ;
#1563 = CIRCLE ( 'NONE', #4425, 3.999999999999992450 ) ;
#1562 = CARTESIAN_POINT ( 'NONE',  ( 78.89000000000000057, 3.000000000000000000, -117.2239999999999895 ) ) ;
#1564 = EDGE_CURVE ( 'NONE', #1094, #4363, #3999, .T. ) ;
#1565 = DIRECTION ( 'NONE',  ( 0.000000000000000000, 0.000000000000000000, -1.000000000000000000 ) ) ;
#1566 = ORIENTED_EDGE ( 'NONE', *, *, #415, .T. ) ;
#1567 = CIRCLE ( 'NONE', #1854, 5.500000000000005329 ) ;
#1568 = DIRECTION ( 'NONE',  ( 0.000000000000000000, 0.000000000000000000, 1.000000000000000000 ) ) ;
#1569 = AXIS2_PLACEMENT_3D ( 'NONE', #442, #5895, #2463 ) ;
#1570 = ADVANCED_FACE ( 'NONE', ( #6714 ), #5946, .F. ) ;
#1571 = CARTESIAN_POINT ( 'NONE',  ( 66.11200000000000898, 3.000000000000000000, -98.94599999999999795 ) ) ;
#1572 = EDGE_CURVE ( 'NONE', #7011, #4306, #5328, .T. ) ;
#1573 = CIRCLE ( 'NONE', #8714, 5.499999999999998224 ) ;
#1574 = FACE_OUTER_BOUND ( 'NONE', #223, .T. ) ;
#1575 = CARTESIAN_POINT ( 'NONE',  ( 91.66800000000000637, 3.000000000000000000, -130.0020000000000095 ) ) ;
#1576 = EDGE_LOOP ( 'NONE', ( #2586, #5753 ) ) ;
#1577 = CYLINDRICAL_SURFACE ( 'NONE', #2265, 5.500000000000005329 ) ;
#1578 = ADVANCED_FACE ( 'NONE', ( #7245 ), #8055, .F. ) ;
#1579 = AXIS2_PLACEMENT_3D ( 'NONE', #6960, #3569, #3696 ) ;
#1580 = CARTESIAN_POINT ( 'NONE',  ( 53.33399999999999608, 3.000000000000000000, -130.0020000000000095 ) ) ;
#1581 = DIRECTION ( 'NONE',  ( 0.000000000000000000, 1.000000000000000000, 0.000000000000000000 ) ) ;
#1582 = DIRECTION ( 'NONE',  ( 0.000000000000000000, -1.000000000000000000, 0.000000000000000000 ) ) ;
#1583 = CARTESIAN_POINT ( 'NONE',  ( 104.4459999999999980, 3.000000000000000000, -109.9459999999999980 ) ) ;
#1584 = ORIENTED_EDGE ( 'NONE', *, *, #8764, .T. ) ;
#1585 = ORIENTED_EDGE ( 'NONE', *, *, #3774, .T. ) ;
#1586 = CYLINDRICAL_SURFACE ( 'NONE', #6833, 5.499999999999998224 ) ;
#1587 = ORIENTED_EDGE ( 'NONE', *, *, #7967, .T. ) ;
#1588 = ORIENTED_EDGE ( 'NONE', *, *, #6935, .T. ) ;
#1589 = ORIENTED_EDGE ( 'NONE', *, *, #8075, .F. ) ;
#1590 = FACE_OUTER_BOUND ( 'NONE', #4899, .T. ) ;
#1591 = CARTESIAN_POINT ( 'NONE',  ( 91.66800000000000637, 3.000000000000000000, -78.89000000000000057 ) ) ;
#1592 = DIRECTION ( 'NONE',  ( 0.000000000000000000, 0.000000000000000000, 1.000000000000000000 ) ) ;
#1593 = CARTESIAN_POINT ( 'NONE',  ( 53.33399999999999608, 3.000000000000000000, -91.66800000000000637 ) ) ;
#1594 = VERTEX_POINT ( 'NONE', #1837 ) ;
#1595 = EDGE_LOOP ( 'NONE', ( #5335, #2403 ) ) ;
#1596 = CARTESIAN_POINT ( 'NONE',  ( 40.55599999999999739, 0.000000000000000000, -98.94600000000001216 ) ) ;
#1597 = CARTESIAN_POINT ( 'NONE',  ( 5.000000000000000000, 0.000000000000000000, -5.000000000000000000 ) ) ;
#1598 = ORIENTED_EDGE ( 'NONE', *, *, #2733, .T. ) ;
#1599 = DIRECTION ( 'NONE',  ( -1.000000000000000000, -0.000000000000000000, -0.000000000000000000 ) ) ;
#1600 = AXIS2_PLACEMENT_3D ( 'NONE', #3071, #2397, #7087 ) ;
#1601 = DIRECTION ( 'NONE',  ( 0.000000000000000000, -1.000000000000000000, 0.000000000000000000 ) ) ;
#1602 = EDGE_CURVE ( 'NONE', #4000, #3651, #129, .T. ) ;
#1603 = CARTESIAN_POINT ( 'NONE',  ( 40.55599999999999739, 0.000000000000000000, -135.5020000000000095 ) ) ;
#1604 = ORIENTED_EDGE ( 'NONE', *, *, #2347, .F. ) ;
#1605 = DIRECTION ( 'NONE',  ( 0.000000000000000000, 1.000000000000000000, 0.000000000000000000 ) ) ;
#1606 = CIRCLE ( 'NONE', #4607, 2.250000000000001776 ) ;
#1607 = EDGE_CURVE ( 'NONE', #1864, #3231, #7204, .T. ) ;
#1608 = EDGE_LOOP ( 'NONE', ( #5883, #6321 ) ) ;
#1609 = CARTESIAN_POINT ( 'NONE',  ( 40.55599999999999739, 3.000000000000000000, -40.55599999999999739 ) ) ;
#1610 = VECTOR ( 'NONE', #2984, 1000.000000000000000 ) ;
#1611 = CARTESIAN_POINT ( 'NONE',  ( 40.55599999999999739, 3.000000000000000000, -117.2239999999999895 ) ) ;
#1612 = EDGE_CURVE ( 'NONE', #1648, #8801, #3423, .T. ) ;
#1613 = CARTESIAN_POINT ( 'NONE',  ( 117.2239999999999895, 3.000000000000000000, -73.39000000000000057 ) ) ;
#1614 = VERTEX_POINT ( 'NONE', #405 ) ;
#1615 = CYLINDRICAL_SURFACE ( 'NONE', #5266, 5.500000000000005329 ) ;
#1616 = CIRCLE ( 'NONE', #8468, 5.500000000000018652 ) ;
#1617 = EDGE_CURVE ( 'NONE', #3676, #6390, #8841, .T. ) ;
#1618 = ADVANCED_FACE ( 'NONE', ( #5150 ), #1748, .F. ) ;
#1619 = VECTOR ( 'NONE', #4587, 1000.000000000000000 ) ;
#1620 = DIRECTION ( 'NONE',  ( 0.000000000000000000, -1.000000000000000000, 0.000000000000000000 ) ) ;
#1621 = DIRECTION ( 'NONE',  ( 0.000000000000000000, -0.000000000000000000, 1.000000000000000000 ) ) ;
#1622 = FACE_OUTER_BOUND ( 'NONE', #7505, .T. ) ;
#1623 = CARTESIAN_POINT ( 'NONE',  ( 91.66800000000000637, 3.000000000000000000, -104.4459999999999980 ) ) ;
#1624 = EDGE_CURVE ( 'NONE', #8035, #754, #5559, .T. ) ;
#1625 = CARTESIAN_POINT ( 'NONE',  ( 40.55599999999999739, 3.000000000000000000, -104.4459999999999980 ) ) ;
#1626 = CIRCLE ( 'NONE', #6619, 5.500000000000016875 ) ;
#1627 = VERTEX_POINT ( 'NONE', #1973 ) ;
#1628 = ORIENTED_EDGE ( 'NONE', *, *, #2293, .F. ) ;
#1629 = DIRECTION ( 'NONE',  ( 0.000000000000000000, -1.000000000000000000, 0.000000000000000000 ) ) ;
#1630 = ORIENTED_EDGE ( 'NONE', *, *, #590, .T. ) ;
#1631 = EDGE_CURVE ( 'NONE', #3660, #6261, #1694, .T. ) ;
#1632 = EDGE_LOOP ( 'NONE', ( #7403, #8243, #4428, #4245 ) ) ;
#1633 = CIRCLE ( 'NONE', #2787, 5.500000000000003553 ) ;
#1634 = EDGE_LOOP ( 'NONE', ( #3946, #1007 ) ) ;
#1635 = CYLINDRICAL_SURFACE ( 'NONE', #434, 5.500000000000005329 ) ;
#1636 = DIRECTION ( 'NONE',  ( 0.000000000000000000, 1.000000000000000000, 0.000000000000000000 ) ) ;
#1637 = DIRECTION ( 'NONE',  ( 0.000000000000000000, -0.000000000000000000, 1.000000000000000000 ) ) ;
#1638 = DIRECTION ( 'NONE',  ( 0.000000000000000000, -1.000000000000000000, 0.000000000000000000 ) ) ;
#1639 = ORIENTED_EDGE ( 'NONE', *, *, #696, .T. ) ;
#1640 = EDGE_LOOP ( 'NONE', ( #1257, #7813, #4982, #3317 ) ) ;
#1641 = CYLINDRICAL_SURFACE ( 'NONE', #3694, 2.249999999999999556 ) ;
#1642 = CARTESIAN_POINT ( 'NONE',  ( 117.2239999999999895, 3.000000000000000000, -124.5019999999999953 ) ) ;
#1643 = ORIENTED_EDGE ( 'NONE', *, *, #4098, .T. ) ;
#1644 = CARTESIAN_POINT ( 'NONE',  ( 53.33399999999999608, 3.000000000000000000, -20.49999999999999645 ) ) ;
#1645 = PRODUCT_DEFINITION_FORMATION_WITH_SPECIFIED_SOURCE ( 'ANY', '', #7585, .NOT_KNOWN. ) ;
#1646 = DIRECTION ( 'NONE',  ( 0.000000000000000000, -1.000000000000000000, 0.000000000000000000 ) ) ;
#1647 = DIRECTION ( 'NONE',  ( 0.000000000000000000, 1.000000000000000000, 0.000000000000000000 ) ) ;
#1648 = VERTEX_POINT ( 'NONE', #7609 ) ;
#1649 = CARTESIAN_POINT ( 'NONE',  ( 78.89000000000000057, 3.000000000000000000, -40.55599999999999739 ) ) ;
#1650 = VERTEX_POINT ( 'NONE', #2109 ) ;
#1651 = CARTESIAN_POINT ( 'NONE',  ( 117.2239999999999895, 3.000000000000000000, -66.11200000000000898 ) ) ;
#1652 = CARTESIAN_POINT ( 'NONE',  ( 40.55599999999999739, 0.000000000000000000, -60.61200000000000898 ) ) ;
#1653 = AXIS2_PLACEMENT_3D ( 'NONE', #6097, #5435, #2034 ) ;
#1654 = LINE ( 'NONE', #2963, #1760 ) ;
#1655 = ORIENTED_EDGE ( 'NONE', *, *, #7143, .F. ) ;
#1656 = VECTOR ( 'NONE', #7105, 1000.000000000000000 ) ;
#1657 = DIRECTION ( 'NONE',  ( 0.000000000000000000, -1.000000000000000000, 0.000000000000000000 ) ) ;
#1658 = PLANE ( 'NONE',  #847 ) ;
#1659 = ADVANCED_FACE ( 'NONE', ( #2830 ), #2693, .F. ) ;
#1660 = CIRCLE ( 'NONE', #8380, 5.500000000000018652 ) ;
#1661 = DIRECTION ( 'NONE',  ( 0.000000000000000000, -1.000000000000000000, 0.000000000000000000 ) ) ;
#1662 = DIRECTION ( 'NONE',  ( 0.000000000000000000, 0.000000000000000000, -1.000000000000000000 ) ) ;
#1663 = DIRECTION ( 'NONE',  ( 0.000000000000000000, 0.000000000000000000, 1.000000000000000000 ) ) ;
#1664 = EDGE_CURVE ( 'NONE', #5028, #6506, #4556, .T. ) ;
#1665 = CARTESIAN_POINT ( 'NONE',  ( 78.89000000000000057, 3.000000000000000000, -46.05599999999999739 ) ) ;
#1666 = ORIENTED_EDGE ( 'NONE', *, *, #1455, .F. ) ;
#1667 = ORIENTED_EDGE ( 'NONE', *, *, #3593, .T. ) ;
#1668 = CARTESIAN_POINT ( 'NONE',  ( 53.33399999999999608, 0.000000000000000000, -46.05599999999999028 ) ) ;
#1669 = AXIS2_PLACEMENT_3D ( 'NONE', #2193, #4920, #7649 ) ;
#1670 = ORIENTED_EDGE ( 'NONE', *, *, #6488, .T. ) ;
#1671 = ADVANCED_FACE ( 'NONE', ( #1304 ), #5554, .F. ) ;
#1672 = ORIENTED_EDGE ( 'NONE', *, *, #7476, .F. ) ;
#1673 = DIRECTION ( 'NONE',  ( 0.000000000000000000, -1.000000000000000000, 0.000000000000000000 ) ) ;
#1674 = DIRECTION ( 'NONE',  ( 0.000000000000000000, 0.000000000000000000, 1.000000000000000000 ) ) ;
#1675 = AXIS2_PLACEMENT_3D ( 'NONE', #7915, #8665, #5230 ) ;
#1676 = FACE_OUTER_BOUND ( 'NONE', #2213, .T. ) ;
#1677 = EDGE_CURVE ( 'NONE', #4111, #5858, #7516, .T. ) ;
#1678 = DIRECTION ( 'NONE',  ( 0.000000000000000000, 1.000000000000000000, 0.000000000000000000 ) ) ;
#1679 = EDGE_LOOP ( 'NONE', ( #7539, #1162, #520, #1055 ) ) ;
#1680 = CIRCLE ( 'NONE', #1541, 5.500000000000005329 ) ;
#1681 = VERTEX_POINT ( 'NONE', #4129 ) ;
#1682 = CARTESIAN_POINT ( 'NONE',  ( 78.89000000000000057, 0.000000000000000000, -46.05599999999999739 ) ) ;
#1683 = VERTEX_POINT ( 'NONE', #6755 ) ;
#1684 = EDGE_CURVE ( 'NONE', #3356, #4356, #7267, .T. ) ;
#1685 = DIRECTION ( 'NONE',  ( 0.000000000000000000, 0.000000000000000000, 1.000000000000000000 ) ) ;
#1686 = ORIENTED_EDGE ( 'NONE', *, *, #2290, .T. ) ;
#1687 = AXIS2_PLACEMENT_3D ( 'NONE', #4347, #7660, #901 ) ;
#1688 = CARTESIAN_POINT ( 'NONE',  ( 117.2239999999999895, 3.000000000000000000, -71.61200000000000898 ) ) ;
#1689 = DIRECTION ( 'NONE',  ( 0.000000000000000000, 1.000000000000000000, 0.000000000000000000 ) ) ;
#1690 = AXIS2_PLACEMENT_3D ( 'NONE', #7097, #3708, #7144 ) ;
#1691 = FACE_BOUND ( 'NONE', #257, .T. ) ;
#1692 = VECTOR ( 'NONE', #5395, 1000.000000000000000 ) ;
#1693 = CARTESIAN_POINT ( 'NONE',  ( 15.00000000000000000, 0.000000000000000000, -84.38999999999998636 ) ) ;
#1694 = CIRCLE ( 'NONE', #7834, 5.500000000000003553 ) ;
#1695 = VERTEX_POINT ( 'NONE', #6080 ) ;
#1696 = CARTESIAN_POINT ( 'NONE',  ( 27.77799999999999869, 0.000000000000000000, -53.33399999999999608 ) ) ;
#1697 = AXIS2_PLACEMENT_3D ( 'NONE', #989, #8501, #5063 ) ;
#1698 = VECTOR ( 'NONE', #6873, 1000.000000000000000 ) ;
#1699 = ORIENTED_EDGE ( 'NONE', *, *, #4255, .F. ) ;
#1700 = CARTESIAN_POINT ( 'NONE',  ( 140.0000000000000000, 10.00000000000000000, -142.2500000000000284 ) ) ;
#1701 = CARTESIAN_POINT ( 'NONE',  ( 117.2239999999999895, 3.000000000000000000, -40.55599999999999739 ) ) ;
#1702 = VECTOR ( 'NONE', #3227, 1000.000000000000000 ) ;
#1703 = CIRCLE ( 'NONE', #6705, 5.500000000000005329 ) ;
#1704 = CYLINDRICAL_SURFACE ( 'NONE', #4066, 5.500000000000018652 ) ;
#1705 = EDGE_LOOP ( 'NONE', ( #7497, #1587 ) ) ;
#1706 = CARTESIAN_POINT ( 'NONE',  ( 15.00000000000000000, 3.000000000000000000, -53.33399999999999608 ) ) ;
#1707 = DIRECTION ( 'NONE',  ( 0.000000000000000000, 0.000000000000000000, 1.000000000000000000 ) ) ;
#1708 = CIRCLE ( 'NONE', #144, 5.499999999999996447 ) ;
#1709 = VECTOR ( 'NONE', #6210, 1000.000000000000000 ) ;
#1710 = DIRECTION ( 'NONE',  ( 0.000000000000000000, 0.000000000000000000, -1.000000000000000000 ) ) ;
#1711 = CARTESIAN_POINT ( 'NONE',  ( 91.66800000000000637, 3.000000000000000000, -124.5019999999999953 ) ) ;
#1712 = CARTESIAN_POINT ( 'NONE',  ( 104.4459999999999980, 0.000000000000000000, -9.499999999999996447 ) ) ;
#1713 = EDGE_LOOP ( 'NONE', ( #3898, #2123 ) ) ;
#1714 = VERTEX_POINT ( 'NONE', #2786 ) ;
#1715 = ADVANCED_FACE ( 'NONE', ( #631 ), #4882, .F. ) ;
#1716 = AXIS2_PLACEMENT_3D ( 'NONE', #8129, #2004, #661 ) ;
#1717 = LINE ( 'NONE', #7717, #3118 ) ;
#1718 = ORIENTED_EDGE ( 'NONE', *, *, #4678, .T. ) ;
#1719 = EDGE_CURVE ( 'NONE', #4997, #5026, #8544, .T. ) ;
#1720 = ORIENTED_EDGE ( 'NONE', *, *, #465, .F. ) ;
#1721 = CARTESIAN_POINT ( 'NONE',  ( 78.89000000000000057, 3.000000000000000000, -84.39000000000000057 ) ) ;
#1722 = LINE ( 'NONE', #8472, #452 ) ;
#1723 = CARTESIAN_POINT ( 'NONE',  ( 40.55599999999999739, 0.000000000000000000, -33.27799999999999159 ) ) ;
#1724 = DIRECTION ( 'NONE',  ( 0.000000000000000000, -1.000000000000000000, 0.000000000000000000 ) ) ;
#1725 = EDGE_LOOP ( 'NONE', ( #35, #1768, #4117, #5149 ) ) ;
#1726 = EDGE_CURVE ( 'NONE', #5175, #446, #271, .T. ) ;
#1727 = ORIENTED_EDGE ( 'NONE', *, *, #4043, .F. ) ;
#1728 = DIRECTION ( 'NONE',  ( 0.000000000000000000, 1.000000000000000000, 0.000000000000000000 ) ) ;
#1729 = ORIENTED_EDGE ( 'NONE', *, *, #2554, .F. ) ;
#1730 = EDGE_CURVE ( 'NONE', #3799, #4584, #4697, .T. ) ;
#1731 = CARTESIAN_POINT ( 'NONE',  ( 27.77799999999999869, 3.000000000000000000, -33.27799999999999159 ) ) ;
#1732 = EDGE_CURVE ( 'NONE', #933, #3237, #6551, .T. ) ;
#1733 = ORIENTED_EDGE ( 'NONE', *, *, #4890, .F. ) ;
#1734 = CARTESIAN_POINT ( 'NONE',  ( 117.2239999999999895, 3.000000000000000000, -91.66800000000000637 ) ) ;
#1735 = DIRECTION ( 'NONE',  ( 0.000000000000000000, 1.000000000000000000, 0.000000000000000000 ) ) ;
#1736 = FACE_BOUND ( 'NONE', #4801, .T. ) ;
#1737 = ADVANCED_FACE ( 'NONE', ( #4177 ), #2065, .F. ) ;
#1738 = DIRECTION ( 'NONE',  ( 0.000000000000000000, 0.000000000000000000, -1.000000000000000000 ) ) ;
#1739 = ORIENTED_EDGE ( 'NONE', *, *, #6750, .T. ) ;
#1740 = CARTESIAN_POINT ( 'NONE',  ( 66.11200000000000898, 3.000000000000000000, -40.55599999999999739 ) ) ;
#1741 = DIRECTION ( 'NONE',  ( 0.000000000000000000, -1.000000000000000000, 0.000000000000000000 ) ) ;
#1742 = AXIS2_PLACEMENT_3D ( 'NONE', #3395, #2047, #7501 ) ;
#1743 = ORIENTED_EDGE ( 'NONE', *, *, #678, .T. ) ;
#1744 = LINE ( 'NONE', #6349, #418 ) ;
#1745 = CIRCLE ( 'NONE', #3616, 5.500000000000005329 ) ;
#1746 = CARTESIAN_POINT ( 'NONE',  ( 53.33399999999999608, 3.000000000000000000, -33.27799999999999159 ) ) ;
#1747 = ORIENTED_EDGE ( 'NONE', *, *, #793, .T. ) ;
#1748 = CYLINDRICAL_SURFACE ( 'NONE', #6266, 4.000000000000000888 ) ;
#1749 = DIRECTION ( 'NONE',  ( 0.000000000000000000, 1.000000000000000000, 0.000000000000000000 ) ) ;
#1750 = VECTOR ( 'NONE', #6135, 1000.000000000000000 ) ;
#1751 = DIRECTION ( 'NONE',  ( 0.000000000000000000, 0.000000000000000000, -1.000000000000000000 ) ) ;
#1752 = LINE ( 'NONE', #1711, #2614 ) ;
#1753 = CARTESIAN_POINT ( 'NONE',  ( 140.0000000000000000, 4.000000000000000000, -142.2500000000000284 ) ) ;
#1754 = VECTOR ( 'NONE', #8371, 1000.000000000000000 ) ;
#1755 = ORIENTED_EDGE ( 'NONE', *, *, #2608, .F. ) ;
#1756 = VERTEX_POINT ( 'NONE', #8192 ) ;
#1757 = DIRECTION ( 'NONE',  ( 0.000000000000000000, 1.000000000000000000, 0.000000000000000000 ) ) ;
#1758 = AXIS2_PLACEMENT_3D ( 'NONE', #3741, #4539, #8473 ) ;
#1759 = EDGE_LOOP ( 'NONE', ( #714, #8810, #1850, #7352 ) ) ;
#1760 = VECTOR ( 'NONE', #4305, 1000.000000000000000 ) ;
#1761 = ORIENTED_EDGE ( 'NONE', *, *, #3554, .T. ) ;
#1762 = PLANE ( 'NONE',  #7230 ) ;
#1763 = DIRECTION ( 'NONE',  ( 0.000000000000000000, 1.000000000000000000, 0.000000000000000000 ) ) ;
#1764 = CYLINDRICAL_SURFACE ( 'NONE', #6759, 5.499999999999998224 ) ;
#1765 = CARTESIAN_POINT ( 'NONE',  ( 66.11200000000000898, 0.000000000000000000, -135.5020000000000095 ) ) ;
#1766 = EDGE_LOOP ( 'NONE', ( #7170, #2661, #8340, #2090 ) ) ;
#1767 = EDGE_CURVE ( 'NONE', #6363, #1866, #5417, .T. ) ;
#1768 = ORIENTED_EDGE ( 'NONE', *, *, #8069, .T. ) ;
#1769 = CARTESIAN_POINT ( 'NONE',  ( 40.55599999999999739, 3.000000000000000000, -35.05599999999999739 ) ) ;
#1770 = AXIS2_PLACEMENT_3D ( 'NONE', #2919, #1394, #5645 ) ;
#1771 = ORIENTED_EDGE ( 'NONE', *, *, #8843, .T. ) ;
#1772 = DIRECTION ( 'NONE',  ( 0.000000000000000000, -1.000000000000000000, 0.000000000000000000 ) ) ;
#1773 = ORIENTED_EDGE ( 'NONE', *, *, #4207, .T. ) ;
#1774 = CARTESIAN_POINT ( 'NONE',  ( 130.0020000000000095, 3.000000000000000000, -15.00000000000000000 ) ) ;
#1775 = EDGE_CURVE ( 'NONE', #1963, #607, #6802, .T. ) ;
#1776 = LINE ( 'NONE', #5313, #7098 ) ;
#1778 = FACE_BOUND ( 'NONE', #5871, .T. ) ;
#1777 = AXIS2_PLACEMENT_3D ( 'NONE', #1625, #7665, #1536 ) ;
#1779 = EDGE_CURVE ( 'NONE', #2514, #3334, #3459, .T. ) ;
#1780 = CARTESIAN_POINT ( 'NONE',  ( 66.11200000000000898, 3.000000000000000000, -98.94599999999999795 ) ) ;
#1781 = EDGE_LOOP ( 'NONE', ( #5488, #1099, #8107, #7935 ) ) ;
#1782 = FACE_OUTER_BOUND ( 'NONE', #2306, .T. ) ;
#1783 = AXIS2_PLACEMENT_3D ( 'NONE', #3893, #1200, #3847 ) ;
#1784 = CIRCLE ( 'NONE', #1210, 5.500000000000005329 ) ;
#1785 = FACE_OUTER_BOUND ( 'NONE', #6388, .T. ) ;
#1786 = ORGANIZATION ( 'UNSPECIFIED', 'UNSPECIFIED', '' ) ;
#1787 = ORIENTED_EDGE ( 'NONE', *, *, #911, .T. ) ;
#1788 = DIRECTION ( 'NONE',  ( 0.000000000000000000, 0.000000000000000000, -1.000000000000000000 ) ) ;
#1789 = EDGE_CURVE ( 'NONE', #721, #7921, #6131, .T. ) ;
#1790 = EDGE_CURVE ( 'NONE', #5175, #3717, #308, .T. ) ;
#1791 = DIRECTION ( 'NONE',  ( 0.000000000000000000, -1.000000000000000000, 0.000000000000000000 ) ) ;
#1792 = ORIENTED_EDGE ( 'NONE', *, *, #7198, .F. ) ;
#1793 = CARTESIAN_POINT ( 'NONE',  ( 40.55599999999999739, 3.000000000000000000, -66.11200000000000898 ) ) ;
#1794 = ORIENTED_EDGE ( 'NONE', *, *, #6544, .F. ) ;
#1795 = DIRECTION ( 'NONE',  ( 0.000000000000000000, 1.000000000000000000, 0.000000000000000000 ) ) ;
#1796 = ADVANCED_FACE ( 'NONE', ( #7653 ), #6263, .F. ) ;
#1797 = DIRECTION ( 'NONE',  ( 0.000000000000000000, 1.000000000000000000, 0.000000000000000000 ) ) ;
#1798 = DIRECTION ( 'NONE',  ( 0.000000000000000000, 1.000000000000000000, 0.000000000000000000 ) ) ;
#1799 = DIRECTION ( 'NONE',  ( 0.000000000000000000, -1.000000000000000000, 0.000000000000000000 ) ) ;
#1800 = MECHANICAL_CONTEXT ( 'NONE', #544, 'mechanical' ) ;
#1801 = VERTEX_POINT ( 'NONE', #6389 ) ;
#1802 = ORIENTED_EDGE ( 'NONE', *, *, #8125, .T. ) ;
#1803 = CARTESIAN_POINT ( 'NONE',  ( 66.11200000000000898, 0.000000000000000000, -40.55599999999999739 ) ) ;
#1804 = CIRCLE ( 'NONE', #4657, 5.500000000000005329 ) ;
#1805 = ORIENTED_EDGE ( 'NONE', *, *, #7961, .F. ) ;
#1806 = ORIENTED_EDGE ( 'NONE', *, *, #3825, .F. ) ;
#1807 = CARTESIAN_POINT ( 'NONE',  ( 78.89000000000000057, 3.000000000000000000, -53.33399999999999608 ) ) ;
#1808 = DIRECTION ( 'NONE',  ( 0.000000000000000000, 0.000000000000000000, 1.000000000000000000 ) ) ;
#1809 = DIRECTION ( 'NONE',  ( 0.000000000000000000, 0.000000000000000000, -1.000000000000000000 ) ) ;
#1810 = DIRECTION ( 'NONE',  ( 0.000000000000000000, 0.000000000000000000, -1.000000000000000000 ) ) ;
#1811 = ORIENTED_EDGE ( 'NONE', *, *, #8230, .F. ) ;
#1812 = ORIENTED_EDGE ( 'NONE', *, *, #6214, .F. ) ;
#1813 = CARTESIAN_POINT ( 'NONE',  ( 27.77799999999999869, 3.000000000000000000, -97.16800000000000637 ) ) ;
#1814 = ORIENTED_EDGE ( 'NONE', *, *, #963, .F. ) ;
#1815 = CARTESIAN_POINT ( 'NONE',  ( 0.000000000000000000, 0.000000000000000000, -145.0000000000000000 ) ) ;
#1816 = AXIS2_PLACEMENT_3D ( 'NONE', #7775, #1646, #1916 ) ;
#1817 = VERTEX_POINT ( 'NONE', #5725 ) ;
#1818 = CARTESIAN_POINT ( 'NONE',  ( 91.66800000000000637, 3.000000000000000000, -130.0020000000000095 ) ) ;
#1819 = CYLINDRICAL_SURFACE ( 'NONE', #2392, 5.500000000000005329 ) ;
#1820 = FACE_BOUND ( 'NONE', #3262, .T. ) ;
#1821 = CIRCLE ( 'NONE', #1401, 5.500000000000005329 ) ;
#1822 = DIRECTION ( 'NONE',  ( 0.000000000000000000, -1.000000000000000000, 0.000000000000000000 ) ) ;
#1823 = ORIENTED_EDGE ( 'NONE', *, *, #4084, .T. ) ;
#1824 = EDGE_CURVE ( 'NONE', #5326, #8117, #3798, .T. ) ;
#1825 = DIRECTION ( 'NONE',  ( 0.000000000000000000, -1.000000000000000000, 0.000000000000000000 ) ) ;
#1826 = CIRCLE ( 'NONE', #2835, 5.500000000000005329 ) ;
#1827 = FACE_OUTER_BOUND ( 'NONE', #3883, .T. ) ;
#1828 = ORIENTED_EDGE ( 'NONE', *, *, #3478, .T. ) ;
#1829 = CARTESIAN_POINT ( 'NONE',  ( 117.2239999999999895, 3.000000000000000000, -9.499999999999996447 ) ) ;
#1830 = ADVANCED_FACE ( 'NONE', ( #2197 ), #3628, .F. ) ;
#1831 = AXIS2_PLACEMENT_3D ( 'NONE', #3120, #2450, #3249 ) ;
#1832 = AXIS2_PLACEMENT_3D ( 'NONE', #8330, #8294, #6142 ) ;
#1833 = DIRECTION ( 'NONE',  ( 0.000000000000000000, 0.000000000000000000, -1.000000000000000000 ) ) ;
#1834 = EDGE_LOOP ( 'NONE', ( #3398, #5809, #8426, #7178 ) ) ;
#1835 = EDGE_CURVE ( 'NONE', #8111, #5674, #253, .T. ) ;
#1836 = CIRCLE ( 'NONE', #5967, 5.500000000000005329 ) ;
#1837 = CARTESIAN_POINT ( 'NONE',  ( 91.66800000000000637, 0.000000000000000000, -122.7240000000000038 ) ) ;
#1838 = ORIENTED_EDGE ( 'NONE', *, *, #4854, .T. ) ;
#1839 = AXIS2_PLACEMENT_3D ( 'NONE', #5378, #3509, #4093 ) ;
#1840 = AXIS2_PLACEMENT_3D ( 'NONE', #3814, #3903, #4610 ) ;
#1841 = LINE ( 'NONE', #498, #3998 ) ;
#1842 = EDGE_CURVE ( 'NONE', #6841, #2387, #8261, .T. ) ;
#1843 = ADVANCED_FACE ( 'NONE', ( #978 ), #266, .F. ) ;
#1844 = DIRECTION ( 'NONE',  ( 0.000000000000000000, 1.000000000000000000, 0.000000000000000000 ) ) ;
#1845 = CIRCLE ( 'NONE', #2278, 5.500000000000005329 ) ;
#1846 = CARTESIAN_POINT ( 'NONE',  ( 145.0000000000000000, 0.000000000000000000, -145.0000000000000000 ) ) ;
#1847 = CIRCLE ( 'NONE', #8550, 5.500000000000018652 ) ;
#1848 = CARTESIAN_POINT ( 'NONE',  ( 15.00000000000000000, 0.000000000000000000, -111.7239999999999895 ) ) ;
#1849 = DIRECTION ( 'NONE',  ( 0.000000000000000000, -1.000000000000000000, 0.000000000000000000 ) ) ;
#1850 = ORIENTED_EDGE ( 'NONE', *, *, #1449, .T. ) ;
#1851 = ORIENTED_EDGE ( 'NONE', *, *, #2188, .F. ) ;
#1852 = EDGE_CURVE ( 'NONE', #2735, #2497, #1821, .T. ) ;
#1853 = PLANE ( 'NONE',  #6684 ) ;
#1854 = AXIS2_PLACEMENT_3D ( 'NONE', #7155, #5054, #311 ) ;
#1855 = CIRCLE ( 'NONE', #573, 5.500000000000016875 ) ;
#1856 = EDGE_LOOP ( 'NONE', ( #2894, #2416, #6204, #4209 ) ) ;
#1857 = EDGE_LOOP ( 'NONE', ( #2571, #4639, #6413, #164 ) ) ;
#1858 = FACE_OUTER_BOUND ( 'NONE', #5371, .T. ) ;
#1859 = DIRECTION ( 'NONE',  ( 0.000000000000000000, -1.000000000000000000, 0.000000000000000000 ) ) ;
#1860 = DIRECTION ( 'NONE',  ( 0.000000000000000000, 1.000000000000000000, 0.000000000000000000 ) ) ;
#1861 = MANIFOLD_SOLID_BREP ( 'Cut-Extrude3 (4 Counterbores \X2\0e230098\X0\8 Depth 4mm)', #765 ) ;
#1862 = CARTESIAN_POINT ( 'NONE',  ( 117.2239999999999895, 0.000000000000000000, -135.5020000000000095 ) ) ;
#1863 = EDGE_LOOP ( 'NONE', ( #5249, #2644, #2551, #8037 ) ) ;
#1864 = VERTEX_POINT ( 'NONE', #3044 ) ;
#1865 = CYLINDRICAL_SURFACE ( 'NONE', #5820, 5.500000000000005329 ) ;
#1866 = VERTEX_POINT ( 'NONE', #2239 ) ;
#1867 = CARTESIAN_POINT ( 'NONE',  ( 40.55599999999999739, 3.000000000000000000, -71.61200000000000898 ) ) ;
#1868 = AXIS2_PLACEMENT_3D ( 'NONE', #7276, #521, #7183 ) ;
#1869 = ORIENTED_EDGE ( 'NONE', *, *, #8485, .T. ) ;
#1870 = DIRECTION ( 'NONE',  ( 0.000000000000000000, -0.000000000000000000, 1.000000000000000000 ) ) ;
#1871 = LINE ( 'NONE', #1101, #5678 ) ;
#1872 = FACE_BOUND ( 'NONE', #3746, .T. ) ;
#1873 = LINE ( 'NONE', #3939, #2144 ) ;
#1874 = CARTESIAN_POINT ( 'NONE',  ( 78.89000000000000057, 0.000000000000000000, -58.83400000000000318 ) ) ;
#1875 = ORIENTED_EDGE ( 'NONE', *, *, #3638, .T. ) ;
#1876 = CARTESIAN_POINT ( 'NONE',  ( 53.33399999999999608, 3.000000000000000000, -27.77799999999999869 ) ) ;
#1877 = DIRECTION ( 'NONE',  ( 0.000000000000000000, 0.000000000000000000, -1.000000000000000000 ) ) ;
#1878 = VERTEX_POINT ( 'NONE', #7153 ) ;
#1879 = CARTESIAN_POINT ( 'NONE',  ( 78.89000000000000057, 3.000000000000000000, -53.33399999999999608 ) ) ;
#1880 = EDGE_CURVE ( 'NONE', #1267, #8675, #1252, .T. ) ;
#1881 = DIRECTION ( 'NONE',  ( 0.000000000000000000, 0.000000000000000000, -1.000000000000000000 ) ) ;
#1882 = EDGE_LOOP ( 'NONE', ( #2435, #7889 ) ) ;
#1883 = EDGE_CURVE ( 'NONE', #3523, #2483, #7683, .T. ) ;
#1884 = CARTESIAN_POINT ( 'NONE',  ( 117.2239999999999895, 3.000000000000000000, -53.33399999999999608 ) ) ;
#1885 = CIRCLE ( 'NONE', #1314, 5.500000000000005329 ) ;
#1886 = VERTEX_POINT ( 'NONE', #3588 ) ;
#1887 = DIRECTION ( 'NONE',  ( 0.000000000000000000, 1.000000000000000000, 0.000000000000000000 ) ) ;
#1888 = EDGE_CURVE ( 'NONE', #8801, #1648, #5962, .T. ) ;
#1889 = AXIS2_PLACEMENT_3D ( 'NONE', #5587, #751, #7594 ) ;
#1890 = CARTESIAN_POINT ( 'NONE',  ( 40.55599999999999739, 0.000000000000000000, -53.33399999999999608 ) ) ;
#1891 = DIRECTION ( 'NONE',  ( 0.000000000000000000, 1.000000000000000000, 0.000000000000000000 ) ) ;
#1892 = ORIENTED_EDGE ( 'NONE', *, *, #5337, .T. ) ;
#1893 = VERTEX_POINT ( 'NONE', #8367 ) ;
#1894 = EDGE_CURVE ( 'NONE', #7038, #1022, #2545, .T. ) ;
#1895 = DIRECTION ( 'NONE',  ( 0.000000000000000000, 1.000000000000000000, 0.000000000000000000 ) ) ;
#1896 = AXIS2_PLACEMENT_3D ( 'NONE', #4586, #3922, #1179 ) ;
#1897 = ORIENTED_EDGE ( 'NONE', *, *, #6355, .T. ) ;
#1898 = EDGE_LOOP ( 'NONE', ( #5870, #3925, #2867, #7180 ) ) ;
#1899 = DIRECTION ( 'NONE',  ( 0.000000000000000000, 1.000000000000000000, 0.000000000000000000 ) ) ;
#1900 = EDGE_CURVE ( 'NONE', #7966, #1274, #4968, .T. ) ;
#1901 = DIRECTION ( 'NONE',  ( 0.000000000000000000, 1.000000000000000000, 0.000000000000000000 ) ) ;
#1902 = CARTESIAN_POINT ( 'NONE',  ( 15.00000000000000000, 3.000000000000000000, -124.5019999999999953 ) ) ;
#1903 = DIRECTION ( 'NONE',  ( 0.000000000000000000, 0.000000000000000000, -1.000000000000000000 ) ) ;
#1904 = AXIS2_PLACEMENT_3D ( 'NONE', #8590, #366, #3101 ) ;
#1905 = ORIENTED_EDGE ( 'NONE', *, *, #4630, .F. ) ;
#1906 = ADVANCED_FACE ( 'NONE', ( #7021 ), #5009, .F. ) ;
#1907 = VERTEX_POINT ( 'NONE', #932 ) ;
#1908 = FACE_OUTER_BOUND ( 'NONE', #5983, .T. ) ;
#1909 = CIRCLE ( 'NONE', #2482, 5.500000000000005329 ) ;
#1910 = ORIENTED_EDGE ( 'NONE', *, *, #3041, .T. ) ;
#1911 = DIRECTION ( 'NONE',  ( 0.000000000000000000, 1.000000000000000000, 0.000000000000000000 ) ) ;
#1912 = VECTOR ( 'NONE', #5920, 1000.000000000000000 ) ;
#1913 = ORIENTED_EDGE ( 'NONE', *, *, #814, .T. ) ;
#1914 = DIRECTION ( 'NONE',  ( 0.000000000000000000, 0.000000000000000000, 1.000000000000000000 ) ) ;
#1915 = EDGE_CURVE ( 'NONE', #742, #2253, #3260, .T. ) ;
#1916 = DIRECTION ( 'NONE',  ( 0.000000000000000000, 0.000000000000000000, -1.000000000000000000 ) ) ;
#1917 = FACE_BOUND ( 'NONE', #5280, .T. ) ;
#1918 = CARTESIAN_POINT ( 'NONE',  ( 40.55599999999999739, 3.000000000000000000, -47.83400000000000318 ) ) ;
#1919 = CIRCLE ( 'NONE', #6917, 5.500000000000005329 ) ;
#1920 = DIRECTION ( 'NONE',  ( 0.000000000000000000, 0.000000000000000000, 1.000000000000000000 ) ) ;
#1921 = ORIENTED_EDGE ( 'NONE', *, *, #5224, .T. ) ;
#1922 = DIRECTION ( 'NONE',  ( 0.000000000000000000, 0.000000000000000000, -1.000000000000000000 ) ) ;
#1923 = CARTESIAN_POINT ( 'NONE',  ( 78.89000000000000057, 3.000000000000000000, -15.00000000000000000 ) ) ;
#1924 = VERTEX_POINT ( 'NONE', #8488 ) ;
#1925 = FACE_OUTER_BOUND ( 'NONE', #1998, .T. ) ;
#1926 = VECTOR ( 'NONE', #6246, 1000.000000000000000 ) ;
#1927 = PLANE ( 'NONE',  #4208 ) ;
#1928 = ORIENTED_EDGE ( 'NONE', *, *, #8834, .F. ) ;
#1929 = CARTESIAN_POINT ( 'NONE',  ( 40.55599999999999739, 3.000000000000000000, -78.89000000000000057 ) ) ;
#1930 = AXIS2_PLACEMENT_3D ( 'NONE', #23, #2756, #1903 ) ;
#1931 = ORIENTED_EDGE ( 'NONE', *, *, #3213, .T. ) ;
#1932 = CARTESIAN_POINT ( 'NONE',  ( 91.66800000000000637, 3.000000000000000000, -47.83399999999999608 ) ) ;
#1933 = CARTESIAN_POINT ( 'NONE',  ( 104.4459999999999980, 3.000000000000000000, -15.00000000000000000 ) ) ;
#1934 = DIRECTION ( 'NONE',  ( 0.000000000000000000, 0.000000000000000000, 1.000000000000000000 ) ) ;
#1935 = DIRECTION ( 'NONE',  ( 0.000000000000000000, 1.000000000000000000, 0.000000000000000000 ) ) ;
#1936 = DATE_TIME_ROLE ( 'classification_date' ) ;
#1937 = VERTEX_POINT ( 'NONE', #3806 ) ;
#1938 = VERTEX_POINT ( 'NONE', #530 ) ;
#1939 = DIRECTION ( 'NONE',  ( 0.000000000000000000, -0.000000000000000000, 1.000000000000000000 ) ) ;
#1940 = EDGE_CURVE ( 'NONE', #841, #6726, #8254, .T. ) ;
#1941 = ORIENTED_EDGE ( 'NONE', *, *, #808, .T. ) ;
#1942 = EDGE_LOOP ( 'NONE', ( #877, #6685 ) ) ;
#1943 = CARTESIAN_POINT ( 'NONE',  ( 27.77799999999999869, 3.000000000000000000, -71.61200000000000898 ) ) ;
#1944 = EDGE_CURVE ( 'NONE', #1512, #7011, #1103, .T. ) ;
#1945 = DIRECTION ( 'NONE',  ( 0.000000000000000000, 0.000000000000000000, 1.000000000000000000 ) ) ;
#1946 = DIRECTION ( 'NONE',  ( 0.000000000000000000, -1.000000000000000000, 0.000000000000000000 ) ) ;
#1947 = DIRECTION ( 'NONE',  ( 0.000000000000000000, 1.000000000000000000, 0.000000000000000000 ) ) ;
#1948 = VERTEX_POINT ( 'NONE', #6654 ) ;
#1949 = AXIS2_PLACEMENT_3D ( 'NONE', #7986, #5302, #1043 ) ;
#1950 = EDGE_LOOP ( 'NONE', ( #734, #5170, #1551, #8848 ) ) ;
#1951 = EDGE_CURVE ( 'NONE', #4123, #600, #7820, .T. ) ;
#1952 = FACE_OUTER_BOUND ( 'NONE', #375, .T. ) ;
#1953 = VERTEX_POINT ( 'NONE', #4558 ) ;
#1954 = DIRECTION ( 'NONE',  ( 0.000000000000000000, 1.000000000000000000, 0.000000000000000000 ) ) ;
#1955 = VERTEX_POINT ( 'NONE', #6609 ) ;
#1956 = DIRECTION ( 'NONE',  ( 0.000000000000000000, 0.000000000000000000, -1.000000000000000000 ) ) ;
#1957 = EDGE_CURVE ( 'NONE', #1468, #7343, #7327, .T. ) ;
#1958 = DIRECTION ( 'NONE',  ( 0.000000000000000000, 0.000000000000000000, 1.000000000000000000 ) ) ;
#1959 = VECTOR ( 'NONE', #5199, 1000.000000000000000 ) ;
#1960 = DIRECTION ( 'NONE',  ( 0.000000000000000000, 1.000000000000000000, 0.000000000000000000 ) ) ;
#1961 = CYLINDRICAL_SURFACE ( 'NONE', #7130, 5.500000000000005329 ) ;
#1962 = LINE ( 'NONE', #4118, #831 ) ;
#1963 = VERTEX_POINT ( 'NONE', #1063 ) ;
#1964 = EDGE_CURVE ( 'NONE', #4806, #7932, #965, .T. ) ;
#1965 = DIRECTION ( 'NONE',  ( 0.000000000000000000, 1.000000000000000000, 0.000000000000000000 ) ) ;
#1966 = DIRECTION ( 'NONE',  ( 0.000000000000000000, 0.000000000000000000, 1.000000000000000000 ) ) ;
#1967 = ORIENTED_EDGE ( 'NONE', *, *, #6831, .T. ) ;
#1968 = DIRECTION ( 'NONE',  ( 0.000000000000000000, 0.000000000000000000, 1.000000000000000000 ) ) ;
#1969 = AXIS2_PLACEMENT_3D ( 'NONE', #758, #8852, #4875 ) ;
#1970 = DIRECTION ( 'NONE',  ( 0.000000000000000000, -1.000000000000000000, 0.000000000000000000 ) ) ;
#1971 = AXIS2_PLACEMENT_3D ( 'NONE', #7845, #4399, #2348 ) ;
#1972 = VERTEX_POINT ( 'NONE', #1106 ) ;
#1973 = CARTESIAN_POINT ( 'NONE',  ( 104.4459999999999980, 0.000000000000000000, -97.16800000000000637 ) ) ;
#1974 = ORIENTED_EDGE ( 'NONE', *, *, #1140, .T. ) ;
#1975 = CIRCLE ( 'NONE', #2553, 5.500000000000005329 ) ;
#1976 = CARTESIAN_POINT ( 'NONE',  ( 78.89000000000000057, 3.000000000000000000, -40.55599999999999739 ) ) ;
#1977 = AXIS2_PLACEMENT_3D ( 'NONE', #8245, #2840, #6812 ) ;
#1978 = CARTESIAN_POINT ( 'NONE',  ( 78.89000000000000057, 0.000000000000000000, -66.11200000000000898 ) ) ;
#1979 = DIRECTION ( 'NONE',  ( 0.000000000000000000, 1.000000000000000000, 0.000000000000000000 ) ) ;
#1980 = CARTESIAN_POINT ( 'NONE',  ( 27.77799999999999869, 0.000000000000000000, -124.5019999999999953 ) ) ;
#1981 = CIRCLE ( 'NONE', #2126, 5.500000000000005329 ) ;
#1982 = CIRCLE ( 'NONE', #3130, 5.500000000000005329 ) ;
#1983 = FACE_OUTER_BOUND ( 'NONE', #381, .T. ) ;
#1984 = VERTEX_POINT ( 'NONE', #8623 ) ;
#1985 = CARTESIAN_POINT ( 'NONE',  ( 27.77799999999999869, 3.000000000000000000, -35.05599999999999739 ) ) ;
#1986 = VERTEX_POINT ( 'NONE', #5183 ) ;
#1987 = AXIS2_PLACEMENT_3D ( 'NONE', #8725, #449, #634 ) ;
#1988 = AXIS2_PLACEMENT_3D ( 'NONE', #7363, #8134, #2009 ) ;
#1989 = ORIENTED_EDGE ( 'NONE', *, *, #4415, .T. ) ;
#1990 = CYLINDRICAL_SURFACE ( 'NONE', #6806, 5.500000000000005329 ) ;
#1991 = DIRECTION ( 'NONE',  ( 0.000000000000000000, -0.000000000000000000, 1.000000000000000000 ) ) ;
#1992 = CARTESIAN_POINT ( 'NONE',  ( 130.0020000000000095, 3.000000000000000000, -66.11200000000000898 ) ) ;
#1993 = EDGE_CURVE ( 'NONE', #7592, #6795, #3545, .T. ) ;
#1994 = CARTESIAN_POINT ( 'NONE',  ( 117.2239999999999895, 3.000000000000000000, -53.33399999999999608 ) ) ;
#1995 = ORIENTED_EDGE ( 'NONE', *, *, #8670, .T. ) ;
#1996 = AXIS2_PLACEMENT_3D ( 'NONE', #7825, #7108, #6438 ) ;
#1997 = AXIS2_PLACEMENT_3D ( 'NONE', #6703, #1066, #5186 ) ;
#1998 = EDGE_LOOP ( 'NONE', ( #1315, #7615 ) ) ;
#1999 = ADVANCED_FACE ( 'NONE', ( #3088 ), #8580, .F. ) ;
#2000 = CARTESIAN_POINT ( 'NONE',  ( 117.2239999999999895, 0.000000000000000000, -71.61200000000000898 ) ) ;
#2001 = VERTEX_POINT ( 'NONE', #5319 ) ;
#2002 = DIRECTION ( 'NONE',  ( 0.000000000000000000, 0.000000000000000000, 1.000000000000000000 ) ) ;
#2003 = EDGE_LOOP ( 'NONE', ( #5930, #2388 ) ) ;
#2004 = DIRECTION ( 'NONE',  ( 0.000000000000000000, 1.000000000000000000, 0.000000000000000000 ) ) ;
#2005 = CIRCLE ( 'NONE', #2149, 5.499999999999991118 ) ;
#2006 = DIRECTION ( 'NONE',  ( 0.000000000000000000, -1.000000000000000000, 0.000000000000000000 ) ) ;
#2007 = EDGE_CURVE ( 'NONE', #4306, #8648, #1537, .T. ) ;
#2008 = PLANE ( 'NONE',  #64 ) ;
#2009 = DIRECTION ( 'NONE',  ( 0.000000000000000000, 0.000000000000000000, -1.000000000000000000 ) ) ;
#2010 = CARTESIAN_POINT ( 'NONE',  ( 66.11200000000000898, 3.000000000000000000, -122.7240000000000038 ) ) ;
#2011 = EDGE_LOOP ( 'NONE', ( #330, #3248, #7638, #3141 ) ) ;
#2012 = EDGE_CURVE ( 'NONE', #5043, #2720, #8047, .T. ) ;
#2013 = CIRCLE ( 'NONE', #5439, 5.500000000000005329 ) ;
#2014 = LINE ( 'NONE', #8226, #549 ) ;
#2015 = ADVANCED_FACE ( 'NONE', ( #2506 ), #5277, .F. ) ;
#2016 = CYLINDRICAL_SURFACE ( 'NONE', #3858, 5.500000000000005329 ) ;
#2017 = ORIENTED_EDGE ( 'NONE', *, *, #6974, .F. ) ;
#2018 = DIRECTION ( 'NONE',  ( 0.000000000000000000, 1.000000000000000000, 0.000000000000000000 ) ) ;
#2019 = FACE_OUTER_BOUND ( 'NONE', #5092, .T. ) ;
#2020 = ADVANCED_FACE ( 'NONE', ( #1782 ), #3943, .F. ) ;
#2021 = CARTESIAN_POINT ( 'NONE',  ( 91.66800000000000637, 0.000000000000000000, -78.89000000000000057 ) ) ;
#2022 = ORIENTED_EDGE ( 'NONE', *, *, #4253, .F. ) ;
#2023 = EDGE_CURVE ( 'NONE', #5615, #5598, #8396, .T. ) ;
#2024 = DIRECTION ( 'NONE',  ( 0.000000000000000000, -1.000000000000000000, 0.000000000000000000 ) ) ;
#2025 = CARTESIAN_POINT ( 'NONE',  ( 27.77799999999999869, 0.000000000000000000, -40.55599999999999739 ) ) ;
#2026 = CARTESIAN_POINT ( 'NONE',  ( 66.11200000000000898, 3.000000000000000000, -20.50000000000000355 ) ) ;
#2027 = LINE ( 'NONE', #1353, #8346 ) ;
#2028 = DIRECTION ( 'NONE',  ( 0.000000000000000000, 0.000000000000000000, 1.000000000000000000 ) ) ;
#2029 = FACE_OUTER_BOUND ( 'NONE', #3388, .T. ) ;
#2030 = EDGE_LOOP ( 'NONE', ( #6507, #5522 ) ) ;
#2031 = LINE ( 'NONE', #4755, #6399 ) ;
#2032 = ORIENTED_EDGE ( 'NONE', *, *, #5722, .F. ) ;
#2033 = EDGE_LOOP ( 'NONE', ( #7314, #7422 ) ) ;
#2034 = DIRECTION ( 'NONE',  ( 0.000000000000000000, 0.000000000000000000, -1.000000000000000000 ) ) ;
#2035 = DIRECTION ( 'NONE',  ( 0.000000000000000000, 0.000000000000000000, 1.000000000000000000 ) ) ;
#2036 = DIRECTION ( 'NONE',  ( 0.000000000000000000, 0.000000000000000000, -1.000000000000000000 ) ) ;
#2037 = DIRECTION ( 'NONE',  ( 0.000000000000000000, -0.000000000000000000, 1.000000000000000000 ) ) ;
#2038 = ORIENTED_EDGE ( 'NONE', *, *, #4686, .F. ) ;
#2039 = CIRCLE ( 'NONE', #6178, 5.500000000000005329 ) ;
#2040 = VERTEX_POINT ( 'NONE', #2417 ) ;
#2041 = DIRECTION ( 'NONE',  ( 0.000000000000000000, 0.000000000000000000, -1.000000000000000000 ) ) ;
#2042 = ORIENTED_EDGE ( 'NONE', *, *, #1964, .F. ) ;
#2043 = DIRECTION ( 'NONE',  ( 0.000000000000000000, 0.000000000000000000, 1.000000000000000000 ) ) ;
#2044 = ORIENTED_EDGE ( 'NONE', *, *, #7143, .T. ) ;
#2045 = CARTESIAN_POINT ( 'NONE',  ( 27.77799999999999869, 3.000000000000000000, -117.2239999999999895 ) ) ;
#2046 = VECTOR ( 'NONE', #5470, 1000.000000000000000 ) ;
#2047 = DIRECTION ( 'NONE',  ( -1.000000000000000000, 0.000000000000000000, 0.000000000000000000 ) ) ;
#2048 = EDGE_CURVE ( 'NONE', #6558, #6748, #2689, .T. ) ;
#2049 = FACE_BOUND ( 'NONE', #2599, .T. ) ;
#2050 = ORIENTED_EDGE ( 'NONE', *, *, #7467, .T. ) ;
#2051 = AXIS2_PLACEMENT_3D ( 'NONE', #5325, #2063, #768 ) ;
#2052 = DIRECTION ( 'NONE',  ( 0.000000000000000000, 0.000000000000000000, 1.000000000000000000 ) ) ;
#2053 = ORIENTED_EDGE ( 'NONE', *, *, #7250, .T. ) ;
#2054 = CARTESIAN_POINT ( 'NONE',  ( 27.77799999999999869, 0.000000000000000000, -84.38999999999998636 ) ) ;
#2055 = AXIS2_PLACEMENT_3D ( 'NONE', #2945, #6921, #795 ) ;
#2056 = CC_DESIGN_PERSON_AND_ORGANIZATION_ASSIGNMENT ( #8773, #3956, ( #1645 ) ) ;
#2057 = FACE_OUTER_BOUND ( 'NONE', #5329, .T. ) ;
#2058 = EDGE_CURVE ( 'NONE', #8117, #5326, #4126, .T. ) ;
#2059 = ORIENTED_EDGE ( 'NONE', *, *, #4526, .T. ) ;
#2060 = DIRECTION ( 'NONE',  ( 0.000000000000000000, 1.000000000000000000, 0.000000000000000000 ) ) ;
#2061 = CYLINDRICAL_SURFACE ( 'NONE', #6666, 5.500000000000005329 ) ;
#2062 = EDGE_CURVE ( 'NONE', #2387, #6841, #6828, .T. ) ;
#2063 = DIRECTION ( 'NONE',  ( 0.000000000000000000, -1.000000000000000000, 0.000000000000000000 ) ) ;
#2064 = ORIENTED_EDGE ( 'NONE', *, *, #7852, .F. ) ;
#2065 = CYLINDRICAL_SURFACE ( 'NONE', #1556, 5.500000000000005329 ) ;
#2066 = EDGE_CURVE ( 'NONE', #284, #6174, #3975, .T. ) ;
#2067 = AXIS2_PLACEMENT_3D ( 'NONE', #7521, #146, #3547 ) ;
#2068 = DIRECTION ( 'NONE',  ( 0.000000000000000000, 0.000000000000000000, 1.000000000000000000 ) ) ;
#2069 = EDGE_CURVE ( 'NONE', #6558, #7726, #84, .T. ) ;
#2070 = LINE ( 'NONE', #8814, #1750 ) ;
#2071 = AXIS2_PLACEMENT_3D ( 'NONE', #5890, #4467, #8531 ) ;
#2072 = DIRECTION ( 'NONE',  ( 0.000000000000000000, -1.000000000000000000, 0.000000000000000000 ) ) ;
#2073 = CARTESIAN_POINT ( 'NONE',  ( 78.89000000000000057, 0.000000000000000000, -20.50000000000000355 ) ) ;
#2074 = APPROVAL_DATE_TIME ( #7524, #7793 ) ;
#2075 = AXIS2_PLACEMENT_3D ( 'NONE', #6553, #2580, #7310 ) ;
#2076 = DIRECTION ( 'NONE',  ( 0.000000000000000000, -1.000000000000000000, 0.000000000000000000 ) ) ;
#2077 = ORIENTED_EDGE ( 'NONE', *, *, #86, .F. ) ;
#2078 = FACE_OUTER_BOUND ( 'NONE', #6616, .T. ) ;
#2079 = EDGE_CURVE ( 'NONE', #2805, #6311, #4680, .T. ) ;
#2080 = AXIS2_PLACEMENT_3D ( 'NONE', #4257, #5679, #6976 ) ;
#2081 = EDGE_LOOP ( 'NONE', ( #910, #7131, #6772, #4321 ) ) ;
#2082 = VERTEX_POINT ( 'NONE', #6120 ) ;
#2083 = DIRECTION ( 'NONE',  ( 0.000000000000000000, 0.000000000000000000, -1.000000000000000000 ) ) ;
#2084 = FACE_OUTER_BOUND ( 'NONE', #5543, .T. ) ;
#2085 = CARTESIAN_POINT ( 'NONE',  ( 130.0020000000000095, 3.000000000000000000, -27.77799999999999869 ) ) ;
#2086 = CARTESIAN_POINT ( 'NONE',  ( 78.89000000000000057, 3.000000000000000000, -91.66800000000000637 ) ) ;
#2087 = VERTEX_POINT ( 'NONE', #2638 ) ;
#2088 = ORIENTED_EDGE ( 'NONE', *, *, #4739, .F. ) ;
#2089 = CARTESIAN_POINT ( 'NONE',  ( 130.0020000000000095, 3.000000000000000000, -91.66800000000000637 ) ) ;
#2090 = ORIENTED_EDGE ( 'NONE', *, *, #3115, .F. ) ;
#2091 = DIRECTION ( 'NONE',  ( 0.000000000000000000, -1.000000000000000000, 0.000000000000000000 ) ) ;
#2092 = ORIENTED_EDGE ( 'NONE', *, *, #7244, .T. ) ;
#2093 = DIRECTION ( 'NONE',  ( 0.000000000000000000, 1.000000000000000000, 0.000000000000000000 ) ) ;
#2094 = CARTESIAN_POINT ( 'NONE',  ( 104.4459999999999980, 3.000000000000000000, -91.66800000000000637 ) ) ;
#2095 = DIRECTION ( 'NONE',  ( 0.000000000000000000, -0.000000000000000000, 1.000000000000000000 ) ) ;
#2096 = EDGE_LOOP ( 'NONE', ( #3576, #4873 ) ) ;
#2097 = DIRECTION ( 'NONE',  ( 0.000000000000000000, -1.000000000000000000, 0.000000000000000000 ) ) ;
#2098 = ORIENTED_EDGE ( 'NONE', *, *, #3376, .F. ) ;
#2099 = DIRECTION ( 'NONE',  ( 0.000000000000000000, 1.000000000000000000, 0.000000000000000000 ) ) ;
#2100 = DIRECTION ( 'NONE',  ( 0.000000000000000000, 1.000000000000000000, 0.000000000000000000 ) ) ;
#2101 = CIRCLE ( 'NONE', #5094, 5.500000000000005329 ) ;
#2102 = ORIENTED_EDGE ( 'NONE', *, *, #5455, .F. ) ;
#2103 = DIRECTION ( 'NONE',  ( 0.000000000000000000, 0.000000000000000000, 1.000000000000000000 ) ) ;
#2104 = CARTESIAN_POINT ( 'NONE',  ( 117.2239999999999895, 3.000000000000000000, -27.77799999999999869 ) ) ;
#2105 = EDGE_CURVE ( 'NONE', #1801, #1681, #6251, .T. ) ;
#2106 = VECTOR ( 'NONE', #2911, 1000.000000000000000 ) ;
#2107 = CARTESIAN_POINT ( 'NONE',  ( 40.55599999999999739, 3.000000000000000000, -58.83399999999999608 ) ) ;
#2108 = ORIENTED_EDGE ( 'NONE', *, *, #1500, .F. ) ;
#2109 = CARTESIAN_POINT ( 'NONE',  ( 53.33399999999999608, 0.000000000000000000, -22.27799999999999869 ) ) ;
#2110 = EDGE_CURVE ( 'NONE', #597, #8342, #2398, .T. ) ;
#2111 = CARTESIAN_POINT ( 'NONE',  ( 5.000000000000000888, 4.000000000000000000, -136.0000000000000000 ) ) ;
#2112 = CIRCLE ( 'NONE', #7102, 5.500000000000016875 ) ;
#2113 = CARTESIAN_POINT ( 'NONE',  ( 78.89000000000000057, 3.000000000000000000, -97.16800000000000637 ) ) ;
#2114 = DIRECTION ( 'NONE',  ( 0.000000000000000000, 1.000000000000000000, 0.000000000000000000 ) ) ;
#2115 = PRODUCT_DEFINITION ( 'UNKNOWN', '', #1645, #6672 ) ;
#2116 = DIRECTION ( 'NONE',  ( 0.000000000000000000, 1.000000000000000000, 0.000000000000000000 ) ) ;
#2117 = EDGE_LOOP ( 'NONE', ( #289, #8157, #4944, #8655 ) ) ;
#2118 = CARTESIAN_POINT ( 'NONE',  ( 15.00000000000000000, 0.000000000000000000, -27.77799999999999869 ) ) ;
#2119 = AXIS2_PLACEMENT_3D ( 'NONE', #1155, #8715, #7954 ) ;
#2120 = ADVANCED_FACE ( 'NONE', ( #4781 ), #2732, .F. ) ;
#2121 = ADVANCED_FACE ( 'NONE', ( #6885 ), #3493, .F. ) ;
#2122 = VECTOR ( 'NONE', #3448, 1000.000000000000000 ) ;
#2123 = ORIENTED_EDGE ( 'NONE', *, *, #5006, .F. ) ;
#2124 = EDGE_LOOP ( 'NONE', ( #7589, #4917 ) ) ;
#2125 = FACE_OUTER_BOUND ( 'NONE', #7796, .T. ) ;
#2126 = AXIS2_PLACEMENT_3D ( 'NONE', #6559, #4638, #5310 ) ;
#2127 = CYLINDRICAL_SURFACE ( 'NONE', #7031, 5.500000000000005329 ) ;
#2128 = AXIS2_PLACEMENT_3D ( 'NONE', #4416, #4544, #4458 ) ;
#2129 = CARTESIAN_POINT ( 'NONE',  ( 117.2239999999999895, 3.000000000000000000, -84.39000000000000057 ) ) ;
#2130 = ADVANCED_FACE ( 'NONE', ( #3452 ), #7417, .F. ) ;
#2131 = DIRECTION ( 'NONE',  ( 0.000000000000000000, -1.000000000000000000, 0.000000000000000000 ) ) ;
#2132 = ORIENTED_EDGE ( 'NONE', *, *, #8343, .T. ) ;
#2133 = AXIS2_PLACEMENT_3D ( 'NONE', #4308, #5060, #3727 ) ;
#2134 = ORIENTED_EDGE ( 'NONE', *, *, #3657, .F. ) ;
#2135 = CARTESIAN_POINT ( 'NONE',  ( 27.77799999999999869, 0.000000000000000000, -22.27799999999999869 ) ) ;
#2136 = ORIENTED_EDGE ( 'NONE', *, *, #590, .F. ) ;
#2137 = CARTESIAN_POINT ( 'NONE',  ( 78.89000000000000057, 3.000000000000000000, -53.33399999999999608 ) ) ;
#2138 = VERTEX_POINT ( 'NONE', #2818 ) ;
#2139 = LINE ( 'NONE', #7545, #7864 ) ;
#2140 = CARTESIAN_POINT ( 'NONE',  ( 117.2239999999999895, 0.000000000000000000, -58.83400000000000318 ) ) ;
#2141 = CARTESIAN_POINT ( 'NONE',  ( 104.4459999999999980, 0.000000000000000000, -20.50000000000000355 ) ) ;
#2142 = VECTOR ( 'NONE', #625, 1000.000000000000000 ) ;
#2143 = PLANE ( 'NONE',  #4635 ) ;
#2144 = VECTOR ( 'NONE', #6650, 1000.000000000000000 ) ;
#2145 = VERTEX_POINT ( 'NONE', #8092 ) ;
#2146 = ORIENTED_EDGE ( 'NONE', *, *, #8726, .F. ) ;
#2147 = DIRECTION ( 'NONE',  ( 0.000000000000000000, 0.000000000000000000, 1.000000000000000000 ) ) ;
#2148 = CARTESIAN_POINT ( 'NONE',  ( 117.2239999999999895, 0.000000000000000000, -78.89000000000000057 ) ) ;
#2149 = AXIS2_PLACEMENT_3D ( 'NONE', #5460, #2736, #7604 ) ;
#2150 = ORIENTED_EDGE ( 'NONE', *, *, #5462, .T. ) ;
#2151 = DIRECTION ( 'NONE',  ( 0.000000000000000000, 0.000000000000000000, 1.000000000000000000 ) ) ;
#2152 = DIRECTION ( 'NONE',  ( 0.000000000000000000, 0.000000000000000000, 1.000000000000000000 ) ) ;
#2153 = AXIS2_PLACEMENT_3D ( 'NONE', #8307, #4071, #2764 ) ;
#2154 = CARTESIAN_POINT ( 'NONE',  ( 27.77799999999999869, 3.000000000000000000, -20.49999999999999645 ) ) ;
#2155 = ORIENTED_EDGE ( 'NONE', *, *, #8136, .T. ) ;
#2156 = DIRECTION ( 'NONE',  ( 0.000000000000000000, 0.000000000000000000, -1.000000000000000000 ) ) ;
#2157 = DIRECTION ( 'NONE',  ( 0.000000000000000000, -0.000000000000000000, 1.000000000000000000 ) ) ;
#2158 = EDGE_CURVE ( 'NONE', #7782, #4009, #391, .T. ) ;
#2159 = FACE_BOUND ( 'NONE', #1068, .T. ) ;
#2160 = DIRECTION ( 'NONE',  ( 0.000000000000000000, 0.000000000000000000, 1.000000000000000000 ) ) ;
#2161 = EDGE_CURVE ( 'NONE', #6658, #5553, #6209, .T. ) ;
#2162 = CARTESIAN_POINT ( 'NONE',  ( 91.66800000000000637, 3.000000000000000000, -20.50000000000000355 ) ) ;
#2163 = ORIENTED_EDGE ( 'NONE', *, *, #8331, .T. ) ;
#2164 = CARTESIAN_POINT ( 'NONE',  ( 5.000000000000000000, 10.00000000000000000, -7.249999999999999112 ) ) ;
#2165 = ADVANCED_FACE ( 'NONE', ( #6028 ), #4826, .F. ) ;
#2166 = VECTOR ( 'NONE', #6837, 1000.000000000000000 ) ;
#2167 = CARTESIAN_POINT ( 'NONE',  ( 91.66800000000000637, 3.000000000000000000, -130.0020000000000095 ) ) ;
#2168 = CARTESIAN_POINT ( 'NONE',  ( 40.55599999999999739, 0.000000000000000000, -71.61200000000000898 ) ) ;
#2169 = CARTESIAN_POINT ( 'NONE',  ( 15.00000000000000000, 3.000000000000000000, -53.33399999999999608 ) ) ;
#2170 = EDGE_CURVE ( 'NONE', #6501, #6327, #6398, .T. ) ;
#2171 = DIRECTION ( 'NONE',  ( 0.000000000000000000, 0.000000000000000000, 1.000000000000000000 ) ) ;
#2172 = EDGE_LOOP ( 'NONE', ( #2059, #1338 ) ) ;
#2173 = ORIENTED_EDGE ( 'NONE', *, *, #6927, .T. ) ;
#2174 = FACE_OUTER_BOUND ( 'NONE', #3238, .T. ) ;
#2175 = AXIS2_PLACEMENT_3D ( 'NONE', #3740, #2901, #7675 ) ;
#2176 = ORIENTED_EDGE ( 'NONE', *, *, #8248, .T. ) ;
#2177 = ADVANCED_FACE ( 'NONE', ( #8139 ), #7553, .F. ) ;
#2178 = ORIENTED_EDGE ( 'NONE', *, *, #5677, .F. ) ;
#2179 = CARTESIAN_POINT ( 'NONE',  ( 66.11200000000000898, 3.000000000000000000, -117.2239999999999895 ) ) ;
#2180 = DIRECTION ( 'NONE',  ( 0.000000000000000000, 0.000000000000000000, -1.000000000000000000 ) ) ;
#2181 = CARTESIAN_POINT ( 'NONE',  ( 130.0020000000000095, 0.000000000000000000, -33.27800000000001290 ) ) ;
#2182 = EDGE_CURVE ( 'NONE', #8721, #746, #2259, .T. ) ;
#2183 = CARTESIAN_POINT ( 'NONE',  ( 15.00000000000000000, 3.000000000000000000, -71.61200000000000898 ) ) ;
#2184 = AXIS2_PLACEMENT_3D ( 'NONE', #6503, #1763, #3113 ) ;
#2185 = EDGE_LOOP ( 'NONE', ( #1049, #4107 ) ) ;
#2186 = EDGE_LOOP ( 'NONE', ( #8303, #5134, #3193, #3226 ) ) ;
#2187 = CARTESIAN_POINT ( 'NONE',  ( 5.000000000000000000, 10.00000000000000000, -5.000000000000000000 ) ) ;
#2188 = EDGE_CURVE ( 'NONE', #6326, #533, #3839, .T. ) ;
#2189 = PLANE ( 'NONE',  #3693 ) ;
#2190 = AXIS2_PLACEMENT_3D ( 'NONE', #4133, #1261, #8197 ) ;
#2191 = ORIENTED_EDGE ( 'NONE', *, *, #3254, .F. ) ;
#2192 = CARTESIAN_POINT ( 'NONE',  ( 104.4459999999999980, 3.000000000000000000, -35.05599999999999028 ) ) ;
#2193 = CARTESIAN_POINT ( 'NONE',  ( 78.89000000000000057, 3.000000000000000000, -66.11200000000000898 ) ) ;
#2194 = VECTOR ( 'NONE', #1946, 1000.000000000000000 ) ;
#2195 = DIRECTION ( 'NONE',  ( -0.000000000000000000, -1.000000000000000000, -0.000000000000000000 ) ) ;
#2196 = VERTEX_POINT ( 'NONE', #2054 ) ;
#2197 = FACE_OUTER_BOUND ( 'NONE', #3023, .T. ) ;
#2198 = CIRCLE ( 'NONE', #5196, 5.500000000000018652 ) ;
#2199 = LINE ( 'NONE', #6177, #5846 ) ;
#2200 = VECTOR ( 'NONE', #6867, 1000.000000000000000 ) ;
#2201 = DIRECTION ( 'NONE',  ( 0.000000000000000000, 0.000000000000000000, 1.000000000000000000 ) ) ;
#2202 = DIRECTION ( 'NONE',  ( 0.000000000000000000, -1.000000000000000000, 0.000000000000000000 ) ) ;
#2203 = CARTESIAN_POINT ( 'NONE',  ( 66.11200000000000898, 3.000000000000000000, -135.5020000000000095 ) ) ;
#2204 = VERTEX_POINT ( 'NONE', #6793 ) ;
#2205 = CARTESIAN_POINT ( 'NONE',  ( 91.66800000000000637, 3.000000000000000000, -109.9459999999999980 ) ) ;
#2206 = AXIS2_PLACEMENT_3D ( 'NONE', #2679, #34, #8221 ) ;
#2207 = CARTESIAN_POINT ( 'NONE',  ( 53.33399999999999608, 3.000000000000000000, -27.77799999999999869 ) ) ;
#2208 = AXIS2_PLACEMENT_3D ( 'NONE', #8696, #427, #8604 ) ;
#2209 = DIRECTION ( 'NONE',  ( 0.000000000000000000, 0.000000000000000000, 1.000000000000000000 ) ) ;
#2210 = DIRECTION ( 'NONE',  ( 0.000000000000000000, 1.000000000000000000, 0.000000000000000000 ) ) ;
#2211 = CARTESIAN_POINT ( 'NONE',  ( 5.000000000000000000, 4.000000000000000000, -5.000000000000000000 ) ) ;
#2212 = ORIENTED_EDGE ( 'NONE', *, *, #4616, .F. ) ;
#2213 = EDGE_LOOP ( 'NONE', ( #1910, #7802, #6454, #7770 ) ) ;
#2214 = EDGE_CURVE ( 'NONE', #2138, #5075, #2014, .T. ) ;
#2215 = CIRCLE ( 'NONE', #69, 5.500000000000005329 ) ;
#2216 = ORIENTED_EDGE ( 'NONE', *, *, #1964, .T. ) ;
#2217 = PLANE ( 'NONE',  #4274 ) ;
#2218 = LOCAL_TIME ( 0, 20, 15.00000000000000000, #639 ) ;
#2219 = VERTEX_POINT ( 'NONE', #667 ) ;
#2220 = EDGE_CURVE ( 'NONE', #3458, #1096, #542, .T. ) ;
#2221 = ORIENTED_EDGE ( 'NONE', *, *, #3606, .F. ) ;
#2222 = FACE_OUTER_BOUND ( 'NONE', #7125, .T. ) ;
#2223 = CARTESIAN_POINT ( 'NONE',  ( 53.33399999999999608, 3.000000000000000000, -15.00000000000000000 ) ) ;
#2224 = CARTESIAN_POINT ( 'NONE',  ( 130.0020000000000095, 3.000000000000000000, -91.66800000000000637 ) ) ;
#2225 = CARTESIAN_POINT ( 'NONE',  ( 27.77799999999999869, 0.000000000000000000, -73.39000000000001478 ) ) ;
#2226 = ORIENTED_EDGE ( 'NONE', *, *, #6594, .T. ) ;
#2227 = ADVANCED_FACE ( 'NONE', ( #6379 ), #3619, .F. ) ;
#2228 = ORIENTED_EDGE ( 'NONE', *, *, #5705, .F. ) ;
#2229 = FACE_OUTER_BOUND ( 'NONE', #1129, .T. ) ;
#2230 = EDGE_CURVE ( 'NONE', #5433, #5112, #1975, .T. ) ;
#2231 = LINE ( 'NONE', #4418, #5580 ) ;
#2232 = EDGE_CURVE ( 'NONE', #6187, #4912, #4687, .T. ) ;
#2233 = ORIENTED_EDGE ( 'NONE', *, *, #7035, .F. ) ;
#2234 = CARTESIAN_POINT ( 'NONE',  ( 91.66800000000000637, 3.000000000000000000, -71.61200000000000898 ) ) ;
#2235 = CARTESIAN_POINT ( 'NONE',  ( 15.00000000000000000, 3.000000000000000000, -58.83399999999999608 ) ) ;
#2236 = EDGE_CURVE ( 'NONE', #446, #2757, #885, .T. ) ;
#2237 = FACE_OUTER_BOUND ( 'NONE', #6346, .T. ) ;
#2238 = VERTEX_POINT ( 'NONE', #6967 ) ;
#2239 = CARTESIAN_POINT ( 'NONE',  ( 66.11200000000000898, 3.000000000000000000, -122.7240000000000038 ) ) ;
#2240 = AXIS2_PLACEMENT_3D ( 'NONE', #6290, #6328, #5032 ) ;
#2241 = CARTESIAN_POINT ( 'NONE',  ( 91.66800000000000637, 0.000000000000000000, -9.499999999999996447 ) ) ;
#2242 = CYLINDRICAL_SURFACE ( 'NONE', #5701, 5.500000000000005329 ) ;
#2243 = CARTESIAN_POINT ( 'NONE',  ( 104.4459999999999980, 0.000000000000000000, -104.4459999999999980 ) ) ;
#2244 = EDGE_LOOP ( 'NONE', ( #2876, #3828 ) ) ;
#2245 = CARTESIAN_POINT ( 'NONE',  ( 0.000000000000000000, 10.00000000000000000, 0.000000000000000000 ) ) ;
#2246 = CIRCLE ( 'NONE', #105, 5.499999999999996447 ) ;
#2247 = DIRECTION ( 'NONE',  ( 0.000000000000000000, 0.000000000000000000, 1.000000000000000000 ) ) ;
#2248 = CARTESIAN_POINT ( 'NONE',  ( 15.00000000000000000, 0.000000000000000000, -130.0020000000000095 ) ) ;
#2249 = DIRECTION ( 'NONE',  ( 0.000000000000000000, 0.000000000000000000, -1.000000000000000000 ) ) ;
#2250 = CARTESIAN_POINT ( 'NONE',  ( 117.2239999999999895, 0.000000000000000000, -91.66800000000000637 ) ) ;
#2251 = AXIS2_PLACEMENT_3D ( 'NONE', #5852, #3850, #7873 ) ;
#2252 = EDGE_LOOP ( 'NONE', ( #4990, #5936 ) ) ;
#2253 = VERTEX_POINT ( 'NONE', #1596 ) ;
#2254 = DIRECTION ( 'NONE',  ( 0.000000000000000000, 0.000000000000000000, -1.000000000000000000 ) ) ;
#2255 = ORIENTED_EDGE ( 'NONE', *, *, #215, .F. ) ;
#2256 = AXIS2_PLACEMENT_3D ( 'NONE', #6071, #8800, #2254 ) ;
#2257 = DIRECTION ( 'NONE',  ( 0.000000000000000000, -0.000000000000000000, 1.000000000000000000 ) ) ;
#2258 = ORIENTED_EDGE ( 'NONE', *, *, #6329, .T. ) ;
#2259 = CIRCLE ( 'NONE', #4403, 5.499999999999998224 ) ;
#2260 = VERTEX_POINT ( 'NONE', #5633 ) ;
#2261 = CARTESIAN_POINT ( 'NONE',  ( 91.66800000000000637, 3.000000000000000000, -84.39000000000000057 ) ) ;
#2262 = EDGE_CURVE ( 'NONE', #4454, #5896, #4838, .T. ) ;
#2263 = DIRECTION ( 'NONE',  ( 0.000000000000000000, 1.000000000000000000, 0.000000000000000000 ) ) ;
#2264 = CARTESIAN_POINT ( 'NONE',  ( 91.66800000000000637, 3.000000000000000000, -58.83400000000000318 ) ) ;
#2265 = AXIS2_PLACEMENT_3D ( 'NONE', #2379, #7070, #3014 ) ;
#2266 = CARTESIAN_POINT ( 'NONE',  ( 78.89000000000000057, 3.000000000000000000, -135.5020000000000095 ) ) ;
#2267 = ORIENTED_EDGE ( 'NONE', *, *, #6214, .T. ) ;
#2268 = ADVANCED_FACE ( 'NONE', ( #7053 ), #925, .F. ) ;
#2269 = VECTOR ( 'NONE', #6427, 1000.000000000000000 ) ;
#2270 = AXIS2_PLACEMENT_3D ( 'NONE', #4901, #6897, #1263 ) ;
#2271 = ORIENTED_EDGE ( 'NONE', *, *, #371, .F. ) ;
#2272 = DIRECTION ( 'NONE',  ( 0.000000000000000000, 0.000000000000000000, -1.000000000000000000 ) ) ;
#2273 = AXIS2_PLACEMENT_3D ( 'NONE', #770, #8, #4087 ) ;
#2274 = DIRECTION ( 'NONE',  ( 0.000000000000000000, 0.000000000000000000, -1.000000000000000000 ) ) ;
#2275 = EDGE_LOOP ( 'NONE', ( #1250, #6194, #5724, #3133 ) ) ;
#2276 = CARTESIAN_POINT ( 'NONE',  ( 104.4459999999999980, 0.000000000000000000, -27.77799999999999869 ) ) ;
#2277 = EDGE_CURVE ( 'NONE', #350, #2441, #7690, .T. ) ;
#2278 = AXIS2_PLACEMENT_3D ( 'NONE', #7160, #7071, #1707 ) ;
#2280 = AXIS2_PLACEMENT_3D ( 'NONE', #4929, #2202, #3674 ) ;
#2279 = DIRECTION ( 'NONE',  ( 0.000000000000000000, 0.000000000000000000, 1.000000000000000000 ) ) ;
#2281 = ADVANCED_FACE ( 'NONE', ( #5039 ), #3033, .F. ) ;
#2282 = ADVANCED_FACE ( 'NONE', ( #8477 ), #842, .F. ) ;
#2283 = CARTESIAN_POINT ( 'NONE',  ( 27.77799999999999869, 3.000000000000000000, -91.66800000000000637 ) ) ;
#2284 = ORIENTED_EDGE ( 'NONE', *, *, #7084, .F. ) ;
#2285 = VECTOR ( 'NONE', #7739, 1000.000000000000000 ) ;
#2286 = CARTESIAN_POINT ( 'NONE',  ( 40.55599999999999739, 0.000000000000000000, -104.4459999999999980 ) ) ;
#2287 = AXIS2_PLACEMENT_3D ( 'NONE', #1337, #4079, #4782 ) ;
#2288 = EDGE_LOOP ( 'NONE', ( #3796, #2669, #5085, #6946 ) ) ;
#2289 = DIRECTION ( 'NONE',  ( 0.000000000000000000, 0.000000000000000000, 1.000000000000000000 ) ) ;
#2290 = EDGE_CURVE ( 'NONE', #7592, #7667, #2992, .T. ) ;
#2291 = AXIS2_PLACEMENT_3D ( 'NONE', #6932, #4830, #4738 ) ;
#2292 = CARTESIAN_POINT ( 'NONE',  ( 104.4459999999999980, 3.000000000000000000, -130.0020000000000095 ) ) ;
#2293 = EDGE_CURVE ( 'NONE', #4437, #1937, #8829, .T. ) ;
#2294 = EDGE_CURVE ( 'NONE', #7038, #8568, #5671, .T. ) ;
#2295 = CARTESIAN_POINT ( 'NONE',  ( 53.33399999999999608, 3.000000000000000000, -22.27799999999999869 ) ) ;
#2296 = ORIENTED_EDGE ( 'NONE', *, *, #4794, .F. ) ;
#2297 = DIRECTION ( 'NONE',  ( 0.000000000000000000, -1.000000000000000000, 0.000000000000000000 ) ) ;
#2298 = AXIS2_PLACEMENT_3D ( 'NONE', #1774, #3171, #6021 ) ;
#2299 = CARTESIAN_POINT ( 'NONE',  ( 130.0020000000000095, 3.000000000000000000, -53.33399999999999608 ) ) ;
#2300 = CARTESIAN_POINT ( 'NONE',  ( 140.0000000000000000, 10.00000000000000000, -5.000000000000000000 ) ) ;
#2301 = DIRECTION ( 'NONE',  ( 0.000000000000000000, -1.000000000000000000, 0.000000000000000000 ) ) ;
#2302 = CARTESIAN_POINT ( 'NONE',  ( 104.4459999999999980, 3.000000000000000000, -86.16799999999999216 ) ) ;
#2303 = CARTESIAN_POINT ( 'NONE',  ( 27.77799999999999869, 3.000000000000000000, -53.33399999999999608 ) ) ;
#2304 = ORIENTED_EDGE ( 'NONE', *, *, #5609, .T. ) ;
#2305 = DIRECTION ( 'NONE',  ( 0.000000000000000000, -1.000000000000000000, 0.000000000000000000 ) ) ;
#2306 = EDGE_LOOP ( 'NONE', ( #5696, #2221 ) ) ;
#2307 = VERTEX_POINT ( 'NONE', #2315 ) ;
#2308 = ORIENTED_EDGE ( 'NONE', *, *, #6537, .T. ) ;
#2309 = CARTESIAN_POINT ( 'NONE',  ( 130.0020000000000095, 3.000000000000000000, -40.55599999999999739 ) ) ;
#2310 = CYLINDRICAL_SURFACE ( 'NONE', #7605, 5.500000000000018652 ) ;
#2311 = DIRECTION ( 'NONE',  ( 0.000000000000000000, 1.000000000000000000, 0.000000000000000000 ) ) ;
#2312 = CARTESIAN_POINT ( 'NONE',  ( 15.00000000000000000, 3.000000000000000000, -73.39000000000001478 ) ) ;
#2313 = ORIENTED_EDGE ( 'NONE', *, *, #215, .T. ) ;
#2314 = VERTEX_POINT ( 'NONE', #8357 ) ;
#2315 = CARTESIAN_POINT ( 'NONE',  ( 78.89000000000000057, 0.000000000000000000, -9.499999999999996447 ) ) ;
#2316 = DIRECTION ( 'NONE',  ( 0.000000000000000000, 0.000000000000000000, -1.000000000000000000 ) ) ;
#2317 = ORIENTED_EDGE ( 'NONE', *, *, #6544, .T. ) ;
#2318 = CARTESIAN_POINT ( 'NONE',  ( 130.0020000000000095, 3.000000000000000000, -46.05600000000001160 ) ) ;
#2319 = AXIS2_PLACEMENT_3D ( 'NONE', #5493, #2006, #4115 ) ;
#2320 = FACE_OUTER_BOUND ( 'NONE', #6038, .T. ) ;
#2321 = DIRECTION ( 'NONE',  ( 0.000000000000000000, 1.000000000000000000, 0.000000000000000000 ) ) ;
#2322 = ORIENTED_EDGE ( 'NONE', *, *, #1223, .F. ) ;
#2323 = EDGE_CURVE ( 'NONE', #8158, #7991, #5262, .T. ) ;
#2324 = DIRECTION ( 'NONE',  ( 0.000000000000000000, 0.000000000000000000, 1.000000000000000000 ) ) ;
#2325 = VECTOR ( 'NONE', #7308, 1000.000000000000000 ) ;
#2326 = ORIENTED_EDGE ( 'NONE', *, *, #3097, .T. ) ;
#2327 = DIRECTION ( 'NONE',  ( 0.000000000000000000, 1.000000000000000000, 0.000000000000000000 ) ) ;
#2328 = ADVANCED_FACE ( 'NONE', ( #2229 ), #1641, .F. ) ;
#2329 = AXIS2_PLACEMENT_3D ( 'NONE', #1356, #57, #6898 ) ;
#2330 = VECTOR ( 'NONE', #411, 1000.000000000000000 ) ;
#2331 = CYLINDRICAL_SURFACE ( 'NONE', #3283, 5.499999999999998224 ) ;
#2332 = LINE ( 'NONE', #898, #3912 ) ;
#2333 = EDGE_LOOP ( 'NONE', ( #6228, #8469, #7191, #5784 ) ) ;
#2334 = EDGE_CURVE ( 'NONE', #3167, #7608, #1112, .T. ) ;
#2335 = CARTESIAN_POINT ( 'NONE',  ( 40.55599999999999739, 3.000000000000000000, -91.66800000000000637 ) ) ;
#2336 = AXIS2_PLACEMENT_3D ( 'NONE', #5418, #2643, #6798 ) ;
#2337 = VECTOR ( 'NONE', #1582, 1000.000000000000000 ) ;
#2338 = DIRECTION ( 'NONE',  ( 0.000000000000000000, -1.000000000000000000, 0.000000000000000000 ) ) ;
#2339 = EDGE_CURVE ( 'NONE', #1953, #7257, #4954, .T. ) ;
#2340 = CARTESIAN_POINT ( 'NONE',  ( 53.33399999999999608, 3.000000000000000000, -71.61200000000000898 ) ) ;
#2341 = DIRECTION ( 'NONE',  ( 0.000000000000000000, 0.000000000000000000, -1.000000000000000000 ) ) ;
#2342 = DIRECTION ( 'NONE',  ( 0.000000000000000000, -1.000000000000000000, 0.000000000000000000 ) ) ;
#2343 = DIRECTION ( 'NONE',  ( 0.000000000000000000, -1.000000000000000000, 0.000000000000000000 ) ) ;
#2344 = CIRCLE ( 'NONE', #8478, 5.500000000000018652 ) ;
#2345 = EDGE_LOOP ( 'NONE', ( #5050, #551, #3164, #1814 ) ) ;
#2346 = EDGE_LOOP ( 'NONE', ( #4067, #844 ) ) ;
#2347 = EDGE_CURVE ( 'NONE', #7450, #4814, #3121, .T. ) ;
#2348 = DIRECTION ( 'NONE',  ( 0.000000000000000000, 0.000000000000000000, 1.000000000000000000 ) ) ;
#2349 = ORIENTED_EDGE ( 'NONE', *, *, #712, .F. ) ;
#2350 = ORIENTED_EDGE ( 'NONE', *, *, #5609, .F. ) ;
#2351 = AXIS2_PLACEMENT_3D ( 'NONE', #7597, #7454, #1291 ) ;
#2352 = VERTEX_POINT ( 'NONE', #8521 ) ;
#2353 = CARTESIAN_POINT ( 'NONE',  ( 66.11200000000000898, 3.000000000000000000, -27.77799999999999869 ) ) ;
#2354 = DIRECTION ( 'NONE',  ( 0.000000000000000000, 0.000000000000000000, 1.000000000000000000 ) ) ;
#2355 = CARTESIAN_POINT ( 'NONE',  ( 40.55599999999999739, 3.000000000000000000, -40.55599999999999739 ) ) ;
#2356 = LINE ( 'NONE', #7091, #1926 ) ;
#2357 = VERTEX_POINT ( 'NONE', #4499 ) ;
#2358 = CIRCLE ( 'NONE', #4082, 5.499999999999998224 ) ;
#2359 = VERTEX_POINT ( 'NONE', #1095 ) ;
#2360 = DIRECTION ( 'NONE',  ( 0.000000000000000000, -1.000000000000000000, 0.000000000000000000 ) ) ;
#2361 = EDGE_LOOP ( 'NONE', ( #7012, #6162 ) ) ;
#2362 = CARTESIAN_POINT ( 'NONE',  ( 117.2239999999999895, 3.000000000000000000, -130.0020000000000095 ) ) ;
#2363 = VERTEX_POINT ( 'NONE', #5880 ) ;
#2364 = LINE ( 'NONE', #8399, #6861 ) ;
#2365 = APPROVAL_PERSON_ORGANIZATION ( #7435, #2828, #6004 ) ;
#2366 = DIRECTION ( 'NONE',  ( 0.000000000000000000, 1.000000000000000000, 0.000000000000000000 ) ) ;
#2367 = DIRECTION ( 'NONE',  ( 0.000000000000000000, 0.000000000000000000, 1.000000000000000000 ) ) ;
#2368 = DIRECTION ( 'NONE',  ( 0.000000000000000000, 0.000000000000000000, 1.000000000000000000 ) ) ;
#2369 = EDGE_LOOP ( 'NONE', ( #4590, #1773 ) ) ;
#2370 = DIRECTION ( 'NONE',  ( 0.000000000000000000, -0.000000000000000000, 1.000000000000000000 ) ) ;
#2371 = ORIENTED_EDGE ( 'NONE', *, *, #1894, .T. ) ;
#2372 = LINE ( 'NONE', #2421, #6993 ) ;
#2373 = EDGE_CURVE ( 'NONE', #8127, #2718, #974, .T. ) ;
#2374 = DIRECTION ( 'NONE',  ( 0.000000000000000000, -1.000000000000000000, 0.000000000000000000 ) ) ;
#2375 = AXIS2_PLACEMENT_3D ( 'NONE', #2753, #6727, #2711 ) ;
#2376 = FACE_OUTER_BOUND ( 'NONE', #3876, .T. ) ;
#2377 = ORIENTED_EDGE ( 'NONE', *, *, #2884, .T. ) ;
#2378 = ADVANCED_FACE ( 'NONE', ( #5130 ), #7861, .F. ) ;
#2379 = CARTESIAN_POINT ( 'NONE',  ( 104.4459999999999980, 3.000000000000000000, -104.4459999999999980 ) ) ;
#2380 = DIRECTION ( 'NONE',  ( 0.000000000000000000, 0.000000000000000000, 1.000000000000000000 ) ) ;
#2381 = AXIS2_PLACEMENT_3D ( 'NONE', #4271, #4976, #6995 ) ;
#2382 = LINE ( 'NONE', #7971, #6660 ) ;
#2383 = ADVANCED_FACE ( 'NONE', ( #6508 ), #5082, .F. ) ;
#2384 = DIRECTION ( 'NONE',  ( 0.000000000000000000, 1.000000000000000000, 0.000000000000000000 ) ) ;
#2385 = CYLINDRICAL_SURFACE ( 'NONE', #3921, 5.499999999999991118 ) ;
#2386 = DIRECTION ( 'NONE',  ( 0.000000000000000000, 1.000000000000000000, 0.000000000000000000 ) ) ;
#2387 = VERTEX_POINT ( 'NONE', #7272 ) ;
#2388 = ORIENTED_EDGE ( 'NONE', *, *, #3879, .T. ) ;
#2389 = EDGE_CURVE ( 'NONE', #8056, #170, #4545, .T. ) ;
#2390 = EDGE_CURVE ( 'NONE', #5615, #3237, #5968, .T. ) ;
#2391 = DIRECTION ( 'NONE',  ( 0.000000000000000000, 0.000000000000000000, -1.000000000000000000 ) ) ;
#2392 = AXIS2_PLACEMENT_3D ( 'NONE', #3216, #5932, #5976 ) ;
#2393 = ORIENTED_EDGE ( 'NONE', *, *, #8599, .F. ) ;
#2394 = VERTEX_POINT ( 'NONE', #1769 ) ;
#2395 = CARTESIAN_POINT ( 'NONE',  ( 53.33399999999999608, 3.000000000000000000, -91.66800000000000637 ) ) ;
#2396 = ADVANCED_FACE ( 'NONE', ( #7179 ), #3208, .F. ) ;
#2397 = DIRECTION ( 'NONE',  ( 0.000000000000000000, 1.000000000000000000, 0.000000000000000000 ) ) ;
#2398 = CIRCLE ( 'NONE', #1969, 5.499999999999996447 ) ;
#2399 = DIRECTION ( 'NONE',  ( 0.000000000000000000, 0.000000000000000000, 1.000000000000000000 ) ) ;
#2400 = LINE ( 'NONE', #2530, #212 ) ;
#2401 = ORIENTED_EDGE ( 'NONE', *, *, #712, .T. ) ;
#2402 = CIRCLE ( 'NONE', #6532, 4.000000000000001776 ) ;
#2403 = ORIENTED_EDGE ( 'NONE', *, *, #8349, .F. ) ;
#2404 = DIRECTION ( 'NONE',  ( 0.000000000000000000, 0.000000000000000000, 1.000000000000000000 ) ) ;
#2405 = ORIENTED_EDGE ( 'NONE', *, *, #6770, .T. ) ;
#2406 = DIRECTION ( 'NONE',  ( 0.000000000000000000, 1.000000000000000000, 0.000000000000000000 ) ) ;
#2407 = ORIENTED_EDGE ( 'NONE', *, *, #2949, .T. ) ;
#2408 = AXIS2_PLACEMENT_3D ( 'NONE', #1803, #6629, #417 ) ;
#2409 = CARTESIAN_POINT ( 'NONE',  ( 130.0020000000000095, 0.000000000000000000, -47.83399999999998187 ) ) ;
#2410 = DIRECTION ( 'NONE',  ( 0.000000000000000000, -0.000000000000000000, 1.000000000000000000 ) ) ;
#2411 = VECTOR ( 'NONE', #3481, 1000.000000000000000 ) ;
#2412 = FACE_BOUND ( 'NONE', #2369, .T. ) ;
#2413 = CIRCLE ( 'NONE', #7402, 5.499999999999991118 ) ;
#2414 = FACE_OUTER_BOUND ( 'NONE', #8794, .T. ) ;
#2415 = AXIS2_PLACEMENT_3D ( 'NONE', #8631, #5421, #6220 ) ;
#2416 = ORIENTED_EDGE ( 'NONE', *, *, #7042, .T. ) ;
#2417 = CARTESIAN_POINT ( 'NONE',  ( 40.55599999999999739, 3.000000000000000000, -122.7240000000000038 ) ) ;
#2418 = AXIS2_PLACEMENT_3D ( 'NONE', #143, #4178, #8237 ) ;
#2419 = AXIS2_PLACEMENT_3D ( 'NONE', #1611, #6351, #8327 ) ;
#2420 = EDGE_LOOP ( 'NONE', ( #4488, #6048 ) ) ;
#2421 = CARTESIAN_POINT ( 'NONE',  ( 130.0020000000000095, 3.000000000000000000, -111.7239999999999753 ) ) ;
#2422 = AXIS2_PLACEMENT_3D ( 'NONE', #3091, #6523, #225 ) ;
#2423 = VECTOR ( 'NONE', #6886, 1000.000000000000000 ) ;
#2424 = CARTESIAN_POINT ( 'NONE',  ( 15.00000000000000000, 0.000000000000000000, -40.55599999999999739 ) ) ;
#2425 = ORIENTED_EDGE ( 'NONE', *, *, #465, .T. ) ;
#2426 = CARTESIAN_POINT ( 'NONE',  ( 40.55599999999999739, 3.000000000000000000, -135.5020000000000095 ) ) ;
#2427 = PLANE ( 'NONE',  #2565 ) ;
#2428 = AXIS2_PLACEMENT_3D ( 'NONE', #845, #7057, #3711 ) ;
#2429 = AXIS2_PLACEMENT_3D ( 'NONE', #7944, #3251, #8523 ) ;
#2430 = DIRECTION ( 'NONE',  ( 0.000000000000000000, 0.000000000000000000, -1.000000000000000000 ) ) ;
#2431 = EDGE_CURVE ( 'NONE', #2843, #6715, #1258, .T. ) ;
#2432 = CARTESIAN_POINT ( 'NONE',  ( 130.0020000000000095, 3.000000000000000000, -91.66800000000000637 ) ) ;
#2433 = DIRECTION ( 'NONE',  ( 0.000000000000000000, -1.000000000000000000, 0.000000000000000000 ) ) ;
#2434 = CARTESIAN_POINT ( 'NONE',  ( 117.2239999999999895, 3.000000000000000000, -111.7239999999999895 ) ) ;
#2435 = ORIENTED_EDGE ( 'NONE', *, *, #2182, .F. ) ;
#2436 = EDGE_LOOP ( 'NONE', ( #6826, #7627, #7233, #5915 ) ) ;
#2437 = AXIS2_PLACEMENT_3D ( 'NONE', #2353, #1001, #7046 ) ;
#2438 = PLANE ( 'NONE',  #2977 ) ;
#2439 = ADVANCED_FACE ( 'NONE', ( #5261 ), #1865, .F. ) ;
#2440 = ORIENTED_EDGE ( 'NONE', *, *, #4698, .F. ) ;
#2441 = VERTEX_POINT ( 'NONE', #8651 ) ;
#2442 = CARTESIAN_POINT ( 'NONE',  ( 53.33399999999999608, 3.000000000000000000, -130.0020000000000095 ) ) ;
#2443 = EDGE_CURVE ( 'NONE', #2238, #4737, #7392, .T. ) ;
#2444 = DIRECTION ( 'NONE',  ( 0.000000000000000000, 0.000000000000000000, 1.000000000000000000 ) ) ;
#2445 = DIRECTION ( 'NONE',  ( 0.000000000000000000, 0.000000000000000000, 1.000000000000000000 ) ) ;
#2446 = LINE ( 'NONE', #7268, #8491 ) ;
#2447 = VERTEX_POINT ( 'NONE', #1682 ) ;
#2448 = EDGE_LOOP ( 'NONE', ( #630, #3222 ) ) ;
#2449 = EDGE_CURVE ( 'NONE', #7679, #1953, #8114, .T. ) ;
#2450 = DIRECTION ( 'NONE',  ( 0.000000000000000000, -1.000000000000000000, 0.000000000000000000 ) ) ;
#2451 = EDGE_CURVE ( 'NONE', #8840, #7586, #398, .T. ) ;
#2452 = ORIENTED_EDGE ( 'NONE', *, *, #8552, .T. ) ;
#2453 = CARTESIAN_POINT ( 'NONE',  ( 91.66800000000000637, 0.000000000000000000, -22.27799999999999159 ) ) ;
#2454 = EDGE_LOOP ( 'NONE', ( #6899, #6848 ) ) ;
#2455 = CARTESIAN_POINT ( 'NONE',  ( 117.2239999999999895, 3.000000000000000000, -78.89000000000000057 ) ) ;
#2456 = ADVANCED_FACE ( 'NONE', ( #3166 ), #1009, .F. ) ;
#2457 = CARTESIAN_POINT ( 'NONE',  ( 53.33399999999999608, 3.000000000000000000, -53.33399999999999608 ) ) ;
#2458 = FACE_BOUND ( 'NONE', #2172, .T. ) ;
#2459 = CARTESIAN_POINT ( 'NONE',  ( 15.00000000000000000, 3.000000000000000000, -91.66800000000000637 ) ) ;
#2460 = EDGE_LOOP ( 'NONE', ( #8582, #4534 ) ) ;
#2461 = EDGE_CURVE ( 'NONE', #1695, #3032, #3747, .T. ) ;
#2462 = DIRECTION ( 'NONE',  ( 0.000000000000000000, 0.000000000000000000, 1.000000000000000000 ) ) ;
#2463 = DIRECTION ( 'NONE',  ( 0.000000000000000000, 0.000000000000000000, 1.000000000000000000 ) ) ;
#2464 = CIRCLE ( 'NONE', #2184, 5.500000000000005329 ) ;
#2465 = ORIENTED_EDGE ( 'NONE', *, *, #7295, .F. ) ;
#2466 = CYLINDRICAL_SURFACE ( 'NONE', #5708, 5.500000000000005329 ) ;
#2467 = DIRECTION ( 'NONE',  ( 0.000000000000000000, -1.000000000000000000, 0.000000000000000000 ) ) ;
#2468 = ORIENTED_EDGE ( 'NONE', *, *, #7486, .F. ) ;
#2469 = DIRECTION ( 'NONE',  ( 0.000000000000000000, 1.000000000000000000, 0.000000000000000000 ) ) ;
#2470 = CARTESIAN_POINT ( 'NONE',  ( 53.33399999999999608, 3.000000000000000000, -117.2239999999999895 ) ) ;
#2471 = CIRCLE ( 'NONE', #3187, 5.500000000000005329 ) ;
#2472 = DIRECTION ( 'NONE',  ( 0.000000000000000000, -1.000000000000000000, 0.000000000000000000 ) ) ;
#2473 = DIRECTION ( 'NONE',  ( 0.000000000000000000, 0.000000000000000000, 1.000000000000000000 ) ) ;
#2474 = CARTESIAN_POINT ( 'NONE',  ( 53.33399999999999608, 3.000000000000000000, -104.4459999999999980 ) ) ;
#2475 = DIRECTION ( 'NONE',  ( 0.000000000000000000, -0.000000000000000000, 1.000000000000000000 ) ) ;
#2476 = CIRCLE ( 'NONE', #4335, 5.499999999999991118 ) ;
#2477 = ORIENTED_EDGE ( 'NONE', *, *, #6631, .T. ) ;
#2478 = ORIENTED_EDGE ( 'NONE', *, *, #6717, .F. ) ;
#2479 = CARTESIAN_POINT ( 'NONE',  ( 5.000000000000000000, 0.000000000000000000, -5.000000000000000000 ) ) ;
#2480 = AXIS2_PLACEMENT_3D ( 'NONE', #1992, #3923, #2036 ) ;
#2481 = ORIENTED_EDGE ( 'NONE', *, *, #8611, .F. ) ;
#2482 = AXIS2_PLACEMENT_3D ( 'NONE', #7829, #3633, #986 ) ;
#2483 = VERTEX_POINT ( 'NONE', #1188 ) ;
#2484 = DIRECTION ( 'NONE',  ( 0.000000000000000000, -1.000000000000000000, 0.000000000000000000 ) ) ;
#2485 = VECTOR ( 'NONE', #8815, 1000.000000000000000 ) ;
#2486 = LINE ( 'NONE', #5303, #6895 ) ;
#2487 = CARTESIAN_POINT ( 'NONE',  ( 40.55599999999999739, 3.000000000000000000, -27.77799999999999869 ) ) ;
#2488 = EDGE_CURVE ( 'NONE', #4737, #2238, #2701, .T. ) ;
#2489 = DIRECTION ( 'NONE',  ( 0.000000000000000000, 1.000000000000000000, 0.000000000000000000 ) ) ;
#2490 = ORIENTED_EDGE ( 'NONE', *, *, #4218, .F. ) ;
#2491 = VERTEX_POINT ( 'NONE', #611 ) ;
#2492 = ADVANCED_FACE ( 'NONE', ( #1908 ), #2625, .F. ) ;
#2493 = DIRECTION ( 'NONE',  ( 0.000000000000000000, 1.000000000000000000, 0.000000000000000000 ) ) ;
#2494 = AXIS2_PLACEMENT_3D ( 'NONE', #5334, #2652, #3371 ) ;
#2495 = ORIENTED_EDGE ( 'NONE', *, *, #3211, .F. ) ;
#2496 = CARTESIAN_POINT ( 'NONE',  ( 78.89000000000000057, 0.000000000000000000, -97.16800000000000637 ) ) ;
#2497 = VERTEX_POINT ( 'NONE', #4110 ) ;
#2498 = CYLINDRICAL_SURFACE ( 'NONE', #6710, 5.500000000000005329 ) ;
#2499 = DIRECTION ( 'NONE',  ( 0.000000000000000000, 0.000000000000000000, 1.000000000000000000 ) ) ;
#2500 = ADVANCED_FACE ( 'NONE', ( #1952 ), #4723, .F. ) ;
#2502 = FACE_BOUND ( 'NONE', #8222, .T. ) ;
#2501 = AXIS2_PLACEMENT_3D ( 'NONE', #6909, #8421, #7753 ) ;
#2503 = DIRECTION ( 'NONE',  ( 0.000000000000000000, 0.000000000000000000, 1.000000000000000000 ) ) ;
#2504 = VERTEX_POINT ( 'NONE', #2719 ) ;
#2505 = EDGE_CURVE ( 'NONE', #1083, #3183, #4138, .T. ) ;
#2506 = FACE_OUTER_BOUND ( 'NONE', #6677, .T. ) ;
#2507 = DIRECTION ( 'NONE',  ( 0.000000000000000000, 1.000000000000000000, 0.000000000000000000 ) ) ;
#2508 = ORIENTED_EDGE ( 'NONE', *, *, #7528, .F. ) ;
#2509 = DIRECTION ( 'NONE',  ( 0.000000000000000000, -1.000000000000000000, 0.000000000000000000 ) ) ;
#2510 = EDGE_CURVE ( 'NONE', #569, #4849, #2561, .T. ) ;
#2511 = LINE ( 'NONE', #4608, #3344 ) ;
#2512 = ORIENTED_EDGE ( 'NONE', *, *, #7244, .F. ) ;
#2513 = CARTESIAN_POINT ( 'NONE',  ( 27.77799999999999869, 3.000000000000000000, -98.94600000000001216 ) ) ;
#2514 = VERTEX_POINT ( 'NONE', #4065 ) ;
#2515 = DIRECTION ( 'NONE',  ( 0.000000000000000000, 0.000000000000000000, -1.000000000000000000 ) ) ;
#2516 = CARTESIAN_POINT ( 'NONE',  ( 27.77799999999999869, 3.000000000000000000, -53.33399999999999608 ) ) ;
#2517 = CARTESIAN_POINT ( 'NONE',  ( 91.66800000000000637, 3.000000000000000000, -46.05599999999999739 ) ) ;
#2518 = CARTESIAN_POINT ( 'NONE',  ( 40.55599999999999739, 3.000000000000000000, -98.94600000000001216 ) ) ;
#2519 = DIRECTION ( 'NONE',  ( 0.000000000000000000, 0.000000000000000000, -1.000000000000000000 ) ) ;
#2520 = VERTEX_POINT ( 'NONE', #2000 ) ;
#2521 = ORIENTED_EDGE ( 'NONE', *, *, #6145, .T. ) ;
#2522 = CARTESIAN_POINT ( 'NONE',  ( 130.0020000000000095, 3.000000000000000000, -122.7240000000000180 ) ) ;
#2523 = AXIS2_PLACEMENT_3D ( 'NONE', #6816, #4808, #781 ) ;
#2524 = ORIENTED_EDGE ( 'NONE', *, *, #1789, .T. ) ;
#2525 = EDGE_CURVE ( 'NONE', #1446, #6799, #5980, .T. ) ;
#2526 = ORIENTED_EDGE ( 'NONE', *, *, #8173, .T. ) ;
#2527 = DIRECTION ( 'NONE',  ( 0.000000000000000000, -1.000000000000000000, 0.000000000000000000 ) ) ;
#2528 = DIRECTION ( 'NONE',  ( 0.000000000000000000, 1.000000000000000000, 0.000000000000000000 ) ) ;
#2529 = FACE_OUTER_BOUND ( 'NONE', #3106, .T. ) ;
#2530 = CARTESIAN_POINT ( 'NONE',  ( 130.0020000000000095, 3.000000000000000000, -58.83400000000001739 ) ) ;
#2531 = CIRCLE ( 'NONE', #3673, 5.499999999999991118 ) ;
#2532 = ORIENTED_EDGE ( 'NONE', *, *, #5568, .T. ) ;
#2533 = ORIENTED_EDGE ( 'NONE', *, *, #6639, .T. ) ;
#2534 = CARTESIAN_POINT ( 'NONE',  ( 15.00000000000000000, 3.000000000000000000, -27.77799999999999869 ) ) ;
#2535 = EDGE_LOOP ( 'NONE', ( #8639, #1823 ) ) ;
#2536 = DIRECTION ( 'NONE',  ( 0.000000000000000000, 0.000000000000000000, 1.000000000000000000 ) ) ;
#2537 = ADVANCED_FACE ( 'NONE', ( #7496 ), #6195, .F. ) ;
#2538 = AXIS2_PLACEMENT_3D ( 'NONE', #7185, #6513, #3127 ) ;
#2539 = VERTEX_POINT ( 'NONE', #2583 ) ;
#2540 = FACE_OUTER_BOUND ( 'NONE', #7715, .T. ) ;
#2541 = LINE ( 'NONE', #8707, #6962 ) ;
#2542 = EDGE_CURVE ( 'NONE', #8138, #8360, #4413, .T. ) ;
#2543 = FACE_BOUND ( 'NONE', #6299, .T. ) ;
#2544 = CARTESIAN_POINT ( 'NONE',  ( 27.77799999999999869, 3.000000000000000000, -20.49999999999999645 ) ) ;
#2545 = CIRCLE ( 'NONE', #6530, 5.500000000000005329 ) ;
#2546 = CARTESIAN_POINT ( 'NONE',  ( 15.00000000000000000, 3.000000000000000000, -22.27799999999999869 ) ) ;
#2547 = ORIENTED_EDGE ( 'NONE', *, *, #5450, .F. ) ;
#2548 = DIRECTION ( 'NONE',  ( 0.000000000000000000, 1.000000000000000000, 0.000000000000000000 ) ) ;
#2549 = CARTESIAN_POINT ( 'NONE',  ( 53.33399999999999608, 3.000000000000000000, -15.00000000000000000 ) ) ;
#2550 = EDGE_CURVE ( 'NONE', #3043, #5182, #5416, .T. ) ;
#2551 = ORIENTED_EDGE ( 'NONE', *, *, #6378, .T. ) ;
#2552 = DIRECTION ( 'NONE',  ( 0.000000000000000000, -1.000000000000000000, 0.000000000000000000 ) ) ;
#2553 = AXIS2_PLACEMENT_3D ( 'NONE', #6928, #6425, #7642 ) ;
#2554 = EDGE_CURVE ( 'NONE', #8598, #3231, #6404, .T. ) ;
#2555 = VECTOR ( 'NONE', #3332, 1000.000000000000000 ) ;
#2556 = LINE ( 'NONE', #7288, #5481 ) ;
#2557 = EDGE_LOOP ( 'NONE', ( #6396, #2401, #1585, #5660 ) ) ;
#2558 = CIRCLE ( 'NONE', #979, 5.500000000000003553 ) ;
#2559 = CARTESIAN_POINT ( 'NONE',  ( 78.89000000000000057, 3.000000000000000000, -104.4459999999999980 ) ) ;
#2560 = EDGE_LOOP ( 'NONE', ( #2481, #7289 ) ) ;
#2561 = CIRCLE ( 'NONE', #2989, 5.500000000000005329 ) ;
#2562 = EDGE_CURVE ( 'NONE', #3829, #887, #556, .T. ) ;
#2563 = CARTESIAN_POINT ( 'NONE',  ( 66.11200000000000898, 0.000000000000000000, -66.11200000000000898 ) ) ;
#2564 = EDGE_CURVE ( 'NONE', #4398, #2497, #5352, .T. ) ;
#2565 = AXIS2_PLACEMENT_3D ( 'NONE', #2470, #7879, #3637 ) ;
#2566 = DIRECTION ( 'NONE',  ( 0.000000000000000000, -1.000000000000000000, 0.000000000000000000 ) ) ;
#2567 = AXIS2_PLACEMENT_3D ( 'NONE', #3631, #4264, #5015 ) ;
#2568 = CARTESIAN_POINT ( 'NONE',  ( 27.77799999999999869, 3.000000000000000000, -47.83400000000000318 ) ) ;
#2569 = PERSON_AND_ORGANIZATION ( #609, #1786 ) ;
#2570 = ORIENTED_EDGE ( 'NONE', *, *, #4423, .F. ) ;
#2571 = ORIENTED_EDGE ( 'NONE', *, *, #1726, .T. ) ;
#2572 = DIRECTION ( 'NONE',  ( 0.000000000000000000, -1.000000000000000000, 0.000000000000000000 ) ) ;
#2573 = VECTOR ( 'NONE', #5411, 1000.000000000000000 ) ;
#2574 = EDGE_LOOP ( 'NONE', ( #6540, #4086, #5038, #3252 ) ) ;
#2575 = EDGE_LOOP ( 'NONE', ( #1298, #1761, #8094, #4063 ) ) ;
#2576 = DIRECTION ( 'NONE',  ( 0.000000000000000000, 1.000000000000000000, 0.000000000000000000 ) ) ;
#2577 = CYLINDRICAL_SURFACE ( 'NONE', #761, 5.500000000000005329 ) ;
#2578 = CARTESIAN_POINT ( 'NONE',  ( 27.77799999999999869, 0.000000000000000000, -104.4459999999999980 ) ) ;
#2579 = VECTOR ( 'NONE', #969, 1000.000000000000000 ) ;
#2580 = DIRECTION ( 'NONE',  ( 0.000000000000000000, -1.000000000000000000, 0.000000000000000000 ) ) ;
#2581 = ORIENTED_EDGE ( 'NONE', *, *, #3085, .T. ) ;
#2582 = EDGE_LOOP ( 'NONE', ( #7526, #642, #8379, #3077 ) ) ;
#2583 = CARTESIAN_POINT ( 'NONE',  ( 66.11200000000000898, 0.000000000000000000, -9.499999999999996447 ) ) ;
#2584 = ORIENTED_EDGE ( 'NONE', *, *, #208, .T. ) ;
#2585 = DIRECTION ( 'NONE',  ( 0.000000000000000000, -0.000000000000000000, 1.000000000000000000 ) ) ;
#2586 = ORIENTED_EDGE ( 'NONE', *, *, #5661, .F. ) ;
#2587 = FACE_OUTER_BOUND ( 'NONE', #8259, .T. ) ;
#2588 = FACE_OUTER_BOUND ( 'NONE', #2081, .T. ) ;
#2589 = FACE_BOUND ( 'NONE', #1177, .T. ) ;
#2590 = CARTESIAN_POINT ( 'NONE',  ( 40.55599999999999739, 3.000000000000000000, -40.55599999999999739 ) ) ;
#2591 = DIRECTION ( 'NONE',  ( 0.000000000000000000, -1.000000000000000000, 0.000000000000000000 ) ) ;
#2592 = ORIENTED_EDGE ( 'NONE', *, *, #2954, .T. ) ;
#2593 = CARTESIAN_POINT ( 'NONE',  ( 140.0000000000000000, 4.000000000000000000, -5.000000000000000000 ) ) ;
#2594 = DIRECTION ( 'NONE',  ( 0.000000000000000000, 1.000000000000000000, 0.000000000000000000 ) ) ;
#2595 = ORIENTED_EDGE ( 'NONE', *, *, #4905, .T. ) ;
#2596 = FACE_OUTER_BOUND ( 'NONE', #5459, .T. ) ;
#2597 = ADVANCED_FACE ( 'NONE', ( #3389 ), #6105, .F. ) ;
#2598 = DIRECTION ( 'NONE',  ( 0.000000000000000000, 1.000000000000000000, 0.000000000000000000 ) ) ;
#2599 = EDGE_LOOP ( 'NONE', ( #789, #4546 ) ) ;
#2600 = DIRECTION ( 'NONE',  ( 0.000000000000000000, 0.000000000000000000, -1.000000000000000000 ) ) ;
#2601 = CIRCLE ( 'NONE', #1457, 5.500000000000005329 ) ;
#2602 = VERTEX_POINT ( 'NONE', #4634 ) ;
#2603 = EDGE_CURVE ( 'NONE', #4000, #4593, #4767, .T. ) ;
#2604 = DIRECTION ( 'NONE',  ( 0.000000000000000000, 1.000000000000000000, 0.000000000000000000 ) ) ;
#2605 = AXIS2_PLACEMENT_3D ( 'NONE', #6098, #1407, #5574 ) ;
#2606 = DIRECTION ( 'NONE',  ( 0.000000000000000000, -1.000000000000000000, 0.000000000000000000 ) ) ;
#2607 = CARTESIAN_POINT ( 'NONE',  ( 5.000000000000000000, 10.00000000000000000, -137.7500000000000000 ) ) ;
#2608 = EDGE_CURVE ( 'NONE', #4771, #5792, #7832, .T. ) ;
#2609 = PERSON_AND_ORGANIZATION_ROLE ( 'classification_officer' ) ;
#2610 = ORIENTED_EDGE ( 'NONE', *, *, #40, .F. ) ;
#2611 = ORIENTED_EDGE ( 'NONE', *, *, #7784, .T. ) ;
#2612 = DIRECTION ( 'NONE',  ( 0.000000000000000000, 0.000000000000000000, 1.000000000000000000 ) ) ;
#2613 = EDGE_CURVE ( 'NONE', #4419, #5740, #1369, .T. ) ;
#2614 = VECTOR ( 'NONE', #2566, 1000.000000000000000 ) ;
#2615 = ORIENTED_EDGE ( 'NONE', *, *, #7960, .F. ) ;
#2616 = EDGE_LOOP ( 'NONE', ( #299, #3482 ) ) ;
#2617 = DIRECTION ( 'NONE',  ( 0.000000000000000000, -1.000000000000000000, 0.000000000000000000 ) ) ;
#2618 = DIRECTION ( 'NONE',  ( 0.000000000000000000, 0.000000000000000000, -1.000000000000000000 ) ) ;
#2619 = DIRECTION ( 'NONE',  ( 1.000000000000000000, 0.000000000000000000, 0.000000000000000000 ) ) ;
#2620 = EDGE_CURVE ( 'NONE', #7562, #1540, #745, .T. ) ;
#2621 = CARTESIAN_POINT ( 'NONE',  ( 104.4459999999999980, 0.000000000000000000, -135.5020000000000095 ) ) ;
#2622 = CIRCLE ( 'NONE', #7904, 5.500000000000018652 ) ;
#2623 = VERTEX_POINT ( 'NONE', #2135 ) ;
#2624 = ORIENTED_EDGE ( 'NONE', *, *, #7513, .F. ) ;
#2625 = CYLINDRICAL_SURFACE ( 'NONE', #7984, 5.500000000000005329 ) ;
#2626 = AXIS2_PLACEMENT_3D ( 'NONE', #8412, #3012, #5605 ) ;
#2627 = EDGE_LOOP ( 'NONE', ( #7902, #2979, #3726, #5925 ) ) ;
#2628 = CARTESIAN_POINT ( 'NONE',  ( 53.33399999999999608, 3.000000000000000000, -40.55599999999999739 ) ) ;
#2629 = CIRCLE ( 'NONE', #8339, 5.500000000000005329 ) ;
#2630 = VERTEX_POINT ( 'NONE', #6957 ) ;
#2631 = DIRECTION ( 'NONE',  ( 0.000000000000000000, -1.000000000000000000, 0.000000000000000000 ) ) ;
#2632 = CARTESIAN_POINT ( 'NONE',  ( 5.000000000000000000, 4.000000000000000000, -140.0000000000000000 ) ) ;
#2633 = FACE_OUTER_BOUND ( 'NONE', #2117, .T. ) ;
#2634 = DIRECTION ( 'NONE',  ( 0.000000000000000000, 0.000000000000000000, -1.000000000000000000 ) ) ;
#2635 = CIRCLE ( 'NONE', #3201, 5.500000000000005329 ) ;
#2636 = CARTESIAN_POINT ( 'NONE',  ( 27.77799999999999869, 3.000000000000000000, -46.05599999999999028 ) ) ;
#2637 = ORIENTED_EDGE ( 'NONE', *, *, #1842, .F. ) ;
#2638 = CARTESIAN_POINT ( 'NONE',  ( 66.11200000000000898, 3.000000000000000000, -22.27799999999999159 ) ) ;
#2639 = CARTESIAN_POINT ( 'NONE',  ( 40.55599999999999739, 0.000000000000000000, -27.77799999999999869 ) ) ;
#2640 = EDGE_LOOP ( 'NONE', ( #5578, #3277 ) ) ;
#2641 = CARTESIAN_POINT ( 'NONE',  ( 53.33399999999999608, 3.000000000000000000, -135.5020000000000095 ) ) ;
#2642 = VECTOR ( 'NONE', #4287, 1000.000000000000000 ) ;
#2643 = DIRECTION ( 'NONE',  ( 0.000000000000000000, 1.000000000000000000, 0.000000000000000000 ) ) ;
#2644 = ORIENTED_EDGE ( 'NONE', *, *, #7919, .T. ) ;
#2645 = DIRECTION ( 'NONE',  ( 0.000000000000000000, 0.000000000000000000, 1.000000000000000000 ) ) ;
#2646 = CIRCLE ( 'NONE', #8070, 5.500000000000005329 ) ;
#2647 = EDGE_LOOP ( 'NONE', ( #7094, #8790 ) ) ;
#2648 = DIRECTION ( 'NONE',  ( 0.000000000000000000, 0.000000000000000000, 1.000000000000000000 ) ) ;
#2649 = ADVANCED_FACE ( 'NONE', ( #7628 ), #3607, .F. ) ;
#2650 = AXIS2_PLACEMENT_3D ( 'NONE', #4937, #5654, #2171 ) ;
#2651 = LINE ( 'NONE', #5333, #2046 ) ;
#2652 = DIRECTION ( 'NONE',  ( 0.000000000000000000, 1.000000000000000000, 0.000000000000000000 ) ) ;
#2653 = CARTESIAN_POINT ( 'NONE',  ( 117.2239999999999895, 0.000000000000000000, -40.55599999999999739 ) ) ;
#2654 = ADVANCED_FACE ( 'NONE', ( #7588 ), #6325, .F. ) ;
#2655 = DATE_AND_TIME ( #8063, #7503 ) ;
#2656 = CARTESIAN_POINT ( 'NONE',  ( 40.55599999999999739, 3.000000000000000000, -47.83400000000000318 ) ) ;
#2657 = ORIENTED_EDGE ( 'NONE', *, *, #7025, .T. ) ;
#2658 = FACE_OUTER_BOUND ( 'NONE', #2932, .T. ) ;
#2659 = ORIENTED_EDGE ( 'NONE', *, *, #1915, .F. ) ;
#2660 = ADVANCED_FACE ( 'NONE', ( #6914, #1501, #5659, #8258, #832 ), #876, .F. ) ;
#2661 = ORIENTED_EDGE ( 'NONE', *, *, #2048, .T. ) ;
#2662 = CARTESIAN_POINT ( 'NONE',  ( 78.89000000000000057, 0.000000000000000000, -111.7239999999999895 ) ) ;
#2663 = DIRECTION ( 'NONE',  ( 0.000000000000000000, -1.000000000000000000, 0.000000000000000000 ) ) ;
#2664 = DIRECTION ( 'NONE',  ( 0.000000000000000000, -0.000000000000000000, 1.000000000000000000 ) ) ;
#2665 = ADVANCED_FACE ( 'NONE', ( #115 ), #2217, .F. ) ;
#2666 = CARTESIAN_POINT ( 'NONE',  ( 78.89000000000000057, 0.000000000000000000, -60.61200000000000188 ) ) ;
#2667 = ORIENTED_EDGE ( 'NONE', *, *, #4261, .F. ) ;
#2668 = AXIS2_PLACEMENT_3D ( 'NONE', #1448, #5342, #7489 ) ;
#2669 = ORIENTED_EDGE ( 'NONE', *, *, #6107, .T. ) ;
#2670 = DIRECTION ( 'NONE',  ( 0.000000000000000000, 0.000000000000000000, -1.000000000000000000 ) ) ;
#2671 = VERTEX_POINT ( 'NONE', #200 ) ;
#2672 = ADVANCED_FACE ( 'NONE', ( #2174 ), #71, .F. ) ;
#2673 = CARTESIAN_POINT ( 'NONE',  ( 140.0000000000000000, 4.000000000000000000, -5.000000000000000000 ) ) ;
#2674 = ORIENTED_EDGE ( 'NONE', *, *, #5235, .T. ) ;
#2675 = CARTESIAN_POINT ( 'NONE',  ( 104.4459999999999980, 3.000000000000000000, -27.77799999999999869 ) ) ;
#2676 = CARTESIAN_POINT ( 'NONE',  ( 130.0020000000000095, 3.000000000000000000, -33.27800000000001290 ) ) ;
#2677 = CIRCLE ( 'NONE', #3240, 5.500000000000005329 ) ;
#2678 = ADVANCED_FACE ( 'NONE', ( #4280, #4195 ), #5619, .F. ) ;
#2679 = CARTESIAN_POINT ( 'NONE',  ( 66.11200000000000898, 3.000000000000000000, -91.66800000000000637 ) ) ;
#2680 = DIRECTION ( 'NONE',  ( 0.000000000000000000, -1.000000000000000000, 0.000000000000000000 ) ) ;
#2681 = CARTESIAN_POINT ( 'NONE',  ( 91.66800000000000637, 3.000000000000000000, -117.2239999999999895 ) ) ;
#2682 = VERTEX_POINT ( 'NONE', #7003 ) ;
#2683 = DIRECTION ( 'NONE',  ( 0.000000000000000000, -0.000000000000000000, 1.000000000000000000 ) ) ;
#2684 = CIRCLE ( 'NONE', #7962, 5.500000000000005329 ) ;
#2685 = CARTESIAN_POINT ( 'NONE',  ( 78.89000000000000057, 0.000000000000000000, -40.55599999999999739 ) ) ;
#2686 = EDGE_LOOP ( 'NONE', ( #3175, #8653, #127, #7816 ) ) ;
#2687 = LINE ( 'NONE', #3, #3865 ) ;
#2688 = DIRECTION ( 'NONE',  ( 0.000000000000000000, -0.000000000000000000, 1.000000000000000000 ) ) ;
#2689 = CIRCLE ( 'NONE', #2251, 5.499999999999998224 ) ;
#2690 = DIRECTION ( 'NONE',  ( 0.000000000000000000, -1.000000000000000000, 0.000000000000000000 ) ) ;
#2691 = AXIS2_PLACEMENT_3D ( 'NONE', #5956, #3875, #3915 ) ;
#2692 = VERTEX_POINT ( 'NONE', #2856 ) ;
#2693 = PLANE ( 'NONE',  #8128 ) ;
#2694 = AXIS2_PLACEMENT_3D ( 'NONE', #801, #4290, #6337 ) ;
#2695 = FACE_OUTER_BOUND ( 'NONE', #6918, .T. ) ;
#2696 = AXIS2_PLACEMENT_3D ( 'NONE', #7746, #3677, #276 ) ;
#2697 = LINE ( 'NONE', #54, #7611 ) ;
#2698 = DIRECTION ( 'NONE',  ( 0.000000000000000000, -1.000000000000000000, 0.000000000000000000 ) ) ;
#2699 = FACE_OUTER_BOUND ( 'NONE', #6423, .T. ) ;
#2700 = CIRCLE ( 'NONE', #8269, 5.500000000000005329 ) ;
#2701 = CIRCLE ( 'NONE', #6845, 5.499999999999991118 ) ;
#2702 = FACE_OUTER_BOUND ( 'NONE', #4185, .T. ) ;
#2703 = EDGE_LOOP ( 'NONE', ( #4754, #670, #2891, #3250 ) ) ;
#2704 = FACE_OUTER_BOUND ( 'NONE', #883, .T. ) ;
#2705 = AXIS2_PLACEMENT_3D ( 'NONE', #6939, #811, #2645 ) ;
#2706 = VERTEX_POINT ( 'NONE', #6239 ) ;
#2707 = ADVANCED_FACE ( 'NONE', ( #5582 ), #8304, .F. ) ;
#2708 = CIRCLE ( 'NONE', #6987, 5.500000000000005329 ) ;
#2709 = CIRCLE ( 'NONE', #8847, 5.499999999999998224 ) ;
#2710 = VERTEX_POINT ( 'NONE', #100 ) ;
#2711 = DIRECTION ( 'NONE',  ( 0.000000000000000000, 0.000000000000000000, 1.000000000000000000 ) ) ;
#2712 = CARTESIAN_POINT ( 'NONE',  ( 53.33399999999999608, 0.000000000000000000, -15.00000000000000000 ) ) ;
#2713 = PLANE ( 'NONE',  #1477 ) ;
#2714 = CARTESIAN_POINT ( 'NONE',  ( 53.33399999999999608, 3.000000000000000000, -84.38999999999998636 ) ) ;
#2715 = ORIENTED_EDGE ( 'NONE', *, *, #7578, .F. ) ;
#2716 = EDGE_CURVE ( 'NONE', #3653, #8012, #3278, .T. ) ;
#2717 = CIRCLE ( 'NONE', #6275, 5.499999999999998224 ) ;
#2718 = VERTEX_POINT ( 'NONE', #7434 ) ;
#2719 = CARTESIAN_POINT ( 'NONE',  ( 15.00000000000000000, 3.000000000000000000, -47.83400000000000318 ) ) ;
#2720 = VERTEX_POINT ( 'NONE', #2073 ) ;
#2721 = ADVANCED_FACE ( 'NONE', ( #7381 ), #4050, .F. ) ;
#2722 = CARTESIAN_POINT ( 'NONE',  ( 140.0000000000000000, 4.000000000000000000, -7.250000000000009770 ) ) ;
#2723 = ORIENTED_EDGE ( 'NONE', *, *, #6223, .T. ) ;
#2724 = PLANE ( 'NONE',  #6718 ) ;
#2725 = CARTESIAN_POINT ( 'NONE',  ( 66.11200000000000898, 3.000000000000000000, -111.7239999999999895 ) ) ;
#2726 = CARTESIAN_POINT ( 'NONE',  ( 15.00000000000000000, 0.000000000000000000, -130.0020000000000095 ) ) ;
#2727 = ORIENTED_EDGE ( 'NONE', *, *, #6935, .F. ) ;
#2728 = ADVANCED_FACE ( 'NONE', ( #4659 ), #595, .F. ) ;
#2729 = FACE_OUTER_BOUND ( 'NONE', #6662, .T. ) ;
#2730 = ORIENTED_EDGE ( 'NONE', *, *, #5337, .F. ) ;
#2731 = AXIS2_PLACEMENT_3D ( 'NONE', #2045, #750, #6199 ) ;
#2732 = PLANE ( 'NONE',  #6968 ) ;
#2733 = EDGE_CURVE ( 'NONE', #1245, #3435, #8105, .T. ) ;
#2734 = LINE ( 'NONE', #8853, #6276 ) ;
#2735 = VERTEX_POINT ( 'NONE', #682 ) ;
#2736 = DIRECTION ( 'NONE',  ( 0.000000000000000000, 1.000000000000000000, 0.000000000000000000 ) ) ;
#2737 = DIRECTION ( 'NONE',  ( 0.000000000000000000, 1.000000000000000000, 0.000000000000000000 ) ) ;
#2738 = EDGE_CURVE ( 'NONE', #744, #6382, #2413, .T. ) ;
#2739 = PLANE ( 'NONE',  #2336 ) ;
#2740 = EDGE_LOOP ( 'NONE', ( #4881, #4804, #5238, #8008 ) ) ;
#2741 = DIRECTION ( 'NONE',  ( 0.000000000000000000, 0.000000000000000000, 1.000000000000000000 ) ) ;
#2742 = DIRECTION ( 'NONE',  ( 0.000000000000000000, 1.000000000000000000, 0.000000000000000000 ) ) ;
#2743 = CARTESIAN_POINT ( 'NONE',  ( 104.4459999999999980, 0.000000000000000000, -71.61200000000000898 ) ) ;
#2744 = DIRECTION ( 'NONE',  ( 0.000000000000000000, 1.000000000000000000, 0.000000000000000000 ) ) ;
#2745 = CARTESIAN_POINT ( 'NONE',  ( 66.11200000000000898, 3.000000000000000000, -91.66800000000000637 ) ) ;
#2746 = PERSON_AND_ORGANIZATION ( #609, #1786 ) ;
#2747 = EDGE_LOOP ( 'NONE', ( #699, #6027 ) ) ;
#2748 = ORIENTED_EDGE ( 'NONE', *, *, #4502, .T. ) ;
#2749 = CARTESIAN_POINT ( 'NONE',  ( 66.11200000000000898, 0.000000000000000000, -53.33399999999999608 ) ) ;
#2750 = ORIENTED_EDGE ( 'NONE', *, *, #3652, .T. ) ;
#2751 = VECTOR ( 'NONE', #559, 1000.000000000000000 ) ;
#2752 = ORIENTED_EDGE ( 'NONE', *, *, #2461, .T. ) ;
#2753 = CARTESIAN_POINT ( 'NONE',  ( 130.0020000000000095, 0.000000000000000000, -91.66800000000000637 ) ) ;
#2754 = DIRECTION ( 'NONE',  ( 0.000000000000000000, 0.000000000000000000, 1.000000000000000000 ) ) ;
#2755 = CYLINDRICAL_SURFACE ( 'NONE', #2480, 5.500000000000018652 ) ;
#2756 = DIRECTION ( 'NONE',  ( 0.000000000000000000, -1.000000000000000000, 0.000000000000000000 ) ) ;
#2757 = VERTEX_POINT ( 'NONE', #6721 ) ;
#2758 = AXIS2_PLACEMENT_3D ( 'NONE', #5480, #8163, #604 ) ;
#2759 = EDGE_LOOP ( 'NONE', ( #1376, #244, #612, #8700 ) ) ;
#2760 = DIRECTION ( 'NONE',  ( 0.000000000000000000, 1.000000000000000000, 0.000000000000000000 ) ) ;
#2761 = ORIENTED_EDGE ( 'NONE', *, *, #8496, .T. ) ;
#2762 = LINE ( 'NONE', #4198, #1414 ) ;
#2763 = ORIENTED_EDGE ( 'NONE', *, *, #4218, .T. ) ;
#2764 = DIRECTION ( 'NONE',  ( 0.000000000000000000, 0.000000000000000000, 1.000000000000000000 ) ) ;
#2765 = ADVANCED_FACE ( 'NONE', ( #6181 ), #7522, .F. ) ;
#2766 = AXIS2_PLACEMENT_3D ( 'NONE', #6002, #1798, #7163 ) ;
#2767 = CYLINDRICAL_SURFACE ( 'NONE', #4181, 5.500000000000018652 ) ;
#2768 = CARTESIAN_POINT ( 'NONE',  ( 40.55599999999999739, 3.000000000000000000, -130.0020000000000095 ) ) ;
#2769 = ORIENTED_EDGE ( 'NONE', *, *, #6478, .T. ) ;
#2770 = ADVANCED_FACE ( 'NONE', ( #1309 ), #3416, .F. ) ;
#2771 = CIRCLE ( 'NONE', #1189, 5.500000000000005329 ) ;
#2772 = DIRECTION ( 'NONE',  ( 0.000000000000000000, 0.000000000000000000, -1.000000000000000000 ) ) ;
#2773 = ORIENTED_EDGE ( 'NONE', *, *, #3268, .F. ) ;
#2774 = CARTESIAN_POINT ( 'NONE',  ( 15.00000000000000000, 3.000000000000000000, -27.77799999999999869 ) ) ;
#2775 = AXIS2_PLACEMENT_3D ( 'NONE', #6457, #3789, #7173 ) ;
#2776 = DIRECTION ( 'NONE',  ( 0.000000000000000000, 0.000000000000000000, 1.000000000000000000 ) ) ;
#2777 = EDGE_LOOP ( 'NONE', ( #6036, #5340 ) ) ;
#2778 = DIRECTION ( 'NONE',  ( 0.000000000000000000, 1.000000000000000000, 0.000000000000000000 ) ) ;
#2779 = EDGE_CURVE ( 'NONE', #7859, #2357, #4979, .T. ) ;
#2780 = DIRECTION ( 'NONE',  ( 0.000000000000000000, 0.000000000000000000, -1.000000000000000000 ) ) ;
#2781 = VECTOR ( 'NONE', #8420, 1000.000000000000000 ) ;
#2782 = ADVANCED_FACE ( 'NONE', ( #3372 ), #13, .F. ) ;
#2783 = EDGE_CURVE ( 'NONE', #4912, #6187, #1982, .T. ) ;
#2784 = FACE_OUTER_BOUND ( 'NONE', #228, .T. ) ;
#2785 = EDGE_LOOP ( 'NONE', ( #3313, #4143 ) ) ;
#2786 = CARTESIAN_POINT ( 'NONE',  ( 117.2239999999999895, 3.000000000000000000, -84.39000000000000057 ) ) ;
#2787 = AXIS2_PLACEMENT_3D ( 'NONE', #6086, #6807, #12 ) ;
#2788 = CARTESIAN_POINT ( 'NONE',  ( 15.00000000000000000, 0.000000000000000000, -109.9459999999999837 ) ) ;
#2789 = ADVANCED_FACE ( 'NONE', ( #2699 ), #5472, .F. ) ;
#2790 = FACE_OUTER_BOUND ( 'NONE', #4622, .T. ) ;
#2791 = AXIS2_PLACEMENT_3D ( 'NONE', #7821, #6607, #3221 ) ;
#2792 = FACE_BOUND ( 'NONE', #382, .T. ) ;
#2793 = PLANE ( 'NONE',  #7840 ) ;
#2794 = VECTOR ( 'NONE', #7939, 1000.000000000000000 ) ;
#2795 = DIRECTION ( 'NONE',  ( 0.000000000000000000, -0.000000000000000000, 1.000000000000000000 ) ) ;
#2796 = ORIENTED_EDGE ( 'NONE', *, *, #8087, .T. ) ;
#2797 = DIRECTION ( 'NONE',  ( 0.000000000000000000, -1.000000000000000000, 0.000000000000000000 ) ) ;
#2798 = EDGE_LOOP ( 'NONE', ( #5699, #1387, #1458, #873 ) ) ;
#2799 = ORIENTED_EDGE ( 'NONE', *, *, #4965, .T. ) ;
#2800 = DIRECTION ( 'NONE',  ( 0.000000000000000000, 0.000000000000000000, -1.000000000000000000 ) ) ;
#2801 = DIRECTION ( 'NONE',  ( 0.000000000000000000, 1.000000000000000000, 0.000000000000000000 ) ) ;
#2802 = FACE_OUTER_BOUND ( 'NONE', #7405, .T. ) ;
#2803 = DIRECTION ( 'NONE',  ( 0.000000000000000000, 0.000000000000000000, -1.000000000000000000 ) ) ;
#2804 = ORIENTED_EDGE ( 'NONE', *, *, #8075, .T. ) ;
#2805 = VERTEX_POINT ( 'NONE', #4135 ) ;
#2806 = CARTESIAN_POINT ( 'NONE',  ( 117.2239999999999895, 3.000000000000000000, -91.66800000000000637 ) ) ;
#2807 = EDGE_LOOP ( 'NONE', ( #947, #2581, #7633, #8213 ) ) ;
#2808 = DIRECTION ( 'NONE',  ( 0.000000000000000000, 0.000000000000000000, 1.000000000000000000 ) ) ;
#2809 = ORIENTED_EDGE ( 'NONE', *, *, #7258, .F. ) ;
#2810 = DIRECTION ( 'NONE',  ( 0.000000000000000000, 1.000000000000000000, 0.000000000000000000 ) ) ;
#2811 = CARTESIAN_POINT ( 'NONE',  ( 78.89000000000000057, 0.000000000000000000, -78.89000000000000057 ) ) ;
#2812 = CYLINDRICAL_SURFACE ( 'NONE', #3625, 5.500000000000018652 ) ;
#2813 = CARTESIAN_POINT ( 'NONE',  ( 66.11200000000000898, 0.000000000000000000, -117.2239999999999895 ) ) ;
#2814 = VERTEX_POINT ( 'NONE', #1980 ) ;
#2815 = DIRECTION ( 'NONE',  ( 0.000000000000000000, -1.000000000000000000, 0.000000000000000000 ) ) ;
#2816 = EDGE_LOOP ( 'NONE', ( #1545, #6096 ) ) ;
#2817 = EDGE_CURVE ( 'NONE', #2491, #4363, #4554, .T. ) ;
#2818 = CARTESIAN_POINT ( 'NONE',  ( 117.2239999999999895, 3.000000000000000000, -122.7240000000000038 ) ) ;
#2819 = FACE_OUTER_BOUND ( 'NONE', #3914, .T. ) ;
#2820 = AXIS2_PLACEMENT_3D ( 'NONE', #7161, #1844, #1032 ) ;
#2821 = EDGE_LOOP ( 'NONE', ( #7744, #2405, #4080, #7544 ) ) ;
#2822 = CARTESIAN_POINT ( 'NONE',  ( 53.33399999999999608, 3.000000000000000000, -130.0020000000000095 ) ) ;
#2823 = EDGE_CURVE ( 'NONE', #8492, #3743, #4844, .T. ) ;
#2824 = CARTESIAN_POINT ( 'NONE',  ( 91.66800000000000637, 3.000000000000000000, -60.61200000000000188 ) ) ;
#2825 = CIRCLE ( 'NONE', #7815, 5.500000000000005329 ) ;
#2826 = DIRECTION ( 'NONE',  ( 0.000000000000000000, 1.000000000000000000, 0.000000000000000000 ) ) ;
#2827 = ORIENTED_EDGE ( 'NONE', *, *, #7258, .T. ) ;
#2828 = APPROVAL ( #6763, 'UNSPECIFIED' ) ;
#2829 = ADVANCED_FACE ( 'NONE', ( #56 ), #2793, .F. ) ;
#2830 = FACE_OUTER_BOUND ( 'NONE', #5220, .T. ) ;
#2831 = CARTESIAN_POINT ( 'NONE',  ( 15.00000000000000000, 0.000000000000000000, -117.2239999999999895 ) ) ;
#2832 = EDGE_CURVE ( 'NONE', #1864, #73, #2857, .T. ) ;
#2833 = AXIS2_PLACEMENT_3D ( 'NONE', #8533, #2548, #394 ) ;
#2834 = CARTESIAN_POINT ( 'NONE',  ( 66.11200000000000898, 3.000000000000000000, -35.05599999999999028 ) ) ;
#2835 = AXIS2_PLACEMENT_3D ( 'NONE', #1377, #1294, #6742 ) ;
#2836 = CARTESIAN_POINT ( 'NONE',  ( 91.66800000000000637, 0.000000000000000000, -27.77799999999999869 ) ) ;
#2837 = CARTESIAN_POINT ( 'NONE',  ( 53.33399999999999608, 3.000000000000000000, -46.05599999999999028 ) ) ;
#2838 = ORIENTED_EDGE ( 'NONE', *, *, #8409, .F. ) ;
#2839 = EDGE_CURVE ( 'NONE', #236, #1886, #7270, .T. ) ;
#2840 = DIRECTION ( 'NONE',  ( 0.000000000000000000, 1.000000000000000000, 0.000000000000000000 ) ) ;
#2841 = AXIS2_PLACEMENT_3D ( 'NONE', #5456, #1965, #2683 ) ;
#2842 = CIRCLE ( 'NONE', #5689, 5.500000000000005329 ) ;
#2843 = VERTEX_POINT ( 'NONE', #1652 ) ;
#2844 = EDGE_CURVE ( 'NONE', #5858, #995, #6270, .T. ) ;
#2845 = CARTESIAN_POINT ( 'NONE',  ( 15.00000000000000000, 3.000000000000000000, -97.16800000000000637 ) ) ;
#2846 = CIRCLE ( 'NONE', #5144, 5.500000000000005329 ) ;
#2847 = LINE ( 'NONE', #6728, #1467 ) ;
#2848 = AXIS2_PLACEMENT_3D ( 'NONE', #8344, #2895, #4863 ) ;
#2849 = CARTESIAN_POINT ( 'NONE',  ( 40.55599999999999739, 3.000000000000000000, -40.55599999999999739 ) ) ;
#2850 = DIRECTION ( 'NONE',  ( 0.000000000000000000, 1.000000000000000000, 0.000000000000000000 ) ) ;
#2851 = ORIENTED_EDGE ( 'NONE', *, *, #2832, .T. ) ;
#2852 = AXIS2_PLACEMENT_3D ( 'NONE', #5510, #6893, #7564 ) ;
#2853 = EDGE_CURVE ( 'NONE', #600, #4123, #6132, .T. ) ;
#2854 = EDGE_LOOP ( 'NONE', ( #4825, #3465, #5924, #3447 ) ) ;
#2856 = CARTESIAN_POINT ( 'NONE',  ( 66.11200000000000898, 3.000000000000000000, -86.16799999999999216 ) ) ;
#2855 = AXIS2_PLACEMENT_3D ( 'NONE', #2299, #5813, #3679 ) ;
#2857 = CIRCLE ( 'NONE', #7992, 5.500000000000005329 ) ;
#2858 = EDGE_LOOP ( 'NONE', ( #62, #5258 ) ) ;
#2859 = ORIENTED_EDGE ( 'NONE', *, *, #3486, .T. ) ;
#2860 = FACE_OUTER_BOUND ( 'NONE', #5503, .T. ) ;
#2861 = DIRECTION ( 'NONE',  ( 0.000000000000000000, -1.000000000000000000, 0.000000000000000000 ) ) ;
#2862 = CARTESIAN_POINT ( 'NONE',  ( 117.2239999999999895, 3.000000000000000000, -27.77799999999999869 ) ) ;
#2863 = CIRCLE ( 'NONE', #4011, 5.500000000000005329 ) ;
#2864 = DIRECTION ( 'NONE',  ( 0.000000000000000000, 1.000000000000000000, 0.000000000000000000 ) ) ;
#2865 = AXIS2_PLACEMENT_3D ( 'NONE', #1485, #2962, #935 ) ;
#2866 = ORIENTED_EDGE ( 'NONE', *, *, #1951, .T. ) ;
#2867 = ORIENTED_EDGE ( 'NONE', *, *, #852, .T. ) ;
#2868 = DIRECTION ( 'NONE',  ( 0.000000000000000000, 0.000000000000000000, 1.000000000000000000 ) ) ;
#2869 = DIRECTION ( 'NONE',  ( 0.000000000000000000, 1.000000000000000000, 0.000000000000000000 ) ) ;
#2870 = AXIS2_PLACEMENT_3D ( 'NONE', #2549, #6029, #3135 ) ;
#2871 = EDGE_LOOP ( 'NONE', ( #1499, #1897, #7329, #124 ) ) ;
#2872 = FACE_OUTER_BOUND ( 'NONE', #7113, .T. ) ;
#2873 = CARTESIAN_POINT ( 'NONE',  ( 27.77799999999999869, 3.000000000000000000, -60.61200000000000898 ) ) ;
#2874 = AXIS2_PLACEMENT_3D ( 'NONE', #4819, #6242, #5536 ) ;
#2875 = CARTESIAN_POINT ( 'NONE',  ( 40.55599999999999739, 3.000000000000000000, -60.61200000000000898 ) ) ;
#2876 = ORIENTED_EDGE ( 'NONE', *, *, #696, .F. ) ;
#2877 = DIRECTION ( 'NONE',  ( 0.000000000000000000, -0.000000000000000000, 1.000000000000000000 ) ) ;
#2878 = DIRECTION ( 'NONE',  ( 0.000000000000000000, 1.000000000000000000, 0.000000000000000000 ) ) ;
#2879 = ADVANCED_FACE ( 'NONE', ( #1574 ), #2242, .F. ) ;
#2880 = FACE_BOUND ( 'NONE', #5523, .T. ) ;
#2881 = CARTESIAN_POINT ( 'NONE',  ( 66.11200000000000898, 3.000000000000000000, -35.05599999999999028 ) ) ;
#2882 = CARTESIAN_POINT ( 'NONE',  ( 104.4459999999999980, 3.000000000000000000, -97.16800000000000637 ) ) ;
#2883 = EDGE_LOOP ( 'NONE', ( #5301, #3887, #58, #7458 ) ) ;
#2884 = EDGE_CURVE ( 'NONE', #448, #875, #3137, .T. ) ;
#2885 = DIRECTION ( 'NONE',  ( 0.000000000000000000, 0.000000000000000000, -1.000000000000000000 ) ) ;
#2886 = CARTESIAN_POINT ( 'NONE',  ( 130.0020000000000095, 0.000000000000000000, -53.33399999999999608 ) ) ;
#2887 = EDGE_CURVE ( 'NONE', #5546, #3837, #1563, .T. ) ;
#2888 = DIRECTION ( 'NONE',  ( 0.000000000000000000, 1.000000000000000000, 0.000000000000000000 ) ) ;
#2889 = FACE_OUTER_BOUND ( 'NONE', #4583, .T. ) ;
#2890 = CYLINDRICAL_SURFACE ( 'NONE', #7353, 5.500000000000018652 ) ;
#2891 = ORIENTED_EDGE ( 'NONE', *, *, #628, .F. ) ;
#2892 = EDGE_LOOP ( 'NONE', ( #7978, #2748, #8763, #5162 ) ) ;
#2893 = ADVANCED_FACE ( 'NONE', ( #3724 ), #2331, .F. ) ;
#2894 = ORIENTED_EDGE ( 'NONE', *, *, #5622, .T. ) ;
#2895 = DIRECTION ( 'NONE',  ( 0.000000000000000000, -1.000000000000000000, 0.000000000000000000 ) ) ;
#2896 = AXIS2_PLACEMENT_3D ( 'NONE', #880, #3613, #8387 ) ;
#2897 = ORIENTED_EDGE ( 'NONE', *, *, #4678, .F. ) ;
#2898 = ORIENTED_EDGE ( 'NONE', *, *, #1719, .T. ) ;
#2899 = CYLINDRICAL_SURFACE ( 'NONE', #4950, 5.500000000000005329 ) ;
#2900 = ADVANCED_FACE ( 'NONE', ( #8370 ), #4343, .F. ) ;
#2901 = DIRECTION ( 'NONE',  ( 0.000000000000000000, 1.000000000000000000, 0.000000000000000000 ) ) ;
#2902 = CARTESIAN_POINT ( 'NONE',  ( 78.89000000000000057, 3.000000000000000000, -98.94599999999999795 ) ) ;
#2903 = DIRECTION ( 'NONE',  ( 0.000000000000000000, -1.000000000000000000, 0.000000000000000000 ) ) ;
#2904 = ORIENTED_EDGE ( 'NONE', *, *, #1951, .F. ) ;
#2905 = ORIENTED_EDGE ( 'NONE', *, *, #7798, .T. ) ;
#2906 = DIRECTION ( 'NONE',  ( 0.000000000000000000, 1.000000000000000000, 0.000000000000000000 ) ) ;
#2907 = DIRECTION ( 'NONE',  ( 0.000000000000000000, -1.000000000000000000, 0.000000000000000000 ) ) ;
#2908 = AXIS2_PLACEMENT_3D ( 'NONE', #6760, #7520, #1393 ) ;
#2909 = EDGE_LOOP ( 'NONE', ( #7964, #5958 ) ) ;
#2910 = LINE ( 'NONE', #5044, #3579 ) ;
#2911 = DIRECTION ( 'NONE',  ( 0.000000000000000000, -1.000000000000000000, 0.000000000000000000 ) ) ;
#2912 = AXIS2_PLACEMENT_3D ( 'NONE', #8106, #4095, #6945 ) ;
#2913 = AXIS2_PLACEMENT_3D ( 'NONE', #5256, #7988, #7854 ) ;
#2914 = LINE ( 'NONE', #5639, #7926 ) ;
#2915 = ORIENTED_EDGE ( 'NONE', *, *, #6107, .F. ) ;
#2916 = CARTESIAN_POINT ( 'NONE',  ( 66.11200000000000898, 3.000000000000000000, -130.0020000000000095 ) ) ;
#2917 = FACE_OUTER_BOUND ( 'NONE', #160, .T. ) ;
#2918 = AXIS2_PLACEMENT_3D ( 'NONE', #6448, #7929, #8551 ) ;
#2919 = CARTESIAN_POINT ( 'NONE',  ( 53.33399999999999608, 0.000000000000000000, -117.2239999999999895 ) ) ;
#2920 = CARTESIAN_POINT ( 'NONE',  ( 130.0020000000000095, 3.000000000000000000, -40.55599999999999739 ) ) ;
#2921 = DIRECTION ( 'NONE',  ( 0.000000000000000000, 1.000000000000000000, 0.000000000000000000 ) ) ;
#2922 = VERTEX_POINT ( 'NONE', #6440 ) ;
#2923 = DIRECTION ( 'NONE',  ( 0.000000000000000000, 0.000000000000000000, 1.000000000000000000 ) ) ;
#2924 = AXIS2_PLACEMENT_3D ( 'NONE', #4263, #2744, #2367 ) ;
#2925 = EDGE_CURVE ( 'NONE', #4361, #3110, #7412, .T. ) ;
#2926 = DIRECTION ( 'NONE',  ( 0.000000000000000000, 0.000000000000000000, -1.000000000000000000 ) ) ;
#2927 = EDGE_CURVE ( 'NONE', #3618, #6241, #849, .T. ) ;
#2928 = CIRCLE ( 'NONE', #7923, 2.250000000000000000 ) ;
#2929 = DIRECTION ( 'NONE',  ( 0.000000000000000000, 1.000000000000000000, 0.000000000000000000 ) ) ;
#2930 = CARTESIAN_POINT ( 'NONE',  ( 27.77799999999999869, 3.000000000000000000, -40.55599999999999739 ) ) ;
#2931 = CARTESIAN_POINT ( 'NONE',  ( 15.00000000000000000, 0.000000000000000000, -91.66800000000000637 ) ) ;
#2932 = EDGE_LOOP ( 'NONE', ( #1028, #6835 ) ) ;
#2933 = ORIENTED_EDGE ( 'NONE', *, *, #238, .T. ) ;
#2934 = VECTOR ( 'NONE', #7019, 1000.000000000000000 ) ;
#2935 = EDGE_LOOP ( 'NONE', ( #2674, #4722 ) ) ;
#2936 = EDGE_CURVE ( 'NONE', #4101, #1136, #4561, .T. ) ;
#2937 = DIRECTION ( 'NONE',  ( 0.000000000000000000, -1.000000000000000000, 0.000000000000000000 ) ) ;
#2938 = SECURITY_CLASSIFICATION ( '', '', #684 ) ;
#2939 = ORIENTED_EDGE ( 'NONE', *, *, #7025, .F. ) ;
#2940 = ORIENTED_EDGE ( 'NONE', *, *, #6095, .F. ) ;
#2941 = FACE_OUTER_BOUND ( 'NONE', #3710, .T. ) ;
#2942 = ADVANCED_FACE ( 'NONE', ( #8451 ), #860, .F. ) ;
#2943 = ADVANCED_FACE ( 'NONE', ( #5684 ), #4226, .F. ) ;
#2944 = DIRECTION ( 'NONE',  ( 0.000000000000000000, 0.000000000000000000, -1.000000000000000000 ) ) ;
#2945 = CARTESIAN_POINT ( 'NONE',  ( 117.2239999999999895, 0.000000000000000000, -53.33399999999999608 ) ) ;
#2946 = DIRECTION ( 'NONE',  ( 0.000000000000000000, -1.000000000000000000, 0.000000000000000000 ) ) ;
#2947 = ORIENTED_EDGE ( 'NONE', *, *, #1078, .T. ) ;
#2948 = ORIENTED_EDGE ( 'NONE', *, *, #1164, .T. ) ;
#2949 = EDGE_CURVE ( 'NONE', #8117, #3167, #7741, .T. ) ;
#2950 = CARTESIAN_POINT ( 'NONE',  ( 140.0000000000000000, 10.00000000000000000, -2.749999999999990674 ) ) ;
#2951 = DIRECTION ( 'NONE',  ( 0.000000000000000000, 1.000000000000000000, 0.000000000000000000 ) ) ;
#2952 = ORIENTED_EDGE ( 'NONE', *, *, #5462, .F. ) ;
#2953 = FACE_OUTER_BOUND ( 'NONE', #5070, .T. ) ;
#2954 = EDGE_CURVE ( 'NONE', #6664, #118, #1847, .T. ) ;
#2955 = CARTESIAN_POINT ( 'NONE',  ( 66.11200000000000898, 3.000000000000000000, -86.16799999999999216 ) ) ;
#2956 = DIRECTION ( 'NONE',  ( 0.000000000000000000, -1.000000000000000000, 0.000000000000000000 ) ) ;
#2957 = EDGE_LOOP ( 'NONE', ( #7166, #2452, #2905, #3685 ) ) ;
#2958 = DIRECTION ( 'NONE',  ( 0.000000000000000000, 0.000000000000000000, -1.000000000000000000 ) ) ;
#2959 = VECTOR ( 'NONE', #6053, 1000.000000000000000 ) ;
#2960 = LINE ( 'NONE', #5682, #1133 ) ;
#2961 = VECTOR ( 'NONE', #3908, 1000.000000000000000 ) ;
#2962 = DIRECTION ( 'NONE',  ( 0.000000000000000000, 1.000000000000000000, 0.000000000000000000 ) ) ;
#2963 = CARTESIAN_POINT ( 'NONE',  ( 27.77799999999999869, 3.000000000000000000, -58.83399999999999608 ) ) ;
#2964 = ORIENTED_EDGE ( 'NONE', *, *, #3424, .F. ) ;
#2965 = CARTESIAN_POINT ( 'NONE',  ( 40.55599999999999739, 3.000000000000000000, -53.33399999999999608 ) ) ;
#2966 = AXIS2_PLACEMENT_3D ( 'NONE', #2632, #1290, #7321 ) ;
#2967 = CARTESIAN_POINT ( 'NONE',  ( 140.0000000000000000, 4.000000000000000000, -1.000000000000007772 ) ) ;
#2968 = DIRECTION ( 'NONE',  ( 0.000000000000000000, -1.000000000000000000, 0.000000000000000000 ) ) ;
#2969 = DIRECTION ( 'NONE',  ( 0.000000000000000000, 1.000000000000000000, 0.000000000000000000 ) ) ;
#2970 = PLANE ( 'NONE',  #908 ) ;
#2971 = PLANE ( 'NONE',  #1777 ) ;
#2972 = AXIS2_PLACEMENT_3D ( 'NONE', #1696, #7695, #1568 ) ;
#2973 = VERTEX_POINT ( 'NONE', #272 ) ;
#2974 = ORIENTED_EDGE ( 'NONE', *, *, #8390, .T. ) ;
#2975 = FACE_OUTER_BOUND ( 'NONE', #7445, .T. ) ;
#2976 = EDGE_LOOP ( 'NONE', ( #4521, #7213 ) ) ;
#2977 = AXIS2_PLACEMENT_3D ( 'NONE', #6207, #1039, #4360 ) ;
#2978 = EDGE_CURVE ( 'NONE', #914, #8413, #563, .T. ) ;
#2979 = ORIENTED_EDGE ( 'NONE', *, *, #8595, .T. ) ;
#2980 = AXIS2_PLACEMENT_3D ( 'NONE', #1335, #1296, #4033 ) ;
#2981 = EDGE_LOOP ( 'NONE', ( #4194, #92 ) ) ;
#2982 = CYLINDRICAL_SURFACE ( 'NONE', #7369, 5.500000000000005329 ) ;
#2983 = DIRECTION ( 'NONE',  ( 0.000000000000000000, 1.000000000000000000, 0.000000000000000000 ) ) ;
#2984 = DIRECTION ( 'NONE',  ( 0.000000000000000000, -1.000000000000000000, 0.000000000000000000 ) ) ;
#2985 = EDGE_CURVE ( 'NONE', #8825, #5800, #4851, .T. ) ;
#2986 = CARTESIAN_POINT ( 'NONE',  ( 66.11200000000000898, 3.000000000000000000, -60.61200000000000188 ) ) ;
#2987 = EDGE_LOOP ( 'NONE', ( #8622, #7487 ) ) ;
#2988 = CIRCLE ( 'NONE', #3557, 5.500000000000005329 ) ;
#2989 = AXIS2_PLACEMENT_3D ( 'NONE', #4022, #8122, #6686 ) ;
#2990 = EDGE_LOOP ( 'NONE', ( #8668, #1110 ) ) ;
#2991 = EDGE_CURVE ( 'NONE', #1878, #3345, #8133, .T. ) ;
#2992 = LINE ( 'NONE', #5714, #4130 ) ;
#2993 = VECTOR ( 'NONE', #5859, 1000.000000000000000 ) ;
#2994 = CARTESIAN_POINT ( 'NONE',  ( 15.00000000000000000, 3.000000000000000000, -135.5020000000000095 ) ) ;
#2995 = ORIENTED_EDGE ( 'NONE', *, *, #5550, .F. ) ;
#2996 = LINE ( 'NONE', #1644, #285 ) ;
#2997 = AXIS2_PLACEMENT_3D ( 'NONE', #3391, #6108, #8839 ) ;
#2999 = VECTOR ( 'NONE', #4435, 1000.000000000000000 ) ;
#2998 = CARTESIAN_POINT ( 'NONE',  ( 27.77799999999999869, 3.000000000000000000, -53.33399999999999608 ) ) ;
#3000 = ADVANCED_FACE ( 'NONE', ( #6025 ), #4644, .F. ) ;
#3001 = CARTESIAN_POINT ( 'NONE',  ( 91.66800000000000637, 3.000000000000000000, -91.66800000000000637 ) ) ;
#3002 = ORIENTED_EDGE ( 'NONE', *, *, #8058, .T. ) ;
#3003 = EDGE_CURVE ( 'NONE', #8205, #2040, #5572, .T. ) ;
#3004 = AXIS2_PLACEMENT_3D ( 'NONE', #1651, #3722, #7197 ) ;
#3005 = DIRECTION ( 'NONE',  ( 0.000000000000000000, 1.000000000000000000, 0.000000000000000000 ) ) ;
#3006 = AXIS2_PLACEMENT_3D ( 'NONE', #3532, #7419, #718 ) ;
#3007 = ORIENTED_EDGE ( 'NONE', *, *, #4452, .F. ) ;
#3008 = CARTESIAN_POINT ( 'NONE',  ( 117.2239999999999895, 3.000000000000000000, -78.89000000000000057 ) ) ;
#3009 = ADVANCED_FACE ( 'NONE', ( #7828 ), #3307, .F. ) ;
#3010 = CIRCLE ( 'NONE', #3145, 5.499999999999998224 ) ;
#3011 = CARTESIAN_POINT ( 'NONE',  ( 27.77799999999999869, 0.000000000000000000, -15.00000000000000000 ) ) ;
#3012 = DIRECTION ( 'NONE',  ( 0.000000000000000000, -1.000000000000000000, 0.000000000000000000 ) ) ;
#3013 = ORIENTED_EDGE ( 'NONE', *, *, #209, .F. ) ;
#3014 = DIRECTION ( 'NONE',  ( 0.000000000000000000, 0.000000000000000000, -1.000000000000000000 ) ) ;
#3015 = DIRECTION ( 'NONE',  ( 0.000000000000000000, 1.000000000000000000, 0.000000000000000000 ) ) ;
#3016 = CARTESIAN_POINT ( 'NONE',  ( 40.55599999999999739, 3.000000000000000000, -130.0020000000000095 ) ) ;
#3017 = CARTESIAN_POINT ( 'NONE',  ( 53.33399999999999608, 0.000000000000000000, -40.55599999999999739 ) ) ;
#3018 = DIRECTION ( 'NONE',  ( 0.000000000000000000, -1.000000000000000000, 0.000000000000000000 ) ) ;
#3019 = CARTESIAN_POINT ( 'NONE',  ( 91.66800000000000637, 0.000000000000000000, -78.89000000000000057 ) ) ;
#3020 = VERTEX_POINT ( 'NONE', #4731 ) ;
#3021 = ORIENTED_EDGE ( 'NONE', *, *, #2290, .F. ) ;
#3022 = CARTESIAN_POINT ( 'NONE',  ( 40.55599999999999739, 3.000000000000000000, -111.7239999999999895 ) ) ;
#3023 = EDGE_LOOP ( 'NONE', ( #2796, #2761, #3904, #690 ) ) ;
#3024 = EDGE_LOOP ( 'NONE', ( #2377, #962 ) ) ;
#3025 = ORIENTED_EDGE ( 'NONE', *, *, #1293, .T. ) ;
#3026 = DIRECTION ( 'NONE',  ( 0.000000000000000000, -1.000000000000000000, 0.000000000000000000 ) ) ;
#3027 = CARTESIAN_POINT ( 'NONE',  ( 15.00000000000000000, 0.000000000000000000, -73.39000000000001478 ) ) ;
#3028 = DIRECTION ( 'NONE',  ( 0.000000000000000000, 1.000000000000000000, 0.000000000000000000 ) ) ;
#3029 = DIRECTION ( 'NONE',  ( 0.000000000000000000, 0.000000000000000000, 1.000000000000000000 ) ) ;
#3030 = VERTEX_POINT ( 'NONE', #8752 ) ;
#3031 = CIRCLE ( 'NONE', #8589, 5.500000000000005329 ) ;
#3032 = VERTEX_POINT ( 'NONE', #3052 ) ;
#3033 = PLANE ( 'NONE',  #2694 ) ;
#3034 = ORIENTED_EDGE ( 'NONE', *, *, #7837, .F. ) ;
#3035 = CARTESIAN_POINT ( 'NONE',  ( 27.77799999999999869, 3.000000000000000000, -9.500000000000003553 ) ) ;
#3036 = EDGE_CURVE ( 'NONE', #7354, #7940, #5362, .T. ) ;
#3037 = EDGE_LOOP ( 'NONE', ( #5947, #4414 ) ) ;
#3038 = DIRECTION ( 'NONE',  ( 0.000000000000000000, -1.000000000000000000, 0.000000000000000000 ) ) ;
#3039 = CIRCLE ( 'NONE', #315, 5.500000000000005329 ) ;
#3040 = FACE_OUTER_BOUND ( 'NONE', #6240, .T. ) ;
#3041 = EDGE_CURVE ( 'NONE', #2260, #2394, #6412, .T. ) ;
#3042 = CYLINDRICAL_SURFACE ( 'NONE', #3648, 2.250000000000001776 ) ;
#3043 = VERTEX_POINT ( 'NONE', #5768 ) ;
#3044 = CARTESIAN_POINT ( 'NONE',  ( 104.4459999999999980, 3.000000000000000000, -124.5019999999999953 ) ) ;
#3045 = CIRCLE ( 'NONE', #8041, 5.500000000000005329 ) ;
#3046 = ADVANCED_FACE ( 'NONE', ( #526 ), #618, .F. ) ;
#3047 = ORIENTED_EDGE ( 'NONE', *, *, #3381, .T. ) ;
#3048 = CARTESIAN_POINT ( 'NONE',  ( 104.4459999999999980, 3.000000000000000000, -58.83400000000000318 ) ) ;
#3049 = AXIS2_PLACEMENT_3D ( 'NONE', #3374, #6857, #6764 ) ;
#3050 = EDGE_CURVE ( 'NONE', #8782, #4814, #8494, .T. ) ;
#3051 = EDGE_CURVE ( 'NONE', #2973, #5193, #5316, .T. ) ;
#3052 = CARTESIAN_POINT ( 'NONE',  ( 27.77799999999999869, 0.000000000000000000, -97.16800000000000637 ) ) ;
#3053 = CARTESIAN_POINT ( 'NONE',  ( 53.33399999999999608, 3.000000000000000000, -22.27799999999999869 ) ) ;
#3054 = ORIENTED_EDGE ( 'NONE', *, *, #1127, .T. ) ;
#3055 = CARTESIAN_POINT ( 'NONE',  ( 5.000000000000000000, 10.00000000000000000, -142.2500000000000284 ) ) ;
#3056 = AXIS2_PLACEMENT_3D ( 'NONE', #5508, #2690, #4743 ) ;
#3057 = EDGE_CURVE ( 'NONE', #597, #914, #5098, .T. ) ;
#3058 = VECTOR ( 'NONE', #6819, 1000.000000000000000 ) ;
#3059 = CYLINDRICAL_SURFACE ( 'NONE', #4145, 5.500000000000005329 ) ;
#3060 = PLANE ( 'NONE',  #6955 ) ;
#3061 = LINE ( 'NONE', #8375, #608 ) ;
#3062 = CARTESIAN_POINT ( 'NONE',  ( 91.66800000000000637, 0.000000000000000000, -60.61200000000000188 ) ) ;
#3063 = AXIS2_PLACEMENT_3D ( 'NONE', #6535, #454, #7841 ) ;
#3064 = VERTEX_POINT ( 'NONE', #1918 ) ;
#3065 = ORIENTED_EDGE ( 'NONE', *, *, #2853, .F. ) ;
#3066 = CYLINDRICAL_SURFACE ( 'NONE', #538, 5.500000000000005329 ) ;
#3067 = ORIENTED_EDGE ( 'NONE', *, *, #7301, .F. ) ;
#3068 = AXIS2_PLACEMENT_3D ( 'NONE', #1593, #839, #5749 ) ;
#3069 = ORIENTED_EDGE ( 'NONE', *, *, #256, .T. ) ;
#3070 = DIRECTION ( 'NONE',  ( 0.000000000000000000, -1.000000000000000000, 0.000000000000000000 ) ) ;
#3071 = CARTESIAN_POINT ( 'NONE',  ( 40.55599999999999739, 0.000000000000000000, -117.2239999999999895 ) ) ;
#3072 = DIRECTION ( 'NONE',  ( 0.000000000000000000, 1.000000000000000000, 0.000000000000000000 ) ) ;
#3073 = DIRECTION ( 'NONE',  ( 0.000000000000000000, 0.000000000000000000, 1.000000000000000000 ) ) ;
#3074 = CIRCLE ( 'NONE', #6211, 5.499999999999991118 ) ;
#3075 = ORIENTED_EDGE ( 'NONE', *, *, #5837, .T. ) ;
#3076 = CIRCLE ( 'NONE', #8781, 5.500000000000018652 ) ;
#3077 = ORIENTED_EDGE ( 'NONE', *, *, #5568, .F. ) ;
#3078 = DIRECTION ( 'NONE',  ( 0.000000000000000000, 1.000000000000000000, 0.000000000000000000 ) ) ;
#3079 = ORIENTED_EDGE ( 'NONE', *, *, #4261, .T. ) ;
#3080 = DIRECTION ( 'NONE',  ( 0.000000000000000000, 1.000000000000000000, 0.000000000000000000 ) ) ;
#3081 = ORIENTED_EDGE ( 'NONE', *, *, #3224, .F. ) ;
#3082 = DIRECTION ( 'NONE',  ( 0.000000000000000000, 1.000000000000000000, 0.000000000000000000 ) ) ;
#3083 = DIRECTION ( 'NONE',  ( 0.000000000000000000, -1.000000000000000000, 0.000000000000000000 ) ) ;
#3084 = FACE_BOUND ( 'NONE', #6646, .T. ) ;
#3085 = EDGE_CURVE ( 'NONE', #8462, #6999, #4281, .T. ) ;
#3086 = CARTESIAN_POINT ( 'NONE',  ( 78.89000000000000057, 0.000000000000000000, -47.83399999999999608 ) ) ;
#3087 = ORIENTED_EDGE ( 'NONE', *, *, #6100, .T. ) ;
#3088 = FACE_OUTER_BOUND ( 'NONE', #1632, .T. ) ;
#3089 = ADVANCED_FACE ( 'NONE', ( #8799 ), #1961, .F. ) ;
#3090 = ORIENTED_EDGE ( 'NONE', *, *, #1824, .T. ) ;
#3091 = CARTESIAN_POINT ( 'NONE',  ( 40.55599999999999739, 3.000000000000000000, -104.4459999999999980 ) ) ;
#3092 = DIRECTION ( 'NONE',  ( 0.000000000000000000, 1.000000000000000000, 0.000000000000000000 ) ) ;
#3093 = ADVANCED_FACE ( 'NONE', ( #6698 ), #5272, .F. ) ;
#3094 = CARTESIAN_POINT ( 'NONE',  ( 15.00000000000000000, 3.000000000000000000, -15.00000000000000000 ) ) ;
#3095 = ORIENTED_EDGE ( 'NONE', *, *, #6823, .T. ) ;
#3096 = DIRECTION ( 'NONE',  ( 0.000000000000000000, -1.000000000000000000, 0.000000000000000000 ) ) ;
#3097 = EDGE_CURVE ( 'NONE', #3064, #6690, #2709, .T. ) ;
#3098 = CARTESIAN_POINT ( 'NONE',  ( 117.2239999999999895, 0.000000000000000000, -91.66800000000000637 ) ) ;
#3099 = CIRCLE ( 'NONE', #8096, 5.500000000000018652 ) ;
#3100 = DIRECTION ( 'NONE',  ( 0.000000000000000000, 1.000000000000000000, 0.000000000000000000 ) ) ;
#3101 = DIRECTION ( 'NONE',  ( 0.000000000000000000, -0.000000000000000000, 1.000000000000000000 ) ) ;
#3102 = CYLINDRICAL_SURFACE ( 'NONE', #7624, 5.500000000000005329 ) ;
#3103 = EDGE_CURVE ( 'NONE', #3378, #7146, #1873, .T. ) ;
#3104 =( NAMED_UNIT ( * ) PLANE_ANGLE_UNIT ( ) SI_UNIT ( $, .RADIAN. ) );
#3105 = EDGE_LOOP ( 'NONE', ( #828, #3512 ) ) ;
#3106 = EDGE_LOOP ( 'NONE', ( #7384, #3930, #3568, #5141 ) ) ;
#3107 = CARTESIAN_POINT ( 'NONE',  ( 40.55599999999999739, 3.000000000000000000, -86.16799999999999216 ) ) ;
#3108 = AXIS2_PLACEMENT_3D ( 'NONE', #8483, #1689, #3666 ) ;
#3109 = EDGE_CURVE ( 'NONE', #5115, #7376, #1703, .T. ) ;
#3110 = VERTEX_POINT ( 'NONE', #8625 ) ;
#3111 = ORIENTED_EDGE ( 'NONE', *, *, #3103, .F. ) ;
#3112 = DIRECTION ( 'NONE',  ( 0.000000000000000000, 1.000000000000000000, 0.000000000000000000 ) ) ;
#3113 = DIRECTION ( 'NONE',  ( 0.000000000000000000, 0.000000000000000000, 1.000000000000000000 ) ) ;
#3114 = CYLINDRICAL_SURFACE ( 'NONE', #4906, 5.500000000000018652 ) ;
#3115 = EDGE_CURVE ( 'NONE', #7726, #7316, #145, .T. ) ;
#3116 = CARTESIAN_POINT ( 'NONE',  ( 117.2239999999999895, 0.000000000000000000, -66.11200000000000898 ) ) ;
#3117 = EDGE_LOOP ( 'NONE', ( #3645, #3210 ) ) ;
#3118 = VECTOR ( 'NONE', #8464, 1000.000000000000000 ) ;
#3119 = ORIENTED_EDGE ( 'NONE', *, *, #5862, .T. ) ;
#3120 = CARTESIAN_POINT ( 'NONE',  ( 53.33399999999999608, 3.000000000000000000, -91.66800000000000637 ) ) ;
#3121 = CIRCLE ( 'NONE', #8684, 5.500000000000005329 ) ;
#3122 = EDGE_LOOP ( 'NONE', ( #961, #2915 ) ) ;
#3123 = DIRECTION ( 'NONE',  ( 0.000000000000000000, 0.000000000000000000, 1.000000000000000000 ) ) ;
#3124 = ORIENTED_EDGE ( 'NONE', *, *, #5943, .F. ) ;
#3125 = AXIS2_PLACEMENT_3D ( 'NONE', #5338, #3288, #8023 ) ;
#3126 = DIRECTION ( 'NONE',  ( 0.000000000000000000, 0.000000000000000000, 1.000000000000000000 ) ) ;
#3127 = DIRECTION ( 'NONE',  ( 0.000000000000000000, -0.000000000000000000, 1.000000000000000000 ) ) ;
#3128 = CIRCLE ( 'NONE', #4977, 5.499999999999998224 ) ;
#3129 = FACE_BOUND ( 'NONE', #432, .T. ) ;
#3130 = AXIS2_PLACEMENT_3D ( 'NONE', #2653, #6087, #775 ) ;
#3131 = CARTESIAN_POINT ( 'NONE',  ( 40.55599999999999739, 3.000000000000000000, -117.2239999999999895 ) ) ;
#3132 = AXIS2_PLACEMENT_3D ( 'NONE', #4791, #8811, #8100 ) ;
#3133 = ORIENTED_EDGE ( 'NONE', *, *, #4469, .F. ) ;
#3134 = CARTESIAN_POINT ( 'NONE',  ( 91.66800000000000637, 3.000000000000000000, -78.89000000000000057 ) ) ;
#3135 = DIRECTION ( 'NONE',  ( 0.000000000000000000, 0.000000000000000000, 1.000000000000000000 ) ) ;
#3136 = CIRCLE ( 'NONE', #7558, 5.500000000000005329 ) ;
#3137 = CIRCLE ( 'NONE', #4703, 5.500000000000005329 ) ;
#3138 = VERTEX_POINT ( 'NONE', #1156 ) ;
#3139 = DIRECTION ( 'NONE',  ( 0.000000000000000000, -1.000000000000000000, 0.000000000000000000 ) ) ;
#3140 = DIRECTION ( 'NONE',  ( 0.000000000000000000, 1.000000000000000000, 0.000000000000000000 ) ) ;
#3141 = ORIENTED_EDGE ( 'NONE', *, *, #8624, .F. ) ;
#3142 = CARTESIAN_POINT ( 'NONE',  ( 5.000000000000000000, 4.000000000000000000, -5.000000000000000000 ) ) ;
#3143 = LINE ( 'NONE', #941, #4701 ) ;
#3144 = EDGE_CURVE ( 'NONE', #118, #6664, #4004, .T. ) ;
#3145 = AXIS2_PLACEMENT_3D ( 'NONE', #8806, #5595, #44 ) ;
#3146 = DIRECTION ( 'NONE',  ( 0.000000000000000000, 1.000000000000000000, 0.000000000000000000 ) ) ;
#3147 = DIRECTION ( 'NONE',  ( 0.000000000000000000, 1.000000000000000000, 0.000000000000000000 ) ) ;
#3148 = CARTESIAN_POINT ( 'NONE',  ( 145.0000000000000000, 0.000000000000000000, 0.000000000000000000 ) ) ;
#3149 = EDGE_CURVE ( 'NONE', #6363, #1972, #8667, .T. ) ;
#3150 = CARTESIAN_POINT ( 'NONE',  ( 130.0020000000000095, 0.000000000000000000, -97.16800000000002058 ) ) ;
#3151 = ORIENTED_EDGE ( 'NONE', *, *, #8559, .F. ) ;
#3152 = ORIENTED_EDGE ( 'NONE', *, *, #8442, .T. ) ;
#3153 = AXIS2_PLACEMENT_3D ( 'NONE', #792, #5585, #6737 ) ;
#3154 = PLANE ( 'NONE',  #8688 ) ;
#3155 = VERTEX_POINT ( 'NONE', #395 ) ;
#3156 = ADVANCED_FACE ( 'NONE', ( #4512 ), #3265, .F. ) ;
#3157 = ORIENTED_EDGE ( 'NONE', *, *, #2936, .T. ) ;
#3158 = CARTESIAN_POINT ( 'NONE',  ( 91.66800000000000637, 0.000000000000000000, -130.0020000000000095 ) ) ;
#3159 = DIRECTION ( 'NONE',  ( 0.000000000000000000, 0.000000000000000000, -1.000000000000000000 ) ) ;
#3160 = CARTESIAN_POINT ( 'NONE',  ( 130.0020000000000095, 3.000000000000000000, -117.2239999999999895 ) ) ;
#3161 = EDGE_CURVE ( 'NONE', #3020, #834, #4012, .T. ) ;
#3162 = EDGE_CURVE ( 'NONE', #1986, #8050, #7368, .T. ) ;
#3163 = DIRECTION ( 'NONE',  ( 0.000000000000000000, -1.000000000000000000, 0.000000000000000000 ) ) ;
#3164 = ORIENTED_EDGE ( 'NONE', *, *, #2339, .T. ) ;
#3165 = ORIENTED_EDGE ( 'NONE', *, *, #911, .F. ) ;
#3166 = FACE_OUTER_BOUND ( 'NONE', #1882, .T. ) ;
#3167 = VERTEX_POINT ( 'NONE', #5278 ) ;
#3168 = ADVANCED_FACE ( 'NONE', ( #1827 ), #3896, .F. ) ;
#3169 = DIRECTION ( 'NONE',  ( 0.000000000000000000, 1.000000000000000000, 0.000000000000000000 ) ) ;
#3170 = EDGE_LOOP ( 'NONE', ( #6871, #3990, #6146, #251 ) ) ;
#3171 = DIRECTION ( 'NONE',  ( 0.000000000000000000, 1.000000000000000000, 0.000000000000000000 ) ) ;
#3172 = CARTESIAN_POINT ( 'NONE',  ( 130.0020000000000095, 0.000000000000000000, -71.61200000000002319 ) ) ;
#3173 = FACE_BOUND ( 'NONE', #7470, .T. ) ;
#3174 = CARTESIAN_POINT ( 'NONE',  ( 15.00000000000000000, 3.000000000000000000, -53.33399999999999608 ) ) ;
#3175 = ORIENTED_EDGE ( 'NONE', *, *, #7240, .T. ) ;
#3176 = DIRECTION ( 'NONE',  ( 0.000000000000000000, 1.000000000000000000, 0.000000000000000000 ) ) ;
#3177 = DIRECTION ( 'NONE',  ( 0.000000000000000000, 0.000000000000000000, 1.000000000000000000 ) ) ;
#3178 = CIRCLE ( 'NONE', #5743, 5.500000000000005329 ) ;
#3179 = ORIENTED_EDGE ( 'NONE', *, *, #7833, .T. ) ;
#3180 = CARTESIAN_POINT ( 'NONE',  ( 40.55599999999999739, 3.000000000000000000, -27.77799999999999869 ) ) ;
#3181 = AXIS2_PLACEMENT_3D ( 'NONE', #281, #5737, #2341 ) ;
#3182 = DIRECTION ( 'NONE',  ( 0.000000000000000000, 0.000000000000000000, -1.000000000000000000 ) ) ;
#3183 = VERTEX_POINT ( 'NONE', #8581 ) ;
#3184 = DIRECTION ( 'NONE',  ( 0.000000000000000000, -1.000000000000000000, 0.000000000000000000 ) ) ;
#3185 = ORIENTED_EDGE ( 'NONE', *, *, #7860, .T. ) ;
#3186 = DIRECTION ( 'NONE',  ( 0.000000000000000000, -1.000000000000000000, 0.000000000000000000 ) ) ;
#3187 = AXIS2_PLACEMENT_3D ( 'NONE', #8389, #4368, #1592 ) ;
#3188 = CARTESIAN_POINT ( 'NONE',  ( 66.11200000000000898, 3.000000000000000000, -97.16800000000000637 ) ) ;
#3189 = CARTESIAN_POINT ( 'NONE',  ( 40.55599999999999739, 0.000000000000000000, -91.66800000000000637 ) ) ;
#3190 = DIRECTION ( 'NONE',  ( 0.000000000000000000, -1.000000000000000000, 0.000000000000000000 ) ) ;
#3191 = FACE_OUTER_BOUND ( 'NONE', #1171, .T. ) ;
#3192 = CIRCLE ( 'NONE', #3489, 2.250000000000001776 ) ;
#3193 = ORIENTED_EDGE ( 'NONE', *, *, #4953, .T. ) ;
#3194 = EDGE_LOOP ( 'NONE', ( #2526, #7099 ) ) ;
#3195 = ADVANCED_FACE ( 'NONE', ( #6611 ), #6570, .F. ) ;
#3196 = CARTESIAN_POINT ( 'NONE',  ( 66.11200000000000898, 3.000000000000000000, -91.66800000000000637 ) ) ;
#3197 = ORIENTED_EDGE ( 'NONE', *, *, #2323, .T. ) ;
#3198 = ADVANCED_FACE ( 'NONE', ( #5366 ), #3944, .F. ) ;
#3199 = EDGE_LOOP ( 'NONE', ( #8532, #5157 ) ) ;
#3200 = DIRECTION ( 'NONE',  ( 0.000000000000000000, 1.000000000000000000, 0.000000000000000000 ) ) ;
#3201 = AXIS2_PLACEMENT_3D ( 'NONE', #8299, #5694, #4856 ) ;
#3202 = DIRECTION ( 'NONE',  ( 0.000000000000000000, -1.000000000000000000, 0.000000000000000000 ) ) ;
#3203 = CARTESIAN_POINT ( 'NONE',  ( 130.0020000000000095, 3.000000000000000000, -117.2239999999999895 ) ) ;
#3204 = CARTESIAN_POINT ( 'NONE',  ( 104.4459999999999980, 3.000000000000000000, -47.83399999999999608 ) ) ;
#3205 = ORIENTED_EDGE ( 'NONE', *, *, #403, .T. ) ;
#3206 = EDGE_CURVE ( 'NONE', #5966, #7004, #991, .T. ) ;
#3207 = EDGE_LOOP ( 'NONE', ( #3646, #6732, #2322, #3659 ) ) ;
#3208 = CYLINDRICAL_SURFACE ( 'NONE', #1831, 5.500000000000005329 ) ;
#3209 = AXIS2_PLACEMENT_3D ( 'NONE', #80, #6116, #6880 ) ;
#3210 = ORIENTED_EDGE ( 'NONE', *, *, #5831, .F. ) ;
#3211 = EDGE_CURVE ( 'NONE', #4013, #749, #5710, .T. ) ;
#3212 = CARTESIAN_POINT ( 'NONE',  ( 104.4459999999999980, 3.000000000000000000, -53.33399999999999608 ) ) ;
#3213 = EDGE_CURVE ( 'NONE', #1245, #5156, #4155, .T. ) ;
#3214 = EDGE_LOOP ( 'NONE', ( #2898, #5891 ) ) ;
#3215 = CARTESIAN_POINT ( 'NONE',  ( 140.0000000000000000, 4.000000000000000000, -1.000000000000007772 ) ) ;
#3216 = CARTESIAN_POINT ( 'NONE',  ( 66.11200000000000898, 3.000000000000000000, -130.0020000000000095 ) ) ;
#3217 = CIRCLE ( 'NONE', #1207, 5.499999999999998224 ) ;
#3219 = FACE_BOUND ( 'NONE', #6527, .T. ) ;
#3218 = CIRCLE ( 'NONE', #1502, 3.999999999999992450 ) ;
#3220 = EDGE_CURVE ( 'NONE', #5989, #5822, #1855, .T. ) ;
#3221 = DIRECTION ( 'NONE',  ( 0.000000000000000000, 0.000000000000000000, -1.000000000000000000 ) ) ;
#3222 = ORIENTED_EDGE ( 'NONE', *, *, #2373, .F. ) ;
#3223 = DIRECTION ( 'NONE',  ( 0.000000000000000000, 1.000000000000000000, 0.000000000000000000 ) ) ;
#3224 = EDGE_CURVE ( 'NONE', #1907, #5043, #141, .T. ) ;
#3225 = DIRECTION ( 'NONE',  ( 0.000000000000000000, 1.000000000000000000, 0.000000000000000000 ) ) ;
#3226 = ORIENTED_EDGE ( 'NONE', *, *, #5291, .F. ) ;
#3227 = DIRECTION ( 'NONE',  ( 0.000000000000000000, -1.000000000000000000, 0.000000000000000000 ) ) ;
#3228 = DIRECTION ( 'NONE',  ( 0.000000000000000000, -1.000000000000000000, 0.000000000000000000 ) ) ;
#3229 = EDGE_LOOP ( 'NONE', ( #1869, #6926, #5945, #954 ) ) ;
#3230 = DIRECTION ( 'NONE',  ( 0.000000000000000000, 0.000000000000000000, -1.000000000000000000 ) ) ;
#3231 = VERTEX_POINT ( 'NONE', #7283 ) ;
#3232 = DIRECTION ( 'NONE',  ( 0.000000000000000000, -1.000000000000000000, 0.000000000000000000 ) ) ;
#3233 = CARTESIAN_POINT ( 'NONE',  ( 104.4459999999999980, 3.000000000000000000, -73.39000000000000057 ) ) ;
#3234 = DIRECTION ( 'NONE',  ( 0.000000000000000000, 0.000000000000000000, 1.000000000000000000 ) ) ;
#3235 = AXIS2_PLACEMENT_3D ( 'NONE', #7533, #6011, #8162 ) ;
#3236 = DIRECTION ( 'NONE',  ( 0.000000000000000000, 1.000000000000000000, 0.000000000000000000 ) ) ;
#3237 = VERTEX_POINT ( 'NONE', #3807 ) ;
#3238 = EDGE_LOOP ( 'NONE', ( #3124, #6051, #3385, #3286 ) ) ;
#3239 = CARTESIAN_POINT ( 'NONE',  ( 117.2239999999999895, 0.000000000000000000, -22.27799999999999159 ) ) ;
#3240 = AXIS2_PLACEMENT_3D ( 'NONE', #7927, #8145, #4481 ) ;
#3241 = EDGE_LOOP ( 'NONE', ( #2763, #6353 ) ) ;
#3242 = ORIENTED_EDGE ( 'NONE', *, *, #7643, .T. ) ;
#3243 = CARTESIAN_POINT ( 'NONE',  ( 78.89000000000000057, 3.000000000000000000, -130.0020000000000095 ) ) ;
#3244 = CARTESIAN_POINT ( 'NONE',  ( 5.000000000000000000, 4.000000000000000000, -5.000000000000000000 ) ) ;
#3245 = DIRECTION ( 'NONE',  ( 0.000000000000000000, 1.000000000000000000, 0.000000000000000000 ) ) ;
#3246 = FACE_OUTER_BOUND ( 'NONE', #8321, .T. ) ;
#3247 = ORIENTED_EDGE ( 'NONE', *, *, #1388, .T. ) ;
#3248 = ORIENTED_EDGE ( 'NONE', *, *, #3632, .T. ) ;
#3249 = DIRECTION ( 'NONE',  ( 0.000000000000000000, 0.000000000000000000, -1.000000000000000000 ) ) ;
#3250 = ORIENTED_EDGE ( 'NONE', *, *, #7601, .F. ) ;
#3251 = DIRECTION ( 'NONE',  ( 0.000000000000000000, 1.000000000000000000, 0.000000000000000000 ) ) ;
#3252 = ORIENTED_EDGE ( 'NONE', *, *, #8302, .F. ) ;
#3253 = PLANE ( 'NONE',  #7576 ) ;
#3254 = EDGE_CURVE ( 'NONE', #3237, #933, #6854, .T. ) ;
#3255 = DIRECTION ( 'NONE',  ( 0.000000000000000000, 0.000000000000000000, 1.000000000000000000 ) ) ;
#3256 = CIRCLE ( 'NONE', #5547, 5.499999999999991118 ) ;
#3257 = FACE_BOUND ( 'NONE', #3961, .T. ) ;
#3258 = CARTESIAN_POINT ( 'NONE',  ( 27.77799999999999869, 3.000000000000000000, -78.89000000000000057 ) ) ;
#3259 = ADVANCED_FACE ( 'NONE', ( #1785 ), #4213, .F. ) ;
#3260 = CIRCLE ( 'NONE', #827, 5.499999999999991118 ) ;
#3261 = CYLINDRICAL_SURFACE ( 'NONE', #7342, 5.499999999999998224 ) ;
#3262 = EDGE_LOOP ( 'NONE', ( #3761, #1234 ) ) ;
#3263 = CARTESIAN_POINT ( 'NONE',  ( 40.55599999999999739, 3.000000000000000000, -104.4459999999999980 ) ) ;
#3264 = AXIS2_PLACEMENT_3D ( 'NONE', #5431, #8159, #4803 ) ;
#3265 = CYLINDRICAL_SURFACE ( 'NONE', #720, 2.250000000000001776 ) ;
#3266 = ORIENTED_EDGE ( 'NONE', *, *, #6709, .T. ) ;
#3267 = LINE ( 'NONE', #8051, #1702 ) ;
#3268 = EDGE_CURVE ( 'NONE', #4771, #471, #4876, .T. ) ;
#3269 = CIRCLE ( 'NONE', #548, 5.500000000000005329 ) ;
#3270 = AXIS2_PLACEMENT_3D ( 'NONE', #4210, #5752, #4999 ) ;
#3271 = CIRCLE ( 'NONE', #1260, 5.499999999999998224 ) ;
#3272 = EDGE_CURVE ( 'NONE', #4758, #1714, #1, .T. ) ;
#3273 = DIRECTION ( 'NONE',  ( 0.000000000000000000, 1.000000000000000000, 0.000000000000000000 ) ) ;
#3274 = ORIENTED_EDGE ( 'NONE', *, *, #5657, .F. ) ;
#3275 = CIRCLE ( 'NONE', #8278, 5.500000000000005329 ) ;
#3276 = LINE ( 'NONE', #7878, #2993 ) ;
#3277 = ORIENTED_EDGE ( 'NONE', *, *, #4674, .F. ) ;
#3278 = CIRCLE ( 'NONE', #1266, 5.500000000000005329 ) ;
#3279 = CYLINDRICAL_SURFACE ( 'NONE', #6269, 5.499999999999998224 ) ;
#3280 = ADVANCED_FACE ( 'NONE', ( #7509 ), #3453, .F. ) ;
#3281 = CIRCLE ( 'NONE', #4422, 5.500000000000005329 ) ;
#3282 = DIRECTION ( 'NONE',  ( 0.000000000000000000, 1.000000000000000000, 0.000000000000000000 ) ) ;
#3283 = AXIS2_PLACEMENT_3D ( 'NONE', #7657, #6944, #4304 ) ;
#3284 = CARTESIAN_POINT ( 'NONE',  ( 104.4459999999999980, 0.000000000000000000, -60.61200000000000188 ) ) ;
#3285 = DATE_TIME_ROLE ( 'creation_date' ) ;
#3286 = ORIENTED_EDGE ( 'NONE', *, *, #8733, .F. ) ;
#3287 = ORIENTED_EDGE ( 'NONE', *, *, #8564, .F. ) ;
#3288 = DIRECTION ( 'NONE',  ( 0.000000000000000000, 1.000000000000000000, 0.000000000000000000 ) ) ;
#3289 = AXIS2_PLACEMENT_3D ( 'NONE', #3180, #6032, #7959 ) ;
#3290 = CIRCLE ( 'NONE', #6711, 5.500000000000005329 ) ;
#3291 = ORIENTED_EDGE ( 'NONE', *, *, #5862, .F. ) ;
#3292 = ORIENTED_EDGE ( 'NONE', *, *, #4742, .T. ) ;
#3293 = DIRECTION ( 'NONE',  ( 0.000000000000000000, -1.000000000000000000, 0.000000000000000000 ) ) ;
#3294 = FACE_OUTER_BOUND ( 'NONE', #8305, .T. ) ;
#3295 = PLANE ( 'NONE',  #7475 ) ;
#3296 = CIRCLE ( 'NONE', #1716, 5.500000000000005329 ) ;
#3297 = CARTESIAN_POINT ( 'NONE',  ( 15.00000000000000000, 3.000000000000000000, -91.66800000000000637 ) ) ;
#3298 = ORIENTED_EDGE ( 'NONE', *, *, #371, .T. ) ;
#3299 = ORIENTED_EDGE ( 'NONE', *, *, #3351, .T. ) ;
#3300 = CARTESIAN_POINT ( 'NONE',  ( 5.000000000000000888, 4.000000000000000000, -0.9999999999999983347 ) ) ;
#3301 = EDGE_LOOP ( 'NONE', ( #6018, #5745 ) ) ;
#3302 = LINE ( 'NONE', #8746, #5827 ) ;
#3303 = ORIENTED_EDGE ( 'NONE', *, *, #5276, .F. ) ;
#3304 = CARTESIAN_POINT ( 'NONE',  ( 91.66800000000000637, 3.000000000000000000, -86.16799999999999216 ) ) ;
#3305 = DIRECTION ( 'NONE',  ( 0.000000000000000000, -1.000000000000000000, 0.000000000000000000 ) ) ;
#3306 = FACE_BOUND ( 'NONE', #30, .T. ) ;
#3307 = CYLINDRICAL_SURFACE ( 'NONE', #5128, 5.500000000000005329 ) ;
#3308 = DIRECTION ( 'NONE',  ( 0.000000000000000000, -1.000000000000000000, 0.000000000000000000 ) ) ;
#3309 = EDGE_LOOP ( 'NONE', ( #5680, #37 ) ) ;
#3310 = EDGE_CURVE ( 'NONE', #8021, #8384, #4034, .T. ) ;
#3311 = CARTESIAN_POINT ( 'NONE',  ( 140.0000000000000000, 4.000000000000000000, -140.0000000000000000 ) ) ;
#3312 = DIRECTION ( 'NONE',  ( 0.000000000000000000, 0.000000000000000000, 1.000000000000000000 ) ) ;
#3313 = ORIENTED_EDGE ( 'NONE', *, *, #1915, .T. ) ;
#3314 = DIRECTION ( 'NONE',  ( 0.000000000000000000, -1.000000000000000000, 0.000000000000000000 ) ) ;
#3315 = EDGE_CURVE ( 'NONE', #7284, #3334, #5284, .T. ) ;
#3316 = CYLINDRICAL_SURFACE ( 'NONE', #3056, 5.499999999999991118 ) ;
#3317 = ORIENTED_EDGE ( 'NONE', *, *, #4742, .F. ) ;
#3318 = EDGE_CURVE ( 'NONE', #6208, #7359, #5500, .T. ) ;
#3319 = DIRECTION ( 'NONE',  ( 0.000000000000000000, -1.000000000000000000, 0.000000000000000000 ) ) ;
#3320 = ORIENTED_EDGE ( 'NONE', *, *, #3097, .F. ) ;
#3321 = CARTESIAN_POINT ( 'NONE',  ( 40.55599999999999739, 3.000000000000000000, -84.38999999999998636 ) ) ;
#3322 = ADVANCED_FACE ( 'NONE', ( #2057 ), #6168, .F. ) ;
#3323 = ADVANCED_FACE ( 'NONE', ( #2819 ), #2016, .F. ) ;
#3324 = AXIS2_PLACEMENT_3D ( 'NONE', #7751, #2888, #1493 ) ;
#3325 = CARTESIAN_POINT ( 'NONE',  ( 130.0020000000000095, 3.000000000000000000, -66.11200000000000898 ) ) ;
#3326 = CARTESIAN_POINT ( 'NONE',  ( 104.4459999999999980, 3.000000000000000000, -91.66800000000000637 ) ) ;
#3327 = DIRECTION ( 'NONE',  ( 0.000000000000000000, -1.000000000000000000, 0.000000000000000000 ) ) ;
#3328 = DATE_AND_TIME ( #8730, #6788 ) ;
#3329 = PLANE ( 'NONE',  #7617 ) ;
#3330 = ORIENTED_EDGE ( 'NONE', *, *, #1449, .F. ) ;
#3331 = EDGE_CURVE ( 'NONE', #7586, #7549, #41, .T. ) ;
#3332 = DIRECTION ( 'NONE',  ( 0.000000000000000000, -1.000000000000000000, 0.000000000000000000 ) ) ;
#3333 = CIRCLE ( 'NONE', #5324, 5.500000000000005329 ) ;
#3334 = VERTEX_POINT ( 'NONE', #6074 ) ;
#3335 = ORIENTED_EDGE ( 'NONE', *, *, #2620, .T. ) ;
#3336 = DIRECTION ( 'NONE',  ( 0.000000000000000000, -1.000000000000000000, 0.000000000000000000 ) ) ;
#3337 = CARTESIAN_POINT ( 'NONE',  ( 40.55599999999999739, 3.000000000000000000, -58.83399999999999608 ) ) ;
#3338 = DIRECTION ( 'NONE',  ( 0.000000000000000000, -0.000000000000000000, 1.000000000000000000 ) ) ;
#3339 = CARTESIAN_POINT ( 'NONE',  ( 91.66800000000000637, 0.000000000000000000, -27.77799999999999869 ) ) ;
#3340 = CIRCLE ( 'NONE', #2055, 5.500000000000005329 ) ;
#3341 = ORIENTED_EDGE ( 'NONE', *, *, #1767, .F. ) ;
#3342 = VERTEX_POINT ( 'NONE', #7461 ) ;
#3343 = DIRECTION ( 'NONE',  ( 0.000000000000000000, 1.000000000000000000, 0.000000000000000000 ) ) ;
#3344 = VECTOR ( 'NONE', #8011, 1000.000000000000000 ) ;
#3345 = VERTEX_POINT ( 'NONE', #3403 ) ;
#3346 = FACE_OUTER_BOUND ( 'NONE', #1759, .T. ) ;
#3347 = AXIS2_PLACEMENT_3D ( 'NONE', #7297, #547, #7479 ) ;
#3348 = VERTEX_POINT ( 'NONE', #4122 ) ;
#3349 = DIRECTION ( 'NONE',  ( 0.000000000000000000, 0.000000000000000000, 1.000000000000000000 ) ) ;
#3350 = DIRECTION ( 'NONE',  ( 0.000000000000000000, -1.000000000000000000, 0.000000000000000000 ) ) ;
#3351 = EDGE_CURVE ( 'NONE', #7415, #5167, #4996, .T. ) ;
#3352 = CARTESIAN_POINT ( 'NONE',  ( 104.4459999999999980, 3.000000000000000000, -35.05599999999999028 ) ) ;
#3353 = DIRECTION ( 'NONE',  ( 0.000000000000000000, 1.000000000000000000, 0.000000000000000000 ) ) ;
#3354 = AXIS2_PLACEMENT_3D ( 'NONE', #3910, #4049, #4751 ) ;
#3355 = FACE_OUTER_BOUND ( 'NONE', #6460, .T. ) ;
#3356 = VERTEX_POINT ( 'NONE', #8803 ) ;
#3357 = DIRECTION ( 'NONE',  ( 0.000000000000000000, 0.000000000000000000, 1.000000000000000000 ) ) ;
#3358 = CARTESIAN_POINT ( 'NONE',  ( 117.2239999999999895, 3.000000000000000000, -60.61200000000000188 ) ) ;
#3359 = EDGE_LOOP ( 'NONE', ( #3475, #7388 ) ) ;
#3360 = DIRECTION ( 'NONE',  ( 0.000000000000000000, 0.000000000000000000, 1.000000000000000000 ) ) ;
#3361 = VECTOR ( 'NONE', #1810, 1000.000000000000000 ) ;
#3362 = VECTOR ( 'NONE', #2195, 1000.000000000000000 ) ;
#3363 = DIRECTION ( 'NONE',  ( 0.000000000000000000, 0.000000000000000000, 1.000000000000000000 ) ) ;
#3364 = ORIENTED_EDGE ( 'NONE', *, *, #632, .T. ) ;
#3365 = EDGE_CURVE ( 'NONE', #2087, #515, #2734, .T. ) ;
#3366 = DIRECTION ( 'NONE',  ( 0.000000000000000000, 0.000000000000000000, 1.000000000000000000 ) ) ;
#3367 = AXIS2_PLACEMENT_3D ( 'NONE', #7077, #4276, #6319 ) ;
#3368 = DIRECTION ( 'NONE',  ( 0.000000000000000000, -1.000000000000000000, 0.000000000000000000 ) ) ;
#3369 = EDGE_CURVE ( 'NONE', #2447, #4158, #3290, .T. ) ;
#3370 = DIRECTION ( 'NONE',  ( 0.000000000000000000, -1.000000000000000000, 0.000000000000000000 ) ) ;
#3371 = DIRECTION ( 'NONE',  ( 0.000000000000000000, 0.000000000000000000, 1.000000000000000000 ) ) ;
#3372 = FACE_OUTER_BOUND ( 'NONE', #938, .T. ) ;
#3373 = APPROVAL_DATE_TIME ( #5295, #5608 ) ;
#3374 = CARTESIAN_POINT ( 'NONE',  ( 117.2239999999999895, 3.000000000000000000, -78.89000000000000057 ) ) ;
#3375 = ORIENTED_EDGE ( 'NONE', *, *, #6265, .F. ) ;
#3376 = EDGE_CURVE ( 'NONE', #660, #3488, #1134, .T. ) ;
#3377 = LINE ( 'NONE', #7616, #5974 ) ;
#3378 = VERTEX_POINT ( 'NONE', #6252 ) ;
#3379 = ORIENTED_EDGE ( 'NONE', *, *, #6754, .F. ) ;
#3380 = CYLINDRICAL_SURFACE ( 'NONE', #1653, 5.500000000000005329 ) ;
#3381 = EDGE_CURVE ( 'NONE', #201, #4938, #5138, .T. ) ;
#3382 = DIRECTION ( 'NONE',  ( 0.000000000000000000, 0.000000000000000000, -1.000000000000000000 ) ) ;
#3383 = CARTESIAN_POINT ( 'NONE',  ( 117.2239999999999895, 3.000000000000000000, -109.9459999999999980 ) ) ;
#3384 = CARTESIAN_POINT ( 'NONE',  ( 53.33399999999999608, 0.000000000000000000, -33.27799999999999159 ) ) ;
#3385 = ORIENTED_EDGE ( 'NONE', *, *, #3817, .T. ) ;
#3386 = EDGE_CURVE ( 'NONE', #2720, #2307, #419, .T. ) ;
#3387 = CIRCLE ( 'NONE', #1949, 5.499999999999998224 ) ;
#3388 = EDGE_LOOP ( 'NONE', ( #4432, #4902, #3242, #2098 ) ) ;
#3389 = FACE_OUTER_BOUND ( 'NONE', #6924, .T. ) ;
#3390 = ORIENTED_EDGE ( 'NONE', *, *, #5394, .F. ) ;
#3391 = CARTESIAN_POINT ( 'NONE',  ( 66.11200000000000898, 3.000000000000000000, -15.00000000000000000 ) ) ;
#3392 = ORIENTED_EDGE ( 'NONE', *, *, #1957, .T. ) ;
#3393 = FACE_BOUND ( 'NONE', #4632, .T. ) ;
#3394 = EDGE_CURVE ( 'NONE', #7376, #5115, #8708, .T. ) ;
#3395 = CARTESIAN_POINT ( 'NONE',  ( 145.0000000000000000, 10.00000000000000000, 0.000000000000000000 ) ) ;
#3396 = CIRCLE ( 'NONE', #98, 5.500000000000005329 ) ;
#3397 = FACE_BOUND ( 'NONE', #307, .T. ) ;
#3398 = ORIENTED_EDGE ( 'NONE', *, *, #7127, .F. ) ;
#3399 = CARTESIAN_POINT ( 'NONE',  ( 117.2239999999999895, 0.000000000000000000, -97.16800000000000637 ) ) ;
#3400 = ORIENTED_EDGE ( 'NONE', *, *, #7486, .T. ) ;
#3401 = CARTESIAN_POINT ( 'NONE',  ( 27.77799999999999869, 0.000000000000000000, -66.11200000000000898 ) ) ;
#3402 = CIRCLE ( 'NONE', #8388, 5.500000000000005329 ) ;
#3403 = CARTESIAN_POINT ( 'NONE',  ( 91.66800000000000637, 0.000000000000000000, -47.83399999999999608 ) ) ;
#3404 = ORIENTED_EDGE ( 'NONE', *, *, #6045, .F. ) ;
#3405 = CYLINDRICAL_SURFACE ( 'NONE', #8005, 5.499999999999991118 ) ;
#3406 = DIRECTION ( 'NONE',  ( 0.000000000000000000, 1.000000000000000000, 0.000000000000000000 ) ) ;
#3407 = AXIS2_PLACEMENT_3D ( 'NONE', #487, #3176, #4647 ) ;
#3408 = CARTESIAN_POINT ( 'NONE',  ( 140.0000000000000000, 10.00000000000000000, -2.749999999999990674 ) ) ;
#3409 = AXIS2_PLACEMENT_3D ( 'NONE', #5072, #7128, #3735 ) ;
#3410 = VERTEX_POINT ( 'NONE', #4955 ) ;
#3411 = DIRECTION ( 'NONE',  ( 0.000000000000000000, 0.000000000000000000, 1.000000000000000000 ) ) ;
#3412 = AXIS2_PLACEMENT_3D ( 'NONE', #3531, #1514, #4329 ) ;
#3413 = CARTESIAN_POINT ( 'NONE',  ( 66.11200000000000898, 3.000000000000000000, -27.77799999999999869 ) ) ;
#3414 = CARTESIAN_POINT ( 'NONE',  ( 40.55599999999999739, 0.000000000000000000, -73.39000000000001478 ) ) ;
#3415 = CARTESIAN_POINT ( 'NONE',  ( 91.66800000000000637, 0.000000000000000000, -33.27799999999999869 ) ) ;
#3416 = CYLINDRICAL_SURFACE ( 'NONE', #1416, 5.499999999999998224 ) ;
#3417 = AXIS2_PLACEMENT_3D ( 'NONE', #6827, #5534, #4769 ) ;
#3418 = PERSON_AND_ORGANIZATION_ROLE ( 'creator' ) ;
#3419 = AXIS2_PLACEMENT_3D ( 'NONE', #3479, #8214, #7356 ) ;
#3420 = CARTESIAN_POINT ( 'NONE',  ( 130.0020000000000095, 3.000000000000000000, -46.05600000000001160 ) ) ;
#3421 = ORIENTED_EDGE ( 'NONE', *, *, #4046, .F. ) ;
#3422 = CARTESIAN_POINT ( 'NONE',  ( 104.4459999999999980, 0.000000000000000000, -73.39000000000000057 ) ) ;
#3423 = CIRCLE ( 'NONE', #4983, 5.500000000000005329 ) ;
#3424 = EDGE_CURVE ( 'NONE', #5248, #4361, #7684, .T. ) ;
#3425 = ORIENTED_EDGE ( 'NONE', *, *, #1779, .T. ) ;
#3426 = ORIENTED_EDGE ( 'NONE', *, *, #4303, .F. ) ;
#3427 = LINE ( 'NONE', #8072, #1085 ) ;
#3428 = ADVANCED_FACE ( 'NONE', ( #5715 ), #7055, .F. ) ;
#3429 = PLANE ( 'NONE',  #4749 ) ;
#3430 = LINE ( 'NONE', #1902, #5048 ) ;
#3431 = CARTESIAN_POINT ( 'NONE',  ( 91.66800000000000637, 3.000000000000000000, -104.4459999999999980 ) ) ;
#3432 = EDGE_LOOP ( 'NONE', ( #5059, #6977 ) ) ;
#3433 = VECTOR ( 'NONE', #934, 1000.000000000000000 ) ;
#3434 = AXIS2_PLACEMENT_3D ( 'NONE', #8007, #1249, #1877 ) ;
#3435 = VERTEX_POINT ( 'NONE', #5084 ) ;
#3436 = CC_DESIGN_PERSON_AND_ORGANIZATION_ASSIGNMENT ( #2569, #3418, ( #2115 ) ) ;
#3437 = DIRECTION ( 'NONE',  ( 0.000000000000000000, -1.000000000000000000, 0.000000000000000000 ) ) ;
#3438 = ORIENTED_EDGE ( 'NONE', *, *, #7249, .T. ) ;
#3439 = CARTESIAN_POINT ( 'NONE',  ( 15.00000000000000000, 0.000000000000000000, -46.05599999999999028 ) ) ;
#3440 = ORIENTED_EDGE ( 'NONE', *, *, #33, .T. ) ;
#3441 = CARTESIAN_POINT ( 'NONE',  ( 117.2239999999999895, 0.000000000000000000, -122.7240000000000038 ) ) ;
#3442 = ADVANCED_FACE ( 'NONE', ( #8437 ), #6339, .F. ) ;
#3443 = VECTOR ( 'NONE', #8440, 1000.000000000000000 ) ;
#3444 = ADVANCED_FACE ( 'NONE', ( #3663 ), #7814, .F. ) ;
#3445 = CYLINDRICAL_SURFACE ( 'NONE', #8176, 5.500000000000005329 ) ;
#3446 = DIRECTION ( 'NONE',  ( 0.000000000000000000, 1.000000000000000000, 0.000000000000000000 ) ) ;
#3447 = ORIENTED_EDGE ( 'NONE', *, *, #867, .F. ) ;
#3448 = DIRECTION ( 'NONE',  ( 0.000000000000000000, -1.000000000000000000, 0.000000000000000000 ) ) ;
#3449 = ORIENTED_EDGE ( 'NONE', *, *, #2443, .T. ) ;
#3450 = EDGE_CURVE ( 'NONE', #746, #1382, #2231, .T. ) ;
#3451 = CIRCLE ( 'NONE', #6000, 5.499999999999998224 ) ;
#3452 = FACE_OUTER_BOUND ( 'NONE', #5478, .T. ) ;
#3453 = CYLINDRICAL_SURFACE ( 'NONE', #279, 5.499999999999998224 ) ;
#3454 = ORIENTED_EDGE ( 'NONE', *, *, #6057, .F. ) ;
#3455 = DIRECTION ( 'NONE',  ( 0.000000000000000000, 1.000000000000000000, 0.000000000000000000 ) ) ;
#3456 = CARTESIAN_POINT ( 'NONE',  ( 53.33399999999999608, 3.000000000000000000, -78.89000000000000057 ) ) ;
#3457 = DIRECTION ( 'NONE',  ( 0.000000000000000000, 1.000000000000000000, 0.000000000000000000 ) ) ;
#3458 = VERTEX_POINT ( 'NONE', #4373 ) ;
#3459 = LINE ( 'NONE', #5372, #8652 ) ;
#3460 = DIRECTION ( 'NONE',  ( 0.000000000000000000, 0.000000000000000000, 1.000000000000000000 ) ) ;
#3461 = CYLINDRICAL_SURFACE ( 'NONE', #767, 5.500000000000005329 ) ;
#3462 = FACE_BOUND ( 'NONE', #5854, .T. ) ;
#3463 = DIRECTION ( 'NONE',  ( 0.000000000000000000, 0.000000000000000000, 1.000000000000000000 ) ) ;
#3464 = CARTESIAN_POINT ( 'NONE',  ( 27.77799999999999869, 3.000000000000000000, -104.4459999999999980 ) ) ;
#3465 = ORIENTED_EDGE ( 'NONE', *, *, #5180, .T. ) ;
#3466 = DIRECTION ( 'NONE',  ( 0.000000000000000000, -1.000000000000000000, 0.000000000000000000 ) ) ;
#3467 = ORIENTED_EDGE ( 'NONE', *, *, #6265, .T. ) ;
#3468 = AXIS2_PLACEMENT_3D ( 'NONE', #5537, #1464, #5402 ) ;
#3469 = ORIENTED_EDGE ( 'NONE', *, *, #1664, .F. ) ;
#3470 = DIRECTION ( 'NONE',  ( 0.000000000000000000, 1.000000000000000000, 0.000000000000000000 ) ) ;
#3471 = CYLINDRICAL_SURFACE ( 'NONE', #7320, 5.500000000000005329 ) ;
#3472 = CARTESIAN_POINT ( 'NONE',  ( 78.89000000000000057, 3.000000000000000000, -109.9459999999999980 ) ) ;
#3473 = ADVANCED_FACE ( 'NONE', ( #7644 ), #6969, .F. ) ;
#3474 = PLANE ( 'NONE',  #4930 ) ;
#3475 = ORIENTED_EDGE ( 'NONE', *, *, #900, .T. ) ;
#3476 = AXIS2_PLACEMENT_3D ( 'NONE', #739, #782, #2754 ) ;
#3477 = ORIENTED_EDGE ( 'NONE', *, *, #4241, .T. ) ;
#3478 = EDGE_CURVE ( 'NONE', #647, #2219, #1557, .T. ) ;
#3479 = CARTESIAN_POINT ( 'NONE',  ( 104.4459999999999980, 3.000000000000000000, -78.89000000000000057 ) ) ;
#3480 = EDGE_LOOP ( 'NONE', ( #8393, #4293, #7735, #7176 ) ) ;
#3481 = DIRECTION ( 'NONE',  ( 0.000000000000000000, -1.000000000000000000, 0.000000000000000000 ) ) ;
#3482 = ORIENTED_EDGE ( 'NONE', *, *, #4089, .F. ) ;
#3483 = FACE_OUTER_BOUND ( 'NONE', #8640, .T. ) ;
#3484 = VECTOR ( 'NONE', #5907, 1000.000000000000000 ) ;
#3485 = DIRECTION ( 'NONE',  ( 0.000000000000000000, 1.000000000000000000, 0.000000000000000000 ) ) ;
#3486 = EDGE_CURVE ( 'NONE', #6858, #647, #2700, .T. ) ;
#3487 = DIRECTION ( 'NONE',  ( 0.000000000000000000, -1.000000000000000000, 0.000000000000000000 ) ) ;
#3488 = VERTEX_POINT ( 'NONE', #5673 ) ;
#3489 = AXIS2_PLACEMENT_3D ( 'NONE', #184, #4344, #7787 ) ;
#3490 = DIRECTION ( 'NONE',  ( 0.000000000000000000, 1.000000000000000000, 0.000000000000000000 ) ) ;
#3491 = ORIENTED_EDGE ( 'NONE', *, *, #5242, .T. ) ;
#3492 = ADVANCED_FACE ( 'NONE', ( #6380 ), #2189, .F. ) ;
#3493 = CYLINDRICAL_SURFACE ( 'NONE', #4262, 5.500000000000005329 ) ;
#3494 = DIRECTION ( 'NONE',  ( 0.000000000000000000, 0.000000000000000000, -1.000000000000000000 ) ) ;
#3495 = EDGE_LOOP ( 'NONE', ( #5850, #8101, #8171, #106 ) ) ;
#3496 = DIRECTION ( 'NONE',  ( 0.000000000000000000, 1.000000000000000000, 0.000000000000000000 ) ) ;
#3497 = CARTESIAN_POINT ( 'NONE',  ( 130.0020000000000095, 3.000000000000000000, -9.499999999999982236 ) ) ;
#3498 = AXIS2_PLACEMENT_3D ( 'NONE', #6128, #8232, #5370 ) ;
#3499 = EDGE_CURVE ( 'NONE', #8439, #8792, #5692, .T. ) ;
#3500 = VECTOR ( 'NONE', #6907, 1000.000000000000000 ) ;
#3501 = FACE_OUTER_BOUND ( 'NONE', #8366, .T. ) ;
#3502 = ORIENTED_EDGE ( 'NONE', *, *, #6156, .T. ) ;
#3503 = ADVANCED_FACE ( 'NONE', ( #3749 ), #4291, .F. ) ;
#3504 = DIRECTION ( 'NONE',  ( 0.000000000000000000, 0.000000000000000000, 1.000000000000000000 ) ) ;
#3505 = CIRCLE ( 'NONE', #2351, 5.500000000000005329 ) ;
#3506 = DIRECTION ( 'NONE',  ( 0.000000000000000000, 0.000000000000000000, 1.000000000000000000 ) ) ;
#3507 = EDGE_CURVE ( 'NONE', #1540, #6779, #3992, .T. ) ;
#3508 = CARTESIAN_POINT ( 'NONE',  ( 5.000000000000000000, 4.000000000000000000, -144.0000000000000284 ) ) ;
#3509 = DIRECTION ( 'NONE',  ( 0.000000000000000000, -1.000000000000000000, 0.000000000000000000 ) ) ;
#3510 = AXIS2_PLACEMENT_3D ( 'NONE', #3882, #468, #7137 ) ;
#3511 = DIRECTION ( 'NONE',  ( 0.000000000000000000, 0.000000000000000000, 1.000000000000000000 ) ) ;
#3512 = ORIENTED_EDGE ( 'NONE', *, *, #1684, .F. ) ;
#3513 = CARTESIAN_POINT ( 'NONE',  ( 140.0000000000000000, 4.000000000000000000, -140.0000000000000000 ) ) ;
#3514 = ORIENTED_EDGE ( 'NONE', *, *, #4046, .T. ) ;
#3515 = AXIS2_PLACEMENT_3D ( 'NONE', #368, #325, #3732 ) ;
#3516 = DIRECTION ( 'NONE',  ( 0.000000000000000000, 0.000000000000000000, 1.000000000000000000 ) ) ;
#3517 = CARTESIAN_POINT ( 'NONE',  ( 104.4459999999999980, 3.000000000000000000, -9.499999999999996447 ) ) ;
#3518 = FACE_OUTER_BOUND ( 'NONE', #1942, .T. ) ;
#3519 = CYLINDRICAL_SURFACE ( 'NONE', #3367, 3.999999999999992450 ) ;
#3520 = EDGE_LOOP ( 'NONE', ( #4052, #7383, #2102, #5997 ) ) ;
#3521 = ORIENTED_EDGE ( 'NONE', *, *, #5465, .F. ) ;
#3522 = CARTESIAN_POINT ( 'NONE',  ( 5.000000000000000000, 4.000000000000000000, -5.000000000000000000 ) ) ;
#3523 = VERTEX_POINT ( 'NONE', #5635 ) ;
#3524 = EDGE_LOOP ( 'NONE', ( #7982, #3157 ) ) ;
#3525 = LINE ( 'NONE', #1461, #153 ) ;
#3526 = FACE_OUTER_BOUND ( 'NONE', #5396, .T. ) ;
#3527 = LINE ( 'NONE', #7677, #1185 ) ;
#3528 = CARTESIAN_POINT ( 'NONE',  ( 66.11200000000000898, 0.000000000000000000, -104.4459999999999980 ) ) ;
#3529 = ORIENTED_EDGE ( 'NONE', *, *, #7295, .T. ) ;
#3530 = VERTEX_POINT ( 'NONE', #343 ) ;
#3531 = CARTESIAN_POINT ( 'NONE',  ( 117.2239999999999895, 3.000000000000000000, -15.00000000000000000 ) ) ;
#3532 = CARTESIAN_POINT ( 'NONE',  ( 117.2239999999999895, 3.000000000000000000, -78.89000000000000057 ) ) ;
#3533 = EDGE_CURVE ( 'NONE', #1955, #5590, #966, .T. ) ;
#3534 = CIRCLE ( 'NONE', #8518, 5.500000000000005329 ) ;
#3535 = ORIENTED_EDGE ( 'NONE', *, *, #6913, .T. ) ;
#3536 = DIRECTION ( 'NONE',  ( 0.000000000000000000, 0.000000000000000000, 1.000000000000000000 ) ) ;
#3537 = CYLINDRICAL_SURFACE ( 'NONE', #5538, 5.500000000000005329 ) ;
#3538 = EDGE_CURVE ( 'NONE', #213, #8353, #255, .T. ) ;
#3539 = AXIS2_PLACEMENT_3D ( 'NONE', #8617, #3305, #5225 ) ;
#3540 = CARTESIAN_POINT ( 'NONE',  ( 104.4459999999999980, 3.000000000000000000, -33.27799999999999869 ) ) ;
#3541 = EDGE_LOOP ( 'NONE', ( #6006, #6336 ) ) ;
#3542 = DIRECTION ( 'NONE',  ( 0.000000000000000000, -1.000000000000000000, 0.000000000000000000 ) ) ;
#3543 = EDGE_CURVE ( 'NONE', #8342, #8413, #300, .T. ) ;
#3544 = CARTESIAN_POINT ( 'NONE',  ( 53.33399999999999608, 3.000000000000000000, -27.77799999999999869 ) ) ;
#3545 = CIRCLE ( 'NONE', #2119, 5.499999999999998224 ) ;
#3546 = ADVANCED_FACE ( 'NONE', ( #8315 ), #1097, .F. ) ;
#3547 = DIRECTION ( 'NONE',  ( 0.000000000000000000, 0.000000000000000000, 1.000000000000000000 ) ) ;
#3548 = AXIS2_PLACEMENT_3D ( 'NONE', #8849, #8753, #8179 ) ;
#3549 = DIRECTION ( 'NONE',  ( 0.000000000000000000, 0.000000000000000000, 1.000000000000000000 ) ) ;
#3550 = DIRECTION ( 'NONE',  ( 0.000000000000000000, -1.000000000000000000, 0.000000000000000000 ) ) ;
#3551 = VERTEX_POINT ( 'NONE', #2496 ) ;
#3552 = DIRECTION ( 'NONE',  ( 0.000000000000000000, -1.000000000000000000, 0.000000000000000000 ) ) ;
#3553 = AXIS2_PLACEMENT_3D ( 'NONE', #383, #6462, #7224 ) ;
#3554 = EDGE_CURVE ( 'NONE', #2394, #2260, #8682, .T. ) ;
#3555 = VECTOR ( 'NONE', #6354, 1000.000000000000000 ) ;
#3556 = CARTESIAN_POINT ( 'NONE',  ( 117.2239999999999895, 0.000000000000000000, -104.4459999999999980 ) ) ;
#3557 = AXIS2_PLACEMENT_3D ( 'NONE', #4460, #7181, #7996 ) ;
#3558 = CARTESIAN_POINT ( 'NONE',  ( 130.0020000000000095, 0.000000000000000000, -111.7239999999999753 ) ) ;
#3559 = DIRECTION ( 'NONE',  ( 0.000000000000000000, 0.000000000000000000, -1.000000000000000000 ) ) ;
#3560 = DIRECTION ( 'NONE',  ( 0.000000000000000000, -1.000000000000000000, 0.000000000000000000 ) ) ;
#3561 = VERTEX_POINT ( 'NONE', #5221 ) ;
#3562 = ORIENTED_EDGE ( 'NONE', *, *, #8505, .T. ) ;
#3563 = ORIENTED_EDGE ( 'NONE', *, *, #2991, .F. ) ;
#3565 = DIRECTION ( 'NONE',  ( 0.000000000000000000, -0.000000000000000000, 1.000000000000000000 ) ) ;
#3564 = CIRCLE ( 'NONE', #139, 5.499999999999998224 ) ;
#3566 = AXIS2_PLACEMENT_3D ( 'NONE', #1528, #7613, #5056 ) ;
#3567 = ORIENTED_EDGE ( 'NONE', *, *, #5242, .F. ) ;
#3568 = ORIENTED_EDGE ( 'NONE', *, *, #747, .T. ) ;
#3569 = DIRECTION ( 'NONE',  ( 0.000000000000000000, 1.000000000000000000, 0.000000000000000000 ) ) ;
#3570 = DIRECTION ( 'NONE',  ( 0.000000000000000000, 0.000000000000000000, -1.000000000000000000 ) ) ;
#3571 = PLANE ( 'NONE',  #4756 ) ;
#3572 = CIRCLE ( 'NONE', #8698, 5.500000000000018652 ) ;
#3573 = LINE ( 'NONE', #5035, #633 ) ;
#3574 = AXIS2_PLACEMENT_3D ( 'NONE', #8716, #3989, #488 ) ;
#3575 = ORIENTED_EDGE ( 'NONE', *, *, #1677, .T. ) ;
#3576 = ORIENTED_EDGE ( 'NONE', *, *, #7240, .F. ) ;
#3577 = DIRECTION ( 'NONE',  ( 0.000000000000000000, 1.000000000000000000, 0.000000000000000000 ) ) ;
#3578 = DIRECTION ( 'NONE',  ( 0.000000000000000000, 0.000000000000000000, -1.000000000000000000 ) ) ;
#3579 = VECTOR ( 'NONE', #3038, 1000.000000000000000 ) ;
#3580 = ORIENTED_EDGE ( 'NONE', *, *, #1526, .T. ) ;
#3581 = FACE_OUTER_BOUND ( 'NONE', #2987, .T. ) ;
#3582 = DIRECTION ( 'NONE',  ( 0.000000000000000000, 0.000000000000000000, 1.000000000000000000 ) ) ;
#3583 = ADVANCED_FACE ( 'NONE', ( #3888 ), #6510, .F. ) ;
#3584 = CIRCLE ( 'NONE', #2874, 5.500000000000018652 ) ;
#3585 = CARTESIAN_POINT ( 'NONE',  ( 145.0000000000000000, 10.00000000000000000, -145.0000000000000000 ) ) ;
#3586 = APPLICATION_CONTEXT ( 'configuration controlled 3d designs of mechanical parts and assemblies' ) ;
#3587 = ORIENTED_EDGE ( 'NONE', *, *, #8500, .F. ) ;
#3588 = CARTESIAN_POINT ( 'NONE',  ( 78.89000000000000057, 3.000000000000000000, -135.5020000000000095 ) ) ;
#3589 = EDGE_CURVE ( 'NONE', #5100, #5836, #3269, .T. ) ;
#3590 = CARTESIAN_POINT ( 'NONE',  ( 91.66800000000000637, 3.000000000000000000, -47.83399999999999608 ) ) ;
#3591 = FACE_BOUND ( 'NONE', #704, .T. ) ;
#3592 = CARTESIAN_POINT ( 'NONE',  ( 78.89000000000000057, 3.000000000000000000, -27.77799999999999869 ) ) ;
#3593 = EDGE_CURVE ( 'NONE', #7666, #7225, #5414, .T. ) ;
#3594 = CARTESIAN_POINT ( 'NONE',  ( 27.77799999999999869, 3.000000000000000000, -86.16799999999999216 ) ) ;
#3595 = VERTEX_POINT ( 'NONE', #1731 ) ;
#3596 = CARTESIAN_POINT ( 'NONE',  ( 15.00000000000000000, 0.000000000000000000, -15.00000000000000000 ) ) ;
#3597 = EDGE_CURVE ( 'NONE', #2483, #3523, #973, .T. ) ;
#3598 = DIRECTION ( 'NONE',  ( 0.000000000000000000, 0.000000000000000000, -1.000000000000000000 ) ) ;
#3599 = DIRECTION ( 'NONE',  ( 0.000000000000000000, 1.000000000000000000, 0.000000000000000000 ) ) ;
#3600 = DIRECTION ( 'NONE',  ( 0.000000000000000000, 1.000000000000000000, 0.000000000000000000 ) ) ;
#3601 = EDGE_CURVE ( 'NONE', #7354, #3378, #2988, .T. ) ;
#3602 = DIRECTION ( 'NONE',  ( 0.000000000000000000, 0.000000000000000000, -1.000000000000000000 ) ) ;
#3603 = VERTEX_POINT ( 'NONE', #1053 ) ;
#3604 = ORIENTED_EDGE ( 'NONE', *, *, #6008, .F. ) ;
#3605 = ORIENTED_EDGE ( 'NONE', *, *, #1114, .T. ) ;
#3606 = EDGE_CURVE ( 'NONE', #4776, #3342, #4552, .T. ) ;
#3607 = CYLINDRICAL_SURFACE ( 'NONE', #5118, 5.499999999999998224 ) ;
#3608 = ADVANCED_FACE ( 'NONE', ( #3974 ), #7274, .F. ) ;
#3609 = CIRCLE ( 'NONE', #753, 5.500000000000005329 ) ;
#3610 = EDGE_LOOP ( 'NONE', ( #25, #5336, #8650, #8306 ) ) ;
#3611 = ORIENTED_EDGE ( 'NONE', *, *, #2844, .F. ) ;
#3612 = CARTESIAN_POINT ( 'NONE',  ( 104.4459999999999980, 0.000000000000000000, -111.7239999999999895 ) ) ;
#3613 = DIRECTION ( 'NONE',  ( 0.000000000000000000, 1.000000000000000000, 0.000000000000000000 ) ) ;
#3614 = CARTESIAN_POINT ( 'NONE',  ( 66.11200000000000898, 3.000000000000000000, -104.4459999999999980 ) ) ;
#3615 = CYLINDRICAL_SURFACE ( 'NONE', #3068, 5.500000000000005329 ) ;
#3616 = AXIS2_PLACEMENT_3D ( 'NONE', #2248, #2384, #8335 ) ;
#3617 = EDGE_LOOP ( 'NONE', ( #3440, #4654 ) ) ;
#3618 = VERTEX_POINT ( 'NONE', #5843 ) ;
#3619 = CYLINDRICAL_SURFACE ( 'NONE', #3270, 5.500000000000005329 ) ;
#3620 = CARTESIAN_POINT ( 'NONE',  ( 117.2239999999999895, 3.000000000000000000, -15.00000000000000000 ) ) ;
#3621 = AXIS2_PLACEMENT_3D ( 'NONE', #7379, #1352, #7478 ) ;
#3622 = ORIENTED_EDGE ( 'NONE', *, *, #1957, .F. ) ;
#3623 = DIRECTION ( 'NONE',  ( 0.000000000000000000, 0.000000000000000000, 1.000000000000000000 ) ) ;
#3624 = DIRECTION ( 'NONE',  ( 0.000000000000000000, -0.000000000000000000, 1.000000000000000000 ) ) ;
#3625 = AXIS2_PLACEMENT_3D ( 'NONE', #2224, #5588, #959 ) ;
#3626 = LINE ( 'NONE', #5007, #5644 ) ;
#3627 = EDGE_LOOP ( 'NONE', ( #6575, #4169, #1747, #7874 ) ) ;
#3628 = CYLINDRICAL_SURFACE ( 'NONE', #7968, 5.500000000000005329 ) ;
#3629 = DIRECTION ( 'NONE',  ( 0.000000000000000000, 1.000000000000000000, 0.000000000000000000 ) ) ;
#3630 = CIRCLE ( 'NONE', #8620, 4.000000000000003553 ) ;
#3631 = CARTESIAN_POINT ( 'NONE',  ( 15.00000000000000000, 0.000000000000000000, -104.4459999999999980 ) ) ;
#3632 = EDGE_CURVE ( 'NONE', #8780, #7083, #702, .T. ) ;
#3633 = DIRECTION ( 'NONE',  ( 0.000000000000000000, 1.000000000000000000, 0.000000000000000000 ) ) ;
#3634 = EDGE_LOOP ( 'NONE', ( #8554, #977 ) ) ;
#3635 = FACE_OUTER_BOUND ( 'NONE', #8065, .T. ) ;
#3636 = CIRCLE ( 'NONE', #2494, 5.500000000000005329 ) ;
#3637 = DIRECTION ( 'NONE',  ( 0.000000000000000000, -0.000000000000000000, 1.000000000000000000 ) ) ;
#3638 = EDGE_CURVE ( 'NONE', #6408, #2623, #1147, .T. ) ;
#3639 = FACE_OUTER_BOUND ( 'NONE', #494, .T. ) ;
#3640 = AXIS2_PLACEMENT_3D ( 'NONE', #7351, #1228, #6682 ) ;
#3641 = CYLINDRICAL_SURFACE ( 'NONE', #42, 5.500000000000005329 ) ;
#3642 = CARTESIAN_POINT ( 'NONE',  ( 104.4459999999999980, 3.000000000000000000, -9.499999999999996447 ) ) ;
#3643 = EDGE_CURVE ( 'NONE', #1866, #6363, #1836, .T. ) ;
#3644 = CARTESIAN_POINT ( 'NONE',  ( 104.4459999999999980, 3.000000000000000000, -47.83399999999999608 ) ) ;
#3645 = ORIENTED_EDGE ( 'NONE', *, *, #1602, .F. ) ;
#3646 = ORIENTED_EDGE ( 'NONE', *, *, #7132, .T. ) ;
#3647 = DIRECTION ( 'NONE',  ( 0.000000000000000000, 0.000000000000000000, -1.000000000000000000 ) ) ;
#3648 = AXIS2_PLACEMENT_3D ( 'NONE', #6936, #177, #5760 ) ;
#3649 = ORIENTED_EDGE ( 'NONE', *, *, #6371, .F. ) ;
#3650 = AXIS2_PLACEMENT_3D ( 'NONE', #6235, #2131, #8377 ) ;
#3651 = VERTEX_POINT ( 'NONE', #4501 ) ;
#3652 = EDGE_CURVE ( 'NONE', #3138, #1530, #1981, .T. ) ;
#3653 = VERTEX_POINT ( 'NONE', #2453 ) ;
#3654 = CARTESIAN_POINT ( 'NONE',  ( 53.33399999999999608, 3.000000000000000000, -47.83400000000000318 ) ) ;
#3655 = DIRECTION ( 'NONE',  ( 0.000000000000000000, 1.000000000000000000, 0.000000000000000000 ) ) ;
#3656 = CARTESIAN_POINT ( 'NONE',  ( 78.89000000000000057, 0.000000000000000000, -22.27799999999999159 ) ) ;
#3657 = EDGE_CURVE ( 'NONE', #996, #7646, #7983, .T. ) ;
#3658 = CARTESIAN_POINT ( 'NONE',  ( 66.11200000000000898, 0.000000000000000000, -33.27799999999999869 ) ) ;
#3659 = ORIENTED_EDGE ( 'NONE', *, *, #4415, .F. ) ;
#3660 = VERTEX_POINT ( 'NONE', #7358 ) ;
#3661 = DIRECTION ( 'NONE',  ( 0.000000000000000000, 0.000000000000000000, 1.000000000000000000 ) ) ;
#3662 = EDGE_CURVE ( 'NONE', #7316, #7726, #3128, .T. ) ;
#3663 = FACE_OUTER_BOUND ( 'NONE', #2686, .T. ) ;
#3664 = VERTEX_POINT ( 'NONE', #1236 ) ;
#3665 = CARTESIAN_POINT ( 'NONE',  ( 53.33399999999999608, 3.000000000000000000, -66.11200000000000898 ) ) ;
#3666 = DIRECTION ( 'NONE',  ( 0.000000000000000000, 0.000000000000000000, 1.000000000000000000 ) ) ;
#3667 = DIRECTION ( 'NONE',  ( 0.000000000000000000, 1.000000000000000000, 0.000000000000000000 ) ) ;
#3668 = VERTEX_POINT ( 'NONE', #8612 ) ;
#3669 = DIRECTION ( 'NONE',  ( 0.000000000000000000, 1.000000000000000000, 0.000000000000000000 ) ) ;
#3670 = CIRCLE ( 'NONE', #8659, 5.500000000000005329 ) ;
#3671 = VERTEX_POINT ( 'NONE', #1815 ) ;
#3672 = DIRECTION ( 'NONE',  ( 0.000000000000000000, -0.000000000000000000, 1.000000000000000000 ) ) ;
#3673 = AXIS2_PLACEMENT_3D ( 'NONE', #6301, #4831, #7512 ) ;
#3674 = DIRECTION ( 'NONE',  ( 0.000000000000000000, 0.000000000000000000, -1.000000000000000000 ) ) ;
#3675 = CYLINDRICAL_SURFACE ( 'NONE', #2626, 4.000000000000003553 ) ;
#3676 = VERTEX_POINT ( 'NONE', #1867 ) ;
#3677 = DIRECTION ( 'NONE',  ( 0.000000000000000000, 1.000000000000000000, 0.000000000000000000 ) ) ;
#3678 = AXIS2_PLACEMENT_3D ( 'NONE', #2457, #3350, #6648 ) ;
#3679 = DIRECTION ( 'NONE',  ( 0.000000000000000000, 0.000000000000000000, 1.000000000000000000 ) ) ;
#3680 = DIRECTION ( 'NONE',  ( 0.000000000000000000, 0.000000000000000000, 1.000000000000000000 ) ) ;
#3681 = FACE_OUTER_BOUND ( 'NONE', #3701, .T. ) ;
#3682 = DIRECTION ( 'NONE',  ( 0.000000000000000000, 0.000000000000000000, 1.000000000000000000 ) ) ;
#3683 = CARTESIAN_POINT ( 'NONE',  ( 15.00000000000000000, 3.000000000000000000, -33.27799999999999159 ) ) ;
#3684 = AXIS2_PLACEMENT_3D ( 'NONE', #7367, #4602, #2462 ) ;
#3685 = ORIENTED_EDGE ( 'NONE', *, *, #7467, .F. ) ;
#3686 = ORIENTED_EDGE ( 'NONE', *, *, #5780, .T. ) ;
#3687 = EDGE_CURVE ( 'NONE', #948, #1403, #2846, .T. ) ;
#3688 = FACE_OUTER_BOUND ( 'NONE', #7531, .T. ) ;
#3689 = ORIENTED_EDGE ( 'NONE', *, *, #1607, .F. ) ;
#3690 = CIRCLE ( 'NONE', #8679, 5.500000000000005329 ) ;
#3691 = VERTEX_POINT ( 'NONE', #3439 ) ;
#3692 = ADVANCED_FACE ( 'NONE', ( #8170 ), #6063, .F. ) ;
#3693 = AXIS2_PLACEMENT_3D ( 'NONE', #4916, #5000, #7729 ) ;
#3694 = AXIS2_PLACEMENT_3D ( 'NONE', #7095, #7600, #2272 ) ;
#3695 = ORIENTED_EDGE ( 'NONE', *, *, #5972, .T. ) ;
#3696 = DIRECTION ( 'NONE',  ( 0.000000000000000000, 0.000000000000000000, 1.000000000000000000 ) ) ;
#3697 = CARTESIAN_POINT ( 'NONE',  ( 15.00000000000000000, 3.000000000000000000, -130.0020000000000095 ) ) ;
#3698 = FACE_OUTER_BOUND ( 'NONE', #1766, .T. ) ;
#3699 = CIRCLE ( 'NONE', #3264, 5.500000000000018652 ) ;
#3700 = FACE_OUTER_BOUND ( 'NONE', #7672, .T. ) ;
#3701 = EDGE_LOOP ( 'NONE', ( #5445, #3575, #2727, #8724 ) ) ;
#3702 = EDGE_CURVE ( 'NONE', #1022, #7038, #125, .T. ) ;
#3703 = AXIS2_PLACEMENT_3D ( 'NONE', #1163, #7335, #6620 ) ;
#3704 = AXIS2_PLACEMENT_3D ( 'NONE', #6808, #1354, #4842 ) ;
#3705 = VERTEX_POINT ( 'NONE', #659 ) ;
#3706 = CARTESIAN_POINT ( 'NONE',  ( 104.4459999999999980, 3.000000000000000000, -20.50000000000000355 ) ) ;
#3707 = EDGE_CURVE ( 'NONE', #515, #8329, #267, .T. ) ;
#3708 = DIRECTION ( 'NONE',  ( 0.000000000000000000, 1.000000000000000000, 0.000000000000000000 ) ) ;
#3709 = EDGE_CURVE ( 'NONE', #3717, #2757, #4137, .T. ) ;
#3710 = EDGE_LOOP ( 'NONE', ( #8605, #1146, #2477, #7898 ) ) ;
#3711 = DIRECTION ( 'NONE',  ( 0.000000000000000000, 0.000000000000000000, -1.000000000000000000 ) ) ;
#3712 = AXIS2_PLACEMENT_3D ( 'NONE', #7474, #8194, #8324 ) ;
#3714 = AXIS2_PLACEMENT_3D ( 'NONE', #2590, #4074, #6741 ) ;
#3713 = CARTESIAN_POINT ( 'NONE',  ( 91.66800000000000637, 3.000000000000000000, -53.33399999999999608 ) ) ;
#3715 = ADVANCED_FACE ( 'NONE', ( #3346 ), #6157, .F. ) ;
#3716 = DIRECTION ( 'NONE',  ( 0.000000000000000000, -1.000000000000000000, 0.000000000000000000 ) ) ;
#3717 = VERTEX_POINT ( 'NONE', #2722 ) ;
#3718 = AXIS2_PLACEMENT_3D ( 'NONE', #2831, #2878, #4260 ) ;
#3719 = DIRECTION ( 'NONE',  ( 0.000000000000000000, 1.000000000000000000, 0.000000000000000000 ) ) ;
#3720 = AXIS2_PLACEMENT_3D ( 'NONE', #2148, #8182, #2776 ) ;
#3721 = ORIENTED_EDGE ( 'NONE', *, *, #189, .T. ) ;
#3722 = DIRECTION ( 'NONE',  ( 0.000000000000000000, 1.000000000000000000, 0.000000000000000000 ) ) ;
#3723 = AXIS2_PLACEMENT_3D ( 'NONE', #8656, #5223, #3126 ) ;
#3724 = FACE_OUTER_BOUND ( 'NONE', #5393, .T. ) ;
#3725 = LINE ( 'NONE', #6441, #4911 ) ;
#3726 = ORIENTED_EDGE ( 'NONE', *, *, #7196, .F. ) ;
#3727 = DIRECTION ( 'NONE',  ( 0.000000000000000000, 0.000000000000000000, 1.000000000000000000 ) ) ;
#3728 = DIRECTION ( 'NONE',  ( 0.000000000000000000, 1.000000000000000000, 0.000000000000000000 ) ) ;
#3729 = DIRECTION ( 'NONE',  ( 0.000000000000000000, -0.000000000000000000, 1.000000000000000000 ) ) ;
#3730 = DIRECTION ( 'NONE',  ( 0.000000000000000000, 0.000000000000000000, 1.000000000000000000 ) ) ;
#3731 = CARTESIAN_POINT ( 'NONE',  ( 140.0000000000000000, 10.00000000000000000, -142.2500000000000284 ) ) ;
#3732 = DIRECTION ( 'NONE',  ( 0.000000000000000000, 0.000000000000000000, 1.000000000000000000 ) ) ;
#3733 = EDGE_LOOP ( 'NONE', ( #3824, #8427 ) ) ;
#3734 = ORIENTED_EDGE ( 'NONE', *, *, #142, .F. ) ;
#3735 = DIRECTION ( 'NONE',  ( 0.000000000000000000, 0.000000000000000000, -1.000000000000000000 ) ) ;
#3736 = ORIENTED_EDGE ( 'NONE', *, *, #4637, .T. ) ;
#3737 = ORIENTED_EDGE ( 'NONE', *, *, #1944, .F. ) ;
#3738 = DIRECTION ( 'NONE',  ( 0.000000000000000000, -1.000000000000000000, 0.000000000000000000 ) ) ;
#3739 = EDGE_CURVE ( 'NONE', #3671, #2706, #2762, .T. ) ;
#3740 = CARTESIAN_POINT ( 'NONE',  ( 78.89000000000000057, 0.000000000000000000, -91.66800000000000637 ) ) ;
#3741 = CARTESIAN_POINT ( 'NONE',  ( 91.66800000000000637, 3.000000000000000000, -27.77799999999999869 ) ) ;
#3742 = FACE_OUTER_BOUND ( 'NONE', #3877, .T. ) ;
#3743 = VERTEX_POINT ( 'NONE', #8793 ) ;
#3744 = ADVANCED_FACE ( 'NONE', ( #7543 ), #7498, .F. ) ;
#3745 = CIRCLE ( 'NONE', #2896, 5.500000000000005329 ) ;
#3746 = EDGE_LOOP ( 'NONE', ( #6598, #8689 ) ) ;
#3747 = LINE ( 'NONE', #1813, #6697 ) ;
#3748 = VERTEX_POINT ( 'NONE', #4817 ) ;
#3749 = FACE_OUTER_BOUND ( 'NONE', #1333, .T. ) ;
#3750 = ORIENTED_EDGE ( 'NONE', *, *, #6693, .T. ) ;
#3751 = LINE ( 'NONE', #5176, #5292 ) ;
#3752 = EDGE_CURVE ( 'NONE', #4888, #7991, #4160, .T. ) ;
#3753 = CIRCLE ( 'NONE', #6314, 5.499999999999996447 ) ;
#3754 = CARTESIAN_POINT ( 'NONE',  ( 66.11200000000000898, 3.000000000000000000, -27.77799999999999869 ) ) ;
#3755 = DIRECTION ( 'NONE',  ( 0.000000000000000000, 1.000000000000000000, 0.000000000000000000 ) ) ;
#3756 = EDGE_CURVE ( 'NONE', #6937, #4111, #4272, .T. ) ;
#3757 = DIRECTION ( 'NONE',  ( 0.000000000000000000, 0.000000000000000000, -1.000000000000000000 ) ) ;
#3758 = EDGE_LOOP ( 'NONE', ( #15, #7374 ) ) ;
#3759 = CARTESIAN_POINT ( 'NONE',  ( 15.00000000000000000, 0.000000000000000000, -104.4459999999999980 ) ) ;
#3760 = CIRCLE ( 'NONE', #1328, 5.500000000000018652 ) ;
#3761 = ORIENTED_EDGE ( 'NONE', *, *, #8613, .T. ) ;
#3762 = CARTESIAN_POINT ( 'NONE',  ( 66.11200000000000898, 0.000000000000000000, -124.5019999999999953 ) ) ;
#3763 = ADVANCED_FACE ( 'NONE', ( #8083 ), #6197, .F. ) ;
#3764 = VECTOR ( 'NONE', #2076, 1000.000000000000000 ) ;
#3765 = VECTOR ( 'NONE', #167, 1000.000000000000000 ) ;
#3766 = CARTESIAN_POINT ( 'NONE',  ( 91.66800000000000637, 3.000000000000000000, -104.4459999999999980 ) ) ;
#3767 = ADVANCED_FACE ( 'NONE', ( #613 ), #1459, .F. ) ;
#3768 = CYLINDRICAL_SURFACE ( 'NONE', #7910, 5.500000000000005329 ) ;
#3769 = ORIENTED_EDGE ( 'NONE', *, *, #7199, .F. ) ;
#3770 = DIRECTION ( 'NONE',  ( 0.000000000000000000, 0.000000000000000000, -1.000000000000000000 ) ) ;
#3771 = AXIS2_PLACEMENT_3D ( 'NONE', #2424, #3273, #5148 ) ;
#3772 = CIRCLE ( 'NONE', #6768, 5.499999999999991118 ) ;
#3773 = FACE_OUTER_BOUND ( 'NONE', #7515, .T. ) ;
#3774 = EDGE_CURVE ( 'NONE', #211, #8481, #3302, .T. ) ;
#3775 = CARTESIAN_POINT ( 'NONE',  ( 27.77799999999999869, 3.000000000000000000, -66.11200000000000898 ) ) ;
#3776 = CARTESIAN_POINT ( 'NONE',  ( 117.2239999999999895, 3.000000000000000000, -46.05599999999999739 ) ) ;
#3777 = CIRCLE ( 'NONE', #7194, 5.500000000000003553 ) ;
#3778 = CYLINDRICAL_SURFACE ( 'NONE', #483, 5.499999999999991118 ) ;
#3779 = PERSON_AND_ORGANIZATION ( #609, #1786 ) ;
#3780 = AXIS2_PLACEMENT_3D ( 'NONE', #3528, #1510, #210 ) ;
#3781 = ORIENTED_EDGE ( 'NONE', *, *, #4309, .T. ) ;
#3782 = ORIENTED_EDGE ( 'NONE', *, *, #1223, .T. ) ;
#3783 = CARTESIAN_POINT ( 'NONE',  ( 66.11200000000000898, 0.000000000000000000, -130.0020000000000095 ) ) ;
#3784 = ORIENTED_EDGE ( 'NONE', *, *, #1120, .F. ) ;
#3785 = CIRCLE ( 'NONE', #4075, 5.500000000000005329 ) ;
#3786 = EDGE_LOOP ( 'NONE', ( #4557, #3949, #1172, #1282 ) ) ;
#3787 = DIRECTION ( 'NONE',  ( 0.000000000000000000, 0.000000000000000000, 1.000000000000000000 ) ) ;
#3788 = DIRECTION ( 'NONE',  ( 0.000000000000000000, 1.000000000000000000, 0.000000000000000000 ) ) ;
#3789 = DIRECTION ( 'NONE',  ( 0.000000000000000000, 1.000000000000000000, 0.000000000000000000 ) ) ;
#3790 = DIRECTION ( 'NONE',  ( 0.000000000000000000, 0.000000000000000000, 1.000000000000000000 ) ) ;
#3791 = CIRCLE ( 'NONE', #2071, 5.500000000000005329 ) ;
#3792 = ORIENTED_EDGE ( 'NONE', *, *, #4623, .F. ) ;
#3793 = CIRCLE ( 'NONE', #8774, 5.500000000000005329 ) ;
#3794 = ORIENTED_EDGE ( 'NONE', *, *, #3220, .F. ) ;
#3795 = CARTESIAN_POINT ( 'NONE',  ( 15.00000000000000000, 3.000000000000000000, -104.4459999999999980 ) ) ;
#3796 = ORIENTED_EDGE ( 'NONE', *, *, #1164, .F. ) ;
#3797 = CARTESIAN_POINT ( 'NONE',  ( 130.0020000000000095, 3.000000000000000000, -78.89000000000000057 ) ) ;
#3798 = CIRCLE ( 'NONE', #6224, 5.500000000000005329 ) ;
#3799 = VERTEX_POINT ( 'NONE', #4679 ) ;
#3800 = FACE_OUTER_BOUND ( 'NONE', #5535, .T. ) ;
#3801 = DIRECTION ( 'NONE',  ( 0.000000000000000000, 0.000000000000000000, 1.000000000000000000 ) ) ;
#3802 = FACE_BOUND ( 'NONE', #2777, .T. ) ;
#3803 = CARTESIAN_POINT ( 'NONE',  ( 5.000000000000000000, 4.000000000000000000, -2.750000000000000444 ) ) ;
#3804 = ORIENTED_EDGE ( 'NONE', *, *, #1880, .T. ) ;
#3805 = EDGE_CURVE ( 'NONE', #1953, #7679, #3845, .T. ) ;
#3806 = CARTESIAN_POINT ( 'NONE',  ( 66.11200000000000898, 0.000000000000000000, -47.83399999999999608 ) ) ;
#3807 = CARTESIAN_POINT ( 'NONE',  ( 40.55599999999999739, 0.000000000000000000, -20.49999999999999645 ) ) ;
#3808 = ORIENTED_EDGE ( 'NONE', *, *, #7810, .F. ) ;
#3809 = DIRECTION ( 'NONE',  ( 0.000000000000000000, 1.000000000000000000, 0.000000000000000000 ) ) ;
#3810 = EDGE_CURVE ( 'NONE', #5658, #2692, #6411, .T. ) ;
#3811 = CARTESIAN_POINT ( 'NONE',  ( 140.0000000000000000, 0.000000000000000000, -5.000000000000000000 ) ) ;
#3812 = ORIENTED_EDGE ( 'NONE', *, *, #6860, .F. ) ;
#3813 = ADVANCED_FACE ( 'NONE', ( #4068 ), #6783, .F. ) ;
#3814 = CARTESIAN_POINT ( 'NONE',  ( 78.89000000000000057, 3.000000000000000000, -130.0020000000000095 ) ) ;
#3815 = CARTESIAN_POINT ( 'NONE',  ( 104.4459999999999980, 3.000000000000000000, -117.2239999999999895 ) ) ;
#3816 = EDGE_CURVE ( 'NONE', #757, #3969, #8131, .T. ) ;
#3817 = EDGE_CURVE ( 'NONE', #5966, #878, #1030, .T. ) ;
#3818 = AXIS2_PLACEMENT_3D ( 'NONE', #89, #5549, #3582 ) ;
#3819 = CARTESIAN_POINT ( 'NONE',  ( 53.33399999999999608, 3.000000000000000000, -130.0020000000000095 ) ) ;
#3820 = CYLINDRICAL_SURFACE ( 'NONE', #8465, 5.500000000000005329 ) ;
#3821 = DIRECTION ( 'NONE',  ( 0.000000000000000000, 1.000000000000000000, 0.000000000000000000 ) ) ;
#3822 = DIRECTION ( 'NONE',  ( 0.000000000000000000, 0.000000000000000000, 1.000000000000000000 ) ) ;
#3823 = ORIENTED_EDGE ( 'NONE', *, *, #4526, .F. ) ;
#3824 = ORIENTED_EDGE ( 'NONE', *, *, #3351, .F. ) ;
#3825 = EDGE_CURVE ( 'NONE', #7666, #8169, #3143, .T. ) ;
#3826 = DIRECTION ( 'NONE',  ( 0.000000000000000000, 1.000000000000000000, 0.000000000000000000 ) ) ;
#3827 = CIRCLE ( 'NONE', #4384, 5.499999999999991118 ) ;
#3828 = ORIENTED_EDGE ( 'NONE', *, *, #2542, .F. ) ;
#3829 = VERTEX_POINT ( 'NONE', #6444 ) ;
#3830 = LINE ( 'NONE', #7347, #7661 ) ;
#3831 = FACE_OUTER_BOUND ( 'NONE', #1488, .T. ) ;
#3832 = AXIS2_PLACEMENT_3D ( 'NONE', #717, #4170, #5365 ) ;
#3833 = FACE_OUTER_BOUND ( 'NONE', #6587, .T. ) ;
#3834 = CARTESIAN_POINT ( 'NONE',  ( 145.0000000000000000, 10.00000000000000000, 0.000000000000000000 ) ) ;
#3835 = EDGE_LOOP ( 'NONE', ( #4156, #4236 ) ) ;
#3836 = AXIS2_PLACEMENT_3D ( 'NONE', #6724, #1895, #2612 ) ;
#3837 = VERTEX_POINT ( 'NONE', #2967 ) ;
#3838 = CARTESIAN_POINT ( 'NONE',  ( 40.55599999999999739, 0.000000000000000000, -66.11200000000000898 ) ) ;
#3839 = CIRCLE ( 'NONE', #261, 5.500000000000005329 ) ;
#3840 = ORIENTED_EDGE ( 'NONE', *, *, #154, .F. ) ;
#3841 = DIRECTION ( 'NONE',  ( 0.000000000000000000, 0.000000000000000000, -1.000000000000000000 ) ) ;
#3842 = EDGE_LOOP ( 'NONE', ( #173, #3421 ) ) ;
#3843 = DIRECTION ( 'NONE',  ( 0.000000000000000000, 1.000000000000000000, 0.000000000000000000 ) ) ;
#3844 = DIRECTION ( 'NONE',  ( 0.000000000000000000, 0.000000000000000000, 1.000000000000000000 ) ) ;
#3845 = CIRCLE ( 'NONE', #3852, 5.500000000000003553 ) ;
#3846 = FACE_BOUND ( 'NONE', #7243, .T. ) ;
#3847 = DIRECTION ( 'NONE',  ( 0.000000000000000000, 0.000000000000000000, 1.000000000000000000 ) ) ;
#3848 = VECTOR ( 'NONE', #4479, 1000.000000000000000 ) ;
#3849 = EDGE_LOOP ( 'NONE', ( #1411, #6434 ) ) ;
#3850 = DIRECTION ( 'NONE',  ( 0.000000000000000000, 1.000000000000000000, 0.000000000000000000 ) ) ;
#3851 = CARTESIAN_POINT ( 'NONE',  ( 130.0020000000000095, 3.000000000000000000, -40.55599999999999739 ) ) ;
#3852 = AXIS2_PLACEMENT_3D ( 'NONE', #7404, #7449, #1285 ) ;
#3853 = AXIS2_PLACEMENT_3D ( 'NONE', #8290, #226, #2160 ) ;
#3854 = EDGE_LOOP ( 'NONE', ( #7043, #4858, #2624, #1311 ) ) ;
#3855 = CARTESIAN_POINT ( 'NONE',  ( 40.55599999999999739, 0.000000000000000000, -122.7240000000000038 ) ) ;
#3856 = EDGE_CURVE ( 'NONE', #887, #777, #7118, .T. ) ;
#3857 = CIRCLE ( 'NONE', #4850, 5.499999999999998224 ) ;
#3858 = AXIS2_PLACEMENT_3D ( 'NONE', #8275, #6122, #668 ) ;
#3859 = FACE_OUTER_BOUND ( 'NONE', #2807, .T. ) ;
#3860 = ORIENTED_EDGE ( 'NONE', *, *, #7703, .F. ) ;
#3861 = EDGE_CURVE ( 'NONE', #8329, #515, #1845, .T. ) ;
#3862 = DIRECTION ( 'NONE',  ( 0.000000000000000000, -1.000000000000000000, 0.000000000000000000 ) ) ;
#3863 = VERTEX_POINT ( 'NONE', #319 ) ;
#3864 = DIRECTION ( 'NONE',  ( 0.000000000000000000, 0.000000000000000000, 1.000000000000000000 ) ) ;
#3865 = VECTOR ( 'NONE', #7511, 1000.000000000000000 ) ;
#3866 = DIRECTION ( 'NONE',  ( 0.000000000000000000, -1.000000000000000000, 0.000000000000000000 ) ) ;
#3867 = EDGE_CURVE ( 'NONE', #8675, #1267, #6849, .T. ) ;
#3868 = CARTESIAN_POINT ( 'NONE',  ( 117.2239999999999895, 3.000000000000000000, -9.499999999999996447 ) ) ;
#3869 = CARTESIAN_POINT ( 'NONE',  ( 117.2239999999999895, 3.000000000000000000, -130.0020000000000095 ) ) ;
#3870 = ORIENTED_EDGE ( 'NONE', *, *, #3752, .T. ) ;
#3871 = ORIENTED_EDGE ( 'NONE', *, *, #136, .F. ) ;
#3872 = EDGE_CURVE ( 'NONE', #878, #8626, #2708, .T. ) ;
#3873 = AXIS2_PLACEMENT_3D ( 'NONE', #1195, #3843, #1870 ) ;
#3874 = EDGE_CURVE ( 'NONE', #6281, #6824, #8690, .T. ) ;
#3875 = DIRECTION ( 'NONE',  ( 0.000000000000000000, 1.000000000000000000, 0.000000000000000000 ) ) ;
#3876 = EDGE_LOOP ( 'NONE', ( #2667, #3695, #4183, #2134 ) ) ;
#3877 = EDGE_LOOP ( 'NONE', ( #3917, #8191, #1720, #8025 ) ) ;
#3878 = CARTESIAN_POINT ( 'NONE',  ( 130.0020000000000095, 0.000000000000000000, -130.0020000000000095 ) ) ;
#3879 = EDGE_CURVE ( 'NONE', #2539, #402, #2558, .T. ) ;
#3880 = DIRECTION ( 'NONE',  ( 0.000000000000000000, -0.000000000000000000, 1.000000000000000000 ) ) ;
#3881 = CARTESIAN_POINT ( 'NONE',  ( 27.77799999999999869, 0.000000000000000000, -33.27799999999999159 ) ) ;
#3882 = CARTESIAN_POINT ( 'NONE',  ( 78.89000000000000057, 3.000000000000000000, -91.66800000000000637 ) ) ;
#3883 = EDGE_LOOP ( 'NONE', ( #7256, #7763, #5770, #5321 ) ) ;
#3884 = EDGE_CURVE ( 'NONE', #7946, #6072, #6695, .T. ) ;
#3885 = EDGE_LOOP ( 'NONE', ( #8124, #8593 ) ) ;
#3886 = DIRECTION ( 'NONE',  ( 0.000000000000000000, -1.000000000000000000, 0.000000000000000000 ) ) ;
#3887 = ORIENTED_EDGE ( 'NONE', *, *, #4674, .T. ) ;
#3888 = FACE_OUTER_BOUND ( 'NONE', #1713, .T. ) ;
#3889 = EDGE_LOOP ( 'NONE', ( #8345, #2750, #8218, #1362 ) ) ;
#3890 = FACE_OUTER_BOUND ( 'NONE', #7718, .T. ) ;
#3891 = DIRECTION ( 'NONE',  ( 0.000000000000000000, 1.000000000000000000, 0.000000000000000000 ) ) ;
#3892 = FACE_BOUND ( 'NONE', #2361, .T. ) ;
#3893 = CARTESIAN_POINT ( 'NONE',  ( 40.55599999999999739, 0.000000000000000000, -40.55599999999999739 ) ) ;
#3894 = ORIENTED_EDGE ( 'NONE', *, *, #697, .F. ) ;
#3895 = CARTESIAN_POINT ( 'NONE',  ( 66.11200000000000898, 3.000000000000000000, -53.33399999999999608 ) ) ;
#3896 = CYLINDRICAL_SURFACE ( 'NONE', #3434, 5.500000000000005329 ) ;
#3897 = CIRCLE ( 'NONE', #8318, 5.500000000000005329 ) ;
#3898 = ORIENTED_EDGE ( 'NONE', *, *, #3213, .F. ) ;
#3899 = PLANE ( 'NONE',  #3289 ) ;
#3900 = CIRCLE ( 'NONE', #7888, 2.250000000000001776 ) ;
#3901 = CARTESIAN_POINT ( 'NONE',  ( 5.000000000000000000, 10.00000000000000000, -2.750000000000000444 ) ) ;
#3902 = ORIENTED_EDGE ( 'NONE', *, *, #5512, .T. ) ;
#3903 = DIRECTION ( 'NONE',  ( 0.000000000000000000, -1.000000000000000000, 0.000000000000000000 ) ) ;
#3904 = ORIENTED_EDGE ( 'NONE', *, *, #2105, .F. ) ;
#3905 = AXIS2_PLACEMENT_3D ( 'NONE', #8818, #2116, #4139 ) ;
#3906 = FACE_OUTER_BOUND ( 'NONE', #7844, .T. ) ;
#3907 = AXIS2_PLACEMENT_3D ( 'NONE', #5034, #5627, #4324 ) ;
#3908 = DIRECTION ( 'NONE',  ( 0.000000000000000000, -1.000000000000000000, 0.000000000000000000 ) ) ;
#3909 = CARTESIAN_POINT ( 'NONE',  ( 27.77799999999999869, 3.000000000000000000, -98.94600000000001216 ) ) ;
#3910 = CARTESIAN_POINT ( 'NONE',  ( 140.0000000000000000, 10.00000000000000000, -140.0000000000000000 ) ) ;
#3911 = PLANE ( 'NONE',  #6068 ) ;
#3912 = VECTOR ( 'NONE', #3550, 1000.000000000000000 ) ;
#3913 = ORIENTED_EDGE ( 'NONE', *, *, #3507, .T. ) ;
#3914 = EDGE_LOOP ( 'NONE', ( #7428, #6571, #566, #8255 ) ) ;
#3915 = DIRECTION ( 'NONE',  ( 0.000000000000000000, 0.000000000000000000, 1.000000000000000000 ) ) ;
#3916 = ADVANCED_FACE ( 'NONE', ( #3773 ), #3059, .F. ) ;
#3917 = ORIENTED_EDGE ( 'NONE', *, *, #2182, .T. ) ;
#3918 = ORIENTED_EDGE ( 'NONE', *, *, #8024, .T. ) ;
#3919 = FACE_OUTER_BOUND ( 'NONE', #5286, .T. ) ;
#3920 = ADVANCED_FACE ( 'NONE', ( #277 ), #363, .F. ) ;
#3921 = AXIS2_PLACEMENT_3D ( 'NONE', #2474, #5108, #282 ) ;
#3922 = DIRECTION ( 'NONE',  ( 0.000000000000000000, -1.000000000000000000, 0.000000000000000000 ) ) ;
#3923 = DIRECTION ( 'NONE',  ( 0.000000000000000000, -1.000000000000000000, 0.000000000000000000 ) ) ;
#3924 = LINE ( 'NONE', #6637, #2794 ) ;
#3925 = ORIENTED_EDGE ( 'NONE', *, *, #1767, .T. ) ;
#3926 = EDGE_LOOP ( 'NONE', ( #5364, #3750 ) ) ;
#3927 = ADVANCED_FACE ( 'NONE', ( #1076 ), #2427, .F. ) ;
#3928 = DIRECTION ( 'NONE',  ( 0.000000000000000000, -1.000000000000000000, 0.000000000000000000 ) ) ;
#3929 = AXIS2_PLACEMENT_3D ( 'NONE', #2726, #5540, #8088 ) ;
#3930 = ORIENTED_EDGE ( 'NONE', *, *, #7418, .T. ) ;
#3931 = CARTESIAN_POINT ( 'NONE',  ( 40.55599999999999739, 3.000000000000000000, -40.55599999999999739 ) ) ;
#3932 = VERTEX_POINT ( 'NONE', #4480 ) ;
#3933 = DIRECTION ( 'NONE',  ( -0.000000000000000000, -1.000000000000000000, -0.000000000000000000 ) ) ;
#3934 = ADVANCED_FACE ( 'NONE', ( #790 ), #6916, .F. ) ;
#3935 = CARTESIAN_POINT ( 'NONE',  ( 78.89000000000000057, 3.000000000000000000, -15.00000000000000000 ) ) ;
#3936 = CIRCLE ( 'NONE', #492, 5.500000000000018652 ) ;
#3938 = FACE_BOUND ( 'NONE', #2535, .T. ) ;
#3937 = VECTOR ( 'NONE', #1724, 1000.000000000000000 ) ;
#3939 = CARTESIAN_POINT ( 'NONE',  ( 104.4459999999999980, 3.000000000000000000, -71.61200000000000898 ) ) ;
#3940 = DIRECTION ( 'NONE',  ( 0.000000000000000000, -1.000000000000000000, 0.000000000000000000 ) ) ;
#3941 = ORIENTED_EDGE ( 'NONE', *, *, #7626, .T. ) ;
#3942 = ADVANCED_FACE ( 'NONE', ( #407 ), #1658, .F. ) ;
#3943 = PLANE ( 'NONE',  #6674 ) ;
#3944 = CYLINDRICAL_SURFACE ( 'NONE', #3574, 5.500000000000005329 ) ;
#3945 = CC_DESIGN_APPROVAL ( #2828, ( #1645 ) ) ;
#3946 = ORIENTED_EDGE ( 'NONE', *, *, #4159, .T. ) ;
#3947 = CARTESIAN_POINT ( 'NONE',  ( 130.0020000000000095, 3.000000000000000000, -22.27799999999997738 ) ) ;
#3948 = CARTESIAN_POINT ( 'NONE',  ( 66.11200000000000898, 0.000000000000000000, -20.50000000000000355 ) ) ;
#3949 = ORIENTED_EDGE ( 'NONE', *, *, #5943, .T. ) ;
#3950 = DIRECTION ( 'NONE',  ( 0.000000000000000000, -1.000000000000000000, 0.000000000000000000 ) ) ;
#3951 = ORIENTED_EDGE ( 'NONE', *, *, #8362, .F. ) ;
#3952 = CYLINDRICAL_SURFACE ( 'NONE', #6130, 5.500000000000018652 ) ;
#3953 = DIRECTION ( 'NONE',  ( 0.000000000000000000, 0.000000000000000000, 1.000000000000000000 ) ) ;
#3954 = AXIS2_PLACEMENT_3D ( 'NONE', #63, #7390, #2800 ) ;
#3955 = CARTESIAN_POINT ( 'NONE',  ( 117.2239999999999895, 3.000000000000000000, -15.00000000000000000 ) ) ;
#3956 = PERSON_AND_ORGANIZATION_ROLE ( 'creator' ) ;
#3957 = EDGE_LOOP ( 'NONE', ( #1087, #8615 ) ) ;
#3958 = ORIENTED_EDGE ( 'NONE', *, *, #5235, .F. ) ;
#3959 = FACE_OUTER_BOUND ( 'NONE', #3117, .T. ) ;
#3960 = CIRCLE ( 'NONE', #3818, 5.500000000000005329 ) ;
#3961 = EDGE_LOOP ( 'NONE', ( #3152, #4337 ) ) ;
#3962 = EDGE_LOOP ( 'NONE', ( #4543, #840 ) ) ;
#3963 = DIRECTION ( 'NONE',  ( 0.000000000000000000, 0.000000000000000000, 1.000000000000000000 ) ) ;
#3964 = CARTESIAN_POINT ( 'NONE',  ( 0.000000000000000000, 10.00000000000000000, 0.000000000000000000 ) ) ;
#3965 = DIRECTION ( 'NONE',  ( 0.000000000000000000, 1.000000000000000000, 0.000000000000000000 ) ) ;
#3966 = EDGE_CURVE ( 'NONE', #2352, #4279, #5198, .T. ) ;
#3967 = DIRECTION ( 'NONE',  ( 0.000000000000000000, 1.000000000000000000, 0.000000000000000000 ) ) ;
#3968 = CIRCLE ( 'NONE', #5806, 5.500000000000018652 ) ;
#3969 = VERTEX_POINT ( 'NONE', #5690 ) ;
#3970 = ORIENTED_EDGE ( 'NONE', *, *, #1888, .T. ) ;
#3971 = EDGE_CURVE ( 'NONE', #6390, #3676, #273, .T. ) ;
#3972 = DIRECTION ( 'NONE',  ( 0.000000000000000000, 0.000000000000000000, 1.000000000000000000 ) ) ;
#3973 = ORIENTED_EDGE ( 'NONE', *, *, #8409, .T. ) ;
#3974 = FACE_OUTER_BOUND ( 'NONE', #4140, .T. ) ;
#3975 = CIRCLE ( 'NONE', #7247, 5.499999999999998224 ) ;
#3976 = ORIENTED_EDGE ( 'NONE', *, *, #7650, .F. ) ;
#3977 = DIRECTION ( 'NONE',  ( 0.000000000000000000, -1.000000000000000000, 0.000000000000000000 ) ) ;
#3978 = CARTESIAN_POINT ( 'NONE',  ( 66.11200000000000898, 3.000000000000000000, -33.27799999999999869 ) ) ;
#3979 = CIRCLE ( 'NONE', #1971, 5.500000000000003553 ) ;
#3980 = ADVANCED_FACE ( 'NONE', ( #6082 ), #3952, .F. ) ;
#3981 = CYLINDRICAL_SURFACE ( 'NONE', #5773, 5.500000000000005329 ) ;
#3982 = CARTESIAN_POINT ( 'NONE',  ( 117.2239999999999895, 3.000000000000000000, -33.27799999999999869 ) ) ;
#3983 = AXIS2_PLACEMENT_3D ( 'NONE', #8314, #2906, #964 ) ;
#3984 = FACE_OUTER_BOUND ( 'NONE', #3229, .T. ) ;
#3985 = ORIENTED_EDGE ( 'NONE', *, *, #7536, .T. ) ;
#3986 = EDGE_CURVE ( 'NONE', #7045, #2514, #6402, .T. ) ;
#3987 = CARTESIAN_POINT ( 'NONE',  ( 15.00000000000000000, 3.000000000000000000, -66.11200000000000898 ) ) ;
#3988 = AXIS2_PLACEMENT_3D ( 'NONE', #7484, #3552, #2885 ) ;
#3989 = DIRECTION ( 'NONE',  ( 0.000000000000000000, -1.000000000000000000, 0.000000000000000000 ) ) ;
#3990 = ORIENTED_EDGE ( 'NONE', *, *, #4400, .T. ) ;
#3991 = DIRECTION ( 'NONE',  ( 0.000000000000000000, -1.000000000000000000, 0.000000000000000000 ) ) ;
#3992 = CIRCLE ( 'NONE', #6843, 4.000000000000001776 ) ;
#3993 = VECTOR ( 'NONE', #7541, 1000.000000000000000 ) ;
#3994 = EDGE_CURVE ( 'NONE', #7398, #2138, #3136, .T. ) ;
#3995 = VECTOR ( 'NONE', #3184, 1000.000000000000000 ) ;
#3996 = CARTESIAN_POINT ( 'NONE',  ( 91.66800000000000637, 0.000000000000000000, -71.61200000000000898 ) ) ;
#3997 = ORIENTED_EDGE ( 'NONE', *, *, #4919, .T. ) ;
#3998 = VECTOR ( 'NONE', #8057, 1000.000000000000000 ) ;
#3999 = LINE ( 'NONE', #4569, #3848 ) ;
#4000 = VERTEX_POINT ( 'NONE', #3321 ) ;
#4001 = DIRECTION ( 'NONE',  ( 0.000000000000000000, 1.000000000000000000, 0.000000000000000000 ) ) ;
#4002 = AXIS2_PLACEMENT_3D ( 'NONE', #3413, #6941, #1390 ) ;
#4003 = FACE_OUTER_BOUND ( 'NONE', #3733, .T. ) ;
#4004 = CIRCLE ( 'NONE', #7709, 5.500000000000018652 ) ;
#4005 = CARTESIAN_POINT ( 'NONE',  ( 66.11200000000000898, 3.000000000000000000, -78.89000000000000057 ) ) ;
#4006 = DIRECTION ( 'NONE',  ( 0.000000000000000000, -1.000000000000000000, 0.000000000000000000 ) ) ;
#4007 = PERSON_AND_ORGANIZATION ( #609, #1786 ) ;
#4008 = ORIENTED_EDGE ( 'NONE', *, *, #4316, .F. ) ;
#4009 = VERTEX_POINT ( 'NONE', #4045 ) ;
#4010 = CARTESIAN_POINT ( 'NONE',  ( 78.89000000000000057, 3.000000000000000000, -73.39000000000000057 ) ) ;
#4011 = AXIS2_PLACEMENT_3D ( 'NONE', #4037, #5990, #6572 ) ;
#4012 = CIRCLE ( 'NONE', #2870, 5.499999999999996447 ) ;
#4013 = VERTEX_POINT ( 'NONE', #5330 ) ;
#4014 = ORIENTED_EDGE ( 'NONE', *, *, #6045, .T. ) ;
#4015 = FACE_OUTER_BOUND ( 'NONE', #116, .T. ) ;
#4016 = CARTESIAN_POINT ( 'NONE',  ( 27.77799999999999869, 0.000000000000000000, -46.05599999999999028 ) ) ;
#4017 = FACE_OUTER_BOUND ( 'NONE', #7788, .T. ) ;
#4018 = CIRCLE ( 'NONE', #6573, 5.500000000000005329 ) ;
#4019 = DIRECTION ( 'NONE',  ( 0.000000000000000000, -1.000000000000000000, 0.000000000000000000 ) ) ;
#4020 = ORIENTED_EDGE ( 'NONE', *, *, #6418, .F. ) ;
#4021 = ORIENTED_EDGE ( 'NONE', *, *, #7860, .F. ) ;
#4022 = CARTESIAN_POINT ( 'NONE',  ( 40.55599999999999739, 0.000000000000000000, -130.0020000000000095 ) ) ;
#4023 = ORIENTED_EDGE ( 'NONE', *, *, #1677, .F. ) ;
#4024 = CARTESIAN_POINT ( 'NONE',  ( 66.11200000000000898, 3.000000000000000000, -91.66800000000000637 ) ) ;
#4025 = ORIENTED_EDGE ( 'NONE', *, *, #6384, .T. ) ;
#4026 = DIRECTION ( 'NONE',  ( 0.000000000000000000, 1.000000000000000000, 0.000000000000000000 ) ) ;
#4027 = FACE_OUTER_BOUND ( 'NONE', #5662, .T. ) ;
#4028 = ADVANCED_FACE ( 'NONE', ( #7293 ), #543, .F. ) ;
#4029 = CARTESIAN_POINT ( 'NONE',  ( 91.66800000000000637, 3.000000000000000000, -66.11200000000000898 ) ) ;
#4030 = DIRECTION ( 'NONE',  ( 0.000000000000000000, 0.000000000000000000, 1.000000000000000000 ) ) ;
#4031 = CARTESIAN_POINT ( 'NONE',  ( 27.77799999999999869, 0.000000000000000000, -35.05599999999999739 ) ) ;
#4032 = ORIENTED_EDGE ( 'NONE', *, *, #4571, .F. ) ;
#4033 = DIRECTION ( 'NONE',  ( 0.000000000000000000, 0.000000000000000000, -1.000000000000000000 ) ) ;
#4034 = LINE ( 'NONE', #1297, #1709 ) ;
#4035 = EDGE_CURVE ( 'NONE', #73, #1864, #4843, .T. ) ;
#4036 = ORIENTED_EDGE ( 'NONE', *, *, #8446, .T. ) ;
#4037 = CARTESIAN_POINT ( 'NONE',  ( 40.55599999999999739, 3.000000000000000000, -91.66800000000000637 ) ) ;
#4038 = ADVANCED_FACE ( 'NONE', ( #8768 ), #8812, .F. ) ;
#4039 = FACE_OUTER_BOUND ( 'NONE', #1576, .T. ) ;
#4040 = ORIENTED_EDGE ( 'NONE', *, *, #1065, .F. ) ;
#4041 = CARTESIAN_POINT ( 'NONE',  ( 53.33399999999999608, 3.000000000000000000, -78.89000000000000057 ) ) ;
#4042 = AXIS2_PLACEMENT_3D ( 'NONE', #2223, #3655, #4450 ) ;
#4043 = EDGE_CURVE ( 'NONE', #2253, #742, #7838, .T. ) ;
#4044 = EDGE_CURVE ( 'NONE', #6664, #931, #7377, .T. ) ;
#4045 = CARTESIAN_POINT ( 'NONE',  ( 140.0000000000000000, 4.000000000000000000, -137.7500000000000000 ) ) ;
#4046 = EDGE_CURVE ( 'NONE', #3530, #1468, #8411, .T. ) ;
#4047 = AXIS2_PLACEMENT_3D ( 'NONE', #3017, #5022, #7074 ) ;
#4048 = DIRECTION ( 'NONE',  ( 0.000000000000000000, 1.000000000000000000, 0.000000000000000000 ) ) ;
#4049 = DIRECTION ( 'NONE',  ( 0.000000000000000000, 1.000000000000000000, 0.000000000000000000 ) ) ;
#4050 = CYLINDRICAL_SURFACE ( 'NONE', #1839, 5.500000000000005329 ) ;
#4051 = CARTESIAN_POINT ( 'NONE',  ( 53.33399999999999608, 3.000000000000000000, -98.94600000000001216 ) ) ;
#4052 = ORIENTED_EDGE ( 'NONE', *, *, #7084, .T. ) ;
#4053 = CYLINDRICAL_SURFACE ( 'NONE', #5552, 4.000000000000003553 ) ;
#4054 = ADVANCED_FACE ( 'NONE', ( #3906 ), #6757, .F. ) ;
#4055 = CIRCLE ( 'NONE', #7175, 5.500000000000005329 ) ;
#4056 = ORIENTED_EDGE ( 'NONE', *, *, #3538, .F. ) ;
#4057 = ORIENTED_EDGE ( 'NONE', *, *, #7736, .F. ) ;
#4058 = DIRECTION ( 'NONE',  ( 0.000000000000000000, -1.000000000000000000, 0.000000000000000000 ) ) ;
#4059 = DIRECTION ( 'NONE',  ( 0.000000000000000000, 1.000000000000000000, 0.000000000000000000 ) ) ;
#4060 = LINE ( 'NONE', #605, #8471 ) ;
#4061 = DIRECTION ( 'NONE',  ( 0.000000000000000000, 1.000000000000000000, 0.000000000000000000 ) ) ;
#4062 = AXIS2_PLACEMENT_3D ( 'NONE', #6681, #5482, #560 ) ;
#4063 = ORIENTED_EDGE ( 'NONE', *, *, #2823, .F. ) ;
#4064 = ORIENTED_EDGE ( 'NONE', *, *, #5555, .F. ) ;
#4065 = CARTESIAN_POINT ( 'NONE',  ( 78.89000000000000057, 3.000000000000000000, -33.27799999999999869 ) ) ;
#4066 = AXIS2_PLACEMENT_3D ( 'NONE', #861, #227, #149 ) ;
#4067 = ORIENTED_EDGE ( 'NONE', *, *, #8087, .F. ) ;
#4068 = FACE_OUTER_BOUND ( 'NONE', #3610, .T. ) ;
#4069 = CIRCLE ( 'NONE', #6338, 5.499999999999998224 ) ;
#4070 = EDGE_LOOP ( 'NONE', ( #1157, #3298, #370, #5794 ) ) ;
#4071 = DIRECTION ( 'NONE',  ( 0.000000000000000000, 1.000000000000000000, 0.000000000000000000 ) ) ;
#4072 = DIRECTION ( 'NONE',  ( 0.000000000000000000, -0.000000000000000000, 1.000000000000000000 ) ) ;
#4073 = CYLINDRICAL_SURFACE ( 'NONE', #8484, 5.500000000000005329 ) ;
#4074 = DIRECTION ( 'NONE',  ( 0.000000000000000000, 1.000000000000000000, 0.000000000000000000 ) ) ;
#4075 = AXIS2_PLACEMENT_3D ( 'NONE', #5629, #2864, #5079 ) ;
#4076 = CARTESIAN_POINT ( 'NONE',  ( 91.66800000000000637, 3.000000000000000000, -53.33399999999999608 ) ) ;
#4077 = ORIENTED_EDGE ( 'NONE', *, *, #7972, .F. ) ;
#4078 = CARTESIAN_POINT ( 'NONE',  ( 53.33399999999999608, 0.000000000000000000, -15.00000000000000000 ) ) ;
#4079 = DIRECTION ( 'NONE',  ( 0.000000000000000000, 1.000000000000000000, 0.000000000000000000 ) ) ;
#4080 = ORIENTED_EDGE ( 'NONE', *, *, #33, .F. ) ;
#4081 = CARTESIAN_POINT ( 'NONE',  ( 78.89000000000000057, 3.000000000000000000, -47.83399999999999608 ) ) ;
#4082 = AXIS2_PLACEMENT_3D ( 'NONE', #294, #882, #3029 ) ;
#4083 = CARTESIAN_POINT ( 'NONE',  ( 91.66800000000000637, 3.000000000000000000, -35.05599999999999028 ) ) ;
#4084 = EDGE_CURVE ( 'NONE', #6382, #744, #7410, .T. ) ;
#4085 = DIRECTION ( 'NONE',  ( 0.000000000000000000, 1.000000000000000000, 0.000000000000000000 ) ) ;
#4086 = ORIENTED_EDGE ( 'NONE', *, *, #2161, .T. ) ;
#4087 = DIRECTION ( 'NONE',  ( 0.000000000000000000, 0.000000000000000000, 1.000000000000000000 ) ) ;
#4088 = LOCAL_TIME ( 0, 20, 15.00000000000000000, #4660 ) ;
#4089 = EDGE_CURVE ( 'NONE', #8081, #6725, #7120, .T. ) ;
#4090 = CYLINDRICAL_SURFACE ( 'NONE', #4002, 5.500000000000005329 ) ;
#4091 = DIRECTION ( 'NONE',  ( 0.000000000000000000, 0.000000000000000000, -1.000000000000000000 ) ) ;
#4092 = FACE_OUTER_BOUND ( 'NONE', #4874, .T. ) ;
#4093 = DIRECTION ( 'NONE',  ( 0.000000000000000000, 0.000000000000000000, -1.000000000000000000 ) ) ;
#4094 = ADVANCED_FACE ( 'NONE', ( #2695 ), #3279, .F. ) ;
#4095 = DIRECTION ( 'NONE',  ( 0.000000000000000000, -1.000000000000000000, 0.000000000000000000 ) ) ;
#4096 = VERTEX_POINT ( 'NONE', #7969 ) ;
#4097 = LINE ( 'NONE', #2164, #545 ) ;
#4098 = EDGE_CURVE ( 'NONE', #1096, #6072, #1841, .T. ) ;
#4099 = EDGE_CURVE ( 'NONE', #4214, #3345, #8016, .T. ) ;
#4100 = ORIENTED_EDGE ( 'NONE', *, *, #8069, .F. ) ;
#4101 = VERTEX_POINT ( 'NONE', #1214 ) ;
#4102 = CARTESIAN_POINT ( 'NONE',  ( 27.77799999999999869, 3.000000000000000000, -35.05599999999999739 ) ) ;
#4103 = CARTESIAN_POINT ( 'NONE',  ( 130.0020000000000095, 3.000000000000000000, -86.16799999999997794 ) ) ;
#4104 = FACE_OUTER_BOUND ( 'NONE', #4278, .T. ) ;
#4105 = EDGE_CURVE ( 'NONE', #875, #448, #3275, .T. ) ;
#4106 = DIRECTION ( 'NONE',  ( 0.000000000000000000, 1.000000000000000000, 0.000000000000000000 ) ) ;
#4107 = ORIENTED_EDGE ( 'NONE', *, *, #1248, .T. ) ;
#4108 = VECTOR ( 'NONE', #4669, 1000.000000000000000 ) ;
#4109 = ORIENTED_EDGE ( 'NONE', *, *, #4953, .F. ) ;
#4110 = CARTESIAN_POINT ( 'NONE',  ( 53.33399999999999608, 0.000000000000000000, -124.5019999999999953 ) ) ;
#4111 = VERTEX_POINT ( 'NONE', #6894 ) ;
#4112 = DIRECTION ( 'NONE',  ( 0.000000000000000000, 0.000000000000000000, -1.000000000000000000 ) ) ;
#4113 = ORIENTED_EDGE ( 'NONE', *, *, #529, .F. ) ;
#4114 = DIRECTION ( 'NONE',  ( 0.000000000000000000, -0.000000000000000000, 1.000000000000000000 ) ) ;
#4115 = DIRECTION ( 'NONE',  ( 0.000000000000000000, 0.000000000000000000, -1.000000000000000000 ) ) ;
#4116 = DIRECTION ( 'NONE',  ( 0.000000000000000000, 0.000000000000000000, 1.000000000000000000 ) ) ;
#4117 = ORIENTED_EDGE ( 'NONE', *, *, #209, .T. ) ;
#4118 = CARTESIAN_POINT ( 'NONE',  ( 104.4459999999999980, 3.000000000000000000, -33.27799999999999869 ) ) ;
#4119 = ORIENTED_EDGE ( 'NONE', *, *, #5780, .F. ) ;
#4120 = DIRECTION ( 'NONE',  ( 0.000000000000000000, 0.000000000000000000, -1.000000000000000000 ) ) ;
#4121 = CIRCLE ( 'NONE', #7378, 5.500000000000003553 ) ;
#4122 = CARTESIAN_POINT ( 'NONE',  ( 104.4459999999999980, 3.000000000000000000, -84.39000000000000057 ) ) ;
#4123 = VERTEX_POINT ( 'NONE', #2788 ) ;
#4124 = DIRECTION ( 'NONE',  ( 0.000000000000000000, -1.000000000000000000, 0.000000000000000000 ) ) ;
#4125 = DIRECTION ( 'NONE',  ( 0.000000000000000000, 1.000000000000000000, 0.000000000000000000 ) ) ;
#4126 = CIRCLE ( 'NONE', #4538, 5.500000000000005329 ) ;
#4127 = CARTESIAN_POINT ( 'NONE',  ( 104.4459999999999980, 3.000000000000000000, -104.4459999999999980 ) ) ;
#4128 = ORIENTED_EDGE ( 'NONE', *, *, #5879, .T. ) ;
#4129 = CARTESIAN_POINT ( 'NONE',  ( 104.4459999999999980, 0.000000000000000000, -47.83399999999999608 ) ) ;
#4130 = VECTOR ( 'NONE', #2360, 1000.000000000000000 ) ;
#4131 = DIRECTION ( 'NONE',  ( 0.000000000000000000, 0.000000000000000000, 1.000000000000000000 ) ) ;
#4132 = EDGE_CURVE ( 'NONE', #1714, #4758, #555, .T. ) ;
#4133 = CARTESIAN_POINT ( 'NONE',  ( 66.11200000000000898, 0.000000000000000000, -91.66800000000000637 ) ) ;
#4134 = FACE_BOUND ( 'NONE', #8078, .T. ) ;
#4135 = CARTESIAN_POINT ( 'NONE',  ( 27.77799999999999869, 0.000000000000000000, -71.61200000000000898 ) ) ;
#4136 = EDGE_CURVE ( 'NONE', #3435, #7824, #3564, .T. ) ;
#4137 = CIRCLE ( 'NONE', #5269, 2.250000000000009326 ) ;
#4138 = CIRCLE ( 'NONE', #980, 5.500000000000018652 ) ;
#4139 = DIRECTION ( 'NONE',  ( 0.000000000000000000, 0.000000000000000000, 1.000000000000000000 ) ) ;
#4140 = EDGE_LOOP ( 'NONE', ( #550, #6911, #5790, #7958 ) ) ;
#4141 = PLANE ( 'NONE',  #1977 ) ;
#4142 = VECTOR ( 'NONE', #3542, 1000.000000000000000 ) ;
#4143 = ORIENTED_EDGE ( 'NONE', *, *, #4043, .T. ) ;
#4144 = ADVANCED_FACE ( 'NONE', ( #4793 ), #4883, .F. ) ;
#4145 = AXIS2_PLACEMENT_3D ( 'NONE', #7835, #7206, #4439 ) ;
#4146 = AXIS2_PLACEMENT_3D ( 'NONE', #5602, #4970, #897 ) ;
#4147 = EDGE_LOOP ( 'NONE', ( #7773, #596 ) ) ;
#4148 = CARTESIAN_POINT ( 'NONE',  ( 91.66800000000000637, 0.000000000000000000, -104.4459999999999980 ) ) ;
#4149 = CARTESIAN_POINT ( 'NONE',  ( 27.77799999999999869, 3.000000000000000000, -78.89000000000000057 ) ) ;
#4150 = LINE ( 'NONE', #3472, #2200 ) ;
#4151 = ADVANCED_FACE ( 'NONE', ( #728 ), #1349, .F. ) ;
#4152 = CARTESIAN_POINT ( 'NONE',  ( 140.0000000000000000, 4.000000000000000000, -5.000000000000000000 ) ) ;
#4153 = EDGE_LOOP ( 'NONE', ( #8256, #3002, #3958, #3622 ) ) ;
#4154 = VECTOR ( 'NONE', #3991, 1000.000000000000000 ) ;
#4155 = CIRCLE ( 'NONE', #7421, 5.499999999999998224 ) ;
#4156 = ORIENTED_EDGE ( 'NONE', *, *, #5998, .T. ) ;
#4157 = CARTESIAN_POINT ( 'NONE',  ( 91.66800000000000637, 3.000000000000000000, -66.11200000000000898 ) ) ;
#4158 = VERTEX_POINT ( 'NONE', #9 ) ;
#4159 = EDGE_CURVE ( 'NONE', #6072, #7946, #7708, .T. ) ;
#4160 = LINE ( 'NONE', #6875, #2411 ) ;
#4161 = ORIENTED_EDGE ( 'NONE', *, *, #7789, .F. ) ;
#4162 = DIRECTION ( 'NONE',  ( 0.000000000000000000, -1.000000000000000000, 0.000000000000000000 ) ) ;
#4163 = AXIS2_PLACEMENT_3D ( 'NONE', #3665, #219, #6430 ) ;
#4164 = DIRECTION ( 'NONE',  ( 0.000000000000000000, 0.000000000000000000, -1.000000000000000000 ) ) ;
#4165 = EDGE_CURVE ( 'NONE', #236, #7859, #1482, .T. ) ;
#4166 = FACE_BOUND ( 'NONE', #8301, .T. ) ;
#4167 = ORIENTED_EDGE ( 'NONE', *, *, #1495, .F. ) ;
#4168 = CYLINDRICAL_SURFACE ( 'NONE', #2256, 5.500000000000018652 ) ;
#4169 = ORIENTED_EDGE ( 'NONE', *, *, #3971, .T. ) ;
#4170 = DIRECTION ( 'NONE',  ( 0.000000000000000000, 1.000000000000000000, 0.000000000000000000 ) ) ;
#4171 = DIRECTION ( 'NONE',  ( 0.000000000000000000, 0.000000000000000000, 1.000000000000000000 ) ) ;
#4172 = EDGE_LOOP ( 'NONE', ( #4503, #6517 ) ) ;
#4173 = DIRECTION ( 'NONE',  ( 0.000000000000000000, 0.000000000000000000, 1.000000000000000000 ) ) ;
#4174 = DIRECTION ( 'NONE',  ( 0.000000000000000000, 0.000000000000000000, 1.000000000000000000 ) ) ;
#4175 = CARTESIAN_POINT ( 'NONE',  ( 27.77799999999999869, 3.000000000000000000, -40.55599999999999739 ) ) ;
#4176 = ORIENTED_EDGE ( 'NONE', *, *, #8140, .T. ) ;
#4177 = FACE_OUTER_BOUND ( 'NONE', #7499, .T. ) ;
#4178 = DIRECTION ( 'NONE',  ( 0.000000000000000000, 1.000000000000000000, 0.000000000000000000 ) ) ;
#4179 = FACE_BOUND ( 'NONE', #2990, .T. ) ;
#4180 = DIRECTION ( 'NONE',  ( 0.000000000000000000, -1.000000000000000000, 0.000000000000000000 ) ) ;
#4181 = AXIS2_PLACEMENT_3D ( 'NONE', #6243, #2861, #4164 ) ;
#4182 = CARTESIAN_POINT ( 'NONE',  ( 104.4459999999999980, 3.000000000000000000, -135.5020000000000095 ) ) ;
#4183 = ORIENTED_EDGE ( 'NONE', *, *, #8082, .T. ) ;
#4184 = DIRECTION ( 'NONE',  ( 0.000000000000000000, -1.000000000000000000, 0.000000000000000000 ) ) ;
#4185 = EDGE_LOOP ( 'NONE', ( #953, #3341 ) ) ;
#4186 = CIRCLE ( 'NONE', #1321, 5.499999999999991118 ) ;
#4187 = CARTESIAN_POINT ( 'NONE',  ( 27.77799999999999869, 0.000000000000000000, -117.2239999999999895 ) ) ;
#4188 = CARTESIAN_POINT ( 'NONE',  ( 104.4459999999999980, 0.000000000000000000, -91.66800000000000637 ) ) ;
#4189 = DIRECTION ( 'NONE',  ( 0.000000000000000000, -1.000000000000000000, 0.000000000000000000 ) ) ;
#4190 = FACE_OUTER_BOUND ( 'NONE', #8204, .T. ) ;
#4191 = ORIENTED_EDGE ( 'NONE', *, *, #7583, .T. ) ;
#4192 = ADVANCED_FACE ( 'NONE', ( #4839 ), #4090, .F. ) ;
#4193 = AXIS2_PLACEMENT_3D ( 'NONE', #1890, #7882, #5951 ) ;
#4194 = ORIENTED_EDGE ( 'NONE', *, *, #8827, .T. ) ;
#4195 = FACE_OUTER_BOUND ( 'NONE', #2124, .T. ) ;
#4196 = ORIENTED_EDGE ( 'NONE', *, *, #2817, .T. ) ;
#4197 = ADVANCED_FACE ( 'NONE', ( #2917 ), #813, .F. ) ;
#4198 = CARTESIAN_POINT ( 'NONE',  ( 0.000000000000000000, 0.000000000000000000, 0.000000000000000000 ) ) ;
#4199 = VECTOR ( 'NONE', #7573, 1000.000000000000000 ) ;
#4200 = ORIENTED_EDGE ( 'NONE', *, *, #1564, .F. ) ;
#4201 = CARTESIAN_POINT ( 'NONE',  ( 53.33399999999999608, 3.000000000000000000, -53.33399999999999608 ) ) ;
#4202 = AXIS2_PLACEMENT_3D ( 'NONE', #7432, #730, #6084 ) ;
#4203 = PLANE ( 'NONE',  #6309 ) ;
#4204 = DIRECTION ( 'NONE',  ( 0.000000000000000000, 0.000000000000000000, -1.000000000000000000 ) ) ;
#4205 = LINE ( 'NONE', #2266, #8767 ) ;
#4206 = ORIENTED_EDGE ( 'NONE', *, *, #7366, .T. ) ;
#4207 = EDGE_CURVE ( 'NONE', #2623, #7389, #2717, .T. ) ;
#4208 = AXIS2_PLACEMENT_3D ( 'NONE', #3094, #8053, #8629 ) ;
#4209 = ORIENTED_EDGE ( 'NONE', *, *, #4394, .F. ) ;
#4210 = CARTESIAN_POINT ( 'NONE',  ( 53.33399999999999608, 3.000000000000000000, -66.11200000000000898 ) ) ;
#4211 = AXIS2_PLACEMENT_3D ( 'NONE', #3614, #4908, #7636 ) ;
#4212 = EDGE_CURVE ( 'NONE', #1893, #4496, #7563, .T. ) ;
#4213 = PLANE ( 'NONE',  #6564 ) ;
#4214 = VERTEX_POINT ( 'NONE', #3590 ) ;
#4215 = DIRECTION ( 'NONE',  ( 0.000000000000000000, 0.000000000000000000, 1.000000000000000000 ) ) ;
#4216 = CARTESIAN_POINT ( 'NONE',  ( 66.11200000000000898, 3.000000000000000000, -27.77799999999999869 ) ) ;
#4217 = CIRCLE ( 'NONE', #1044, 5.500000000000005329 ) ;
#4218 = EDGE_CURVE ( 'NONE', #6726, #841, #3857, .T. ) ;
#4219 = LINE ( 'NONE', #2875, #8489 ) ;
#4220 = ORIENTED_EDGE ( 'NONE', *, *, #4522, .T. ) ;
#4221 = DIRECTION ( 'NONE',  ( 0.000000000000000000, 0.000000000000000000, -1.000000000000000000 ) ) ;
#4222 = VECTOR ( 'NONE', #8433, 1000.000000000000000 ) ;
#4223 = DIRECTION ( 'NONE',  ( 0.000000000000000000, -0.000000000000000000, 1.000000000000000000 ) ) ;
#4224 = CIRCLE ( 'NONE', #4787, 5.500000000000005329 ) ;
#4225 = LINE ( 'NONE', #3508, #7632 ) ;
#4226 = CYLINDRICAL_SURFACE ( 'NONE', #2280, 5.500000000000005329 ) ;
#4227 = CIRCLE ( 'NONE', #353, 5.499999999999998224 ) ;
#4228 = CYLINDRICAL_SURFACE ( 'NONE', #2912, 5.499999999999991118 ) ;
#4229 = EDGE_LOOP ( 'NONE', ( #4473, #3941, #4923, #3454 ) ) ;
#4230 = CARTESIAN_POINT ( 'NONE',  ( 91.66800000000000637, 0.000000000000000000, -66.11200000000000898 ) ) ;
#4231 = DIRECTION ( 'NONE',  ( 0.000000000000000000, 1.000000000000000000, 0.000000000000000000 ) ) ;
#4232 = CARTESIAN_POINT ( 'NONE',  ( 104.4459999999999980, 3.000000000000000000, -78.89000000000000057 ) ) ;
#4233 = DIRECTION ( 'NONE',  ( 0.000000000000000000, 1.000000000000000000, 0.000000000000000000 ) ) ;
#4234 = FACE_OUTER_BOUND ( 'NONE', #4951, .T. ) ;
#4235 = ORIENTED_EDGE ( 'NONE', *, *, #7650, .T. ) ;
#4236 = ORIENTED_EDGE ( 'NONE', *, *, #592, .T. ) ;
#4237 = CARTESIAN_POINT ( 'NONE',  ( 130.0020000000000095, 3.000000000000000000, -130.0020000000000095 ) ) ;
#4238 = ORIENTED_EDGE ( 'NONE', *, *, #7029, .F. ) ;
#4239 = ORIENTED_EDGE ( 'NONE', *, *, #2170, .T. ) ;
#4240 = FACE_OUTER_BOUND ( 'NONE', #1640, .T. ) ;
#4241 = EDGE_CURVE ( 'NONE', #1955, #4417, #7568, .T. ) ;
#4242 = CARTESIAN_POINT ( 'NONE',  ( 78.89000000000000057, 3.000000000000000000, -53.33399999999999608 ) ) ;
#4243 = CARTESIAN_POINT ( 'NONE',  ( 91.66800000000000637, 3.000000000000000000, -91.66800000000000637 ) ) ;
#4244 = DIRECTION ( 'NONE',  ( 0.000000000000000000, 1.000000000000000000, 0.000000000000000000 ) ) ;
#4245 = ORIENTED_EDGE ( 'NONE', *, *, #305, .F. ) ;
#4246 = ADVANCED_FACE ( 'NONE', ( #4747 ), #677, .F. ) ;
#4247 = ORIENTED_EDGE ( 'NONE', *, *, #4637, .F. ) ;
#4248 = DIRECTION ( 'NONE',  ( 0.000000000000000000, 0.000000000000000000, 1.000000000000000000 ) ) ;
#4249 = DIRECTION ( 'NONE',  ( 0.000000000000000000, 0.000000000000000000, 1.000000000000000000 ) ) ;
#4250 = CIRCLE ( 'NONE', #2820, 5.500000000000005329 ) ;
#4251 = ORIENTED_EDGE ( 'NONE', *, *, #1730, .T. ) ;
#4252 = LINE ( 'NONE', #6077, #5992 ) ;
#4253 = EDGE_CURVE ( 'NONE', #2238, #600, #2199, .T. ) ;
#4254 = CARTESIAN_POINT ( 'NONE',  ( 40.55599999999999739, 0.000000000000000000, -130.0020000000000095 ) ) ;
#4255 = EDGE_CURVE ( 'NONE', #402, #2539, #4994, .T. ) ;
#4256 = AXIS2_PLACEMENT_3D ( 'NONE', #3754, #3083, #8576 ) ;
#4257 = CARTESIAN_POINT ( 'NONE',  ( 53.33399999999999608, 0.000000000000000000, -53.33399999999999608 ) ) ;
#4258 = ORIENTED_EDGE ( 'NONE', *, *, #4623, .T. ) ;
#4259 = DIRECTION ( 'NONE',  ( 0.000000000000000000, 1.000000000000000000, 0.000000000000000000 ) ) ;
#4260 = DIRECTION ( 'NONE',  ( 0.000000000000000000, 0.000000000000000000, 1.000000000000000000 ) ) ;
#4261 = EDGE_CURVE ( 'NONE', #6778, #996, #5468, .T. ) ;
#4262 = AXIS2_PLACEMENT_3D ( 'NONE', #3987, #6702, #580 ) ;
#4263 = CARTESIAN_POINT ( 'NONE',  ( 104.4459999999999980, 3.000000000000000000, -53.33399999999999608 ) ) ;
#4264 = DIRECTION ( 'NONE',  ( 0.000000000000000000, 1.000000000000000000, 0.000000000000000000 ) ) ;
#4265 = EDGE_CURVE ( 'NONE', #8833, #3863, #6562, .T. ) ;
#4266 = LINE ( 'NONE', #1613, #1754 ) ;
#4267 = ORIENTED_EDGE ( 'NONE', *, *, #1944, .T. ) ;
#4268 = DIRECTION ( 'NONE',  ( 0.000000000000000000, -1.000000000000000000, 0.000000000000000000 ) ) ;
#4269 = AXIS2_PLACEMENT_3D ( 'NONE', #7994, #7141, #7315 ) ;
#4270 = AXIS2_PLACEMENT_3D ( 'NONE', #2965, #1657, #8499 ) ;
#4271 = CARTESIAN_POINT ( 'NONE',  ( 27.77799999999999869, 3.000000000000000000, -53.33399999999999608 ) ) ;
#4272 = CIRCLE ( 'NONE', #1552, 5.499999999999998224 ) ;
#4273 = CARTESIAN_POINT ( 'NONE',  ( 117.2239999999999895, 3.000000000000000000, -117.2239999999999895 ) ) ;
#4274 = AXIS2_PLACEMENT_3D ( 'NONE', #4237, #788, #3565 ) ;
#4275 = DIRECTION ( 'NONE',  ( 0.000000000000000000, 1.000000000000000000, 0.000000000000000000 ) ) ;
#4276 = DIRECTION ( 'NONE',  ( 0.000000000000000000, -1.000000000000000000, 0.000000000000000000 ) ) ;
#4277 = EDGE_LOOP ( 'NONE', ( #3521, #4652, #7885, #8211 ) ) ;
#4278 = EDGE_LOOP ( 'NONE', ( #583, #6079 ) ) ;
#4279 = VERTEX_POINT ( 'NONE', #3762 ) ;
#4280 = FACE_BOUND ( 'NONE', #8177, .T. ) ;
#4281 = CIRCLE ( 'NONE', #5988, 5.500000000000005329 ) ;
#4282 = ORIENTED_EDGE ( 'NONE', *, *, #3050, .T. ) ;
#4283 = ORIENTED_EDGE ( 'NONE', *, *, #3224, .T. ) ;
#4284 = CYLINDRICAL_SURFACE ( 'NONE', #2240, 5.500000000000005329 ) ;
#4285 = FACE_OUTER_BOUND ( 'NONE', #1187, .T. ) ;
#4286 = LINE ( 'NONE', #6293, #3765 ) ;
#4287 = DIRECTION ( 'NONE',  ( 0.000000000000000000, -1.000000000000000000, 0.000000000000000000 ) ) ;
#4288 = EDGE_LOOP ( 'NONE', ( #8149, #4726 ) ) ;
#4289 = ORIENTED_EDGE ( 'NONE', *, *, #6095, .T. ) ;
#4290 = DIRECTION ( 'NONE',  ( 0.000000000000000000, 1.000000000000000000, 0.000000000000000000 ) ) ;
#4291 = CYLINDRICAL_SURFACE ( 'NONE', #7400, 5.500000000000005329 ) ;
#4292 = AXIS2_PLACEMENT_3D ( 'NONE', #4650, #8669, #4173 ) ;
#4293 = ORIENTED_EDGE ( 'NONE', *, *, #262, .T. ) ;
#4294 = CARTESIAN_POINT ( 'NONE',  ( 15.00000000000000000, 3.000000000000000000, -109.9459999999999837 ) ) ;
#4295 = EDGE_CURVE ( 'NONE', #3345, #1878, #984, .T. ) ;
#4296 = DIRECTION ( 'NONE',  ( 0.000000000000000000, -0.000000000000000000, 1.000000000000000000 ) ) ;
#4297 = AXIS2_PLACEMENT_3D ( 'NONE', #1287, #4026, #31 ) ;
#4298 = DIRECTION ( 'NONE',  ( 0.000000000000000000, -1.000000000000000000, 0.000000000000000000 ) ) ;
#4299 = VERTEX_POINT ( 'NONE', #4383 ) ;
#4300 = ADVANCED_FACE ( 'NONE', ( #8536 ), #5146, .F. ) ;
#4301 = DIRECTION ( 'NONE',  ( 0.000000000000000000, -1.000000000000000000, 0.000000000000000000 ) ) ;
#4302 = DIRECTION ( 'NONE',  ( 0.000000000000000000, -1.000000000000000000, 0.000000000000000000 ) ) ;
#4303 = EDGE_CURVE ( 'NONE', #721, #7738, #7847, .T. ) ;
#4304 = DIRECTION ( 'NONE',  ( 0.000000000000000000, 0.000000000000000000, -1.000000000000000000 ) ) ;
#4305 = DIRECTION ( 'NONE',  ( 0.000000000000000000, -1.000000000000000000, 0.000000000000000000 ) ) ;
#4306 = VERTEX_POINT ( 'NONE', #8493 ) ;
#4307 = ADVANCED_FACE ( 'NONE', ( #1023 ), #6391, .F. ) ;
#4308 = CARTESIAN_POINT ( 'NONE',  ( 15.00000000000000000, 0.000000000000000000, -66.11200000000000898 ) ) ;
#4309 = EDGE_CURVE ( 'NONE', #3348, #8675, #1744, .T. ) ;
#4310 = FACE_OUTER_BOUND ( 'NONE', #3634, .T. ) ;
#4311 = CARTESIAN_POINT ( 'NONE',  ( 117.2239999999999895, 0.000000000000000000, -53.33399999999999608 ) ) ;
#4312 = CARTESIAN_POINT ( 'NONE',  ( 15.00000000000000000, 3.000000000000000000, -91.66800000000000637 ) ) ;
#4313 = LINE ( 'NONE', #4857, #640 ) ;
#4314 = ORIENTED_EDGE ( 'NONE', *, *, #3109, .T. ) ;
#4315 = VERTEX_POINT ( 'NONE', #355 ) ;
#4316 = EDGE_CURVE ( 'NONE', #5792, #4771, #1567, .T. ) ;
#4317 = DIRECTION ( 'NONE',  ( 0.000000000000000000, 0.000000000000000000, 1.000000000000000000 ) ) ;
#4318 = EDGE_LOOP ( 'NONE', ( #7760, #6670 ) ) ;
#4319 = AXIS2_PLACEMENT_3D ( 'NONE', #7452, #3485, #32 ) ;
#4320 = ORIENTED_EDGE ( 'NONE', *, *, #2007, .F. ) ;
#4321 = ORIENTED_EDGE ( 'NONE', *, *, #7348, .F. ) ;
#4322 = PLANE ( 'NONE',  #6085 ) ;
#4323 = CARTESIAN_POINT ( 'NONE',  ( 53.33399999999999608, 0.000000000000000000, -9.500000000000003553 ) ) ;
#4324 = DIRECTION ( 'NONE',  ( 0.000000000000000000, 0.000000000000000000, 1.000000000000000000 ) ) ;
#4325 = LINE ( 'NONE', #7050, #7205 ) ;
#4326 = AXIS2_PLACEMENT_3D ( 'NONE', #8503, #4978, #6359 ) ;
#4327 = ORIENTED_EDGE ( 'NONE', *, *, #3816, .T. ) ;
#4328 = EDGE_LOOP ( 'NONE', ( #6641, #3976 ) ) ;
#4329 = DIRECTION ( 'NONE',  ( 0.000000000000000000, 0.000000000000000000, 1.000000000000000000 ) ) ;
#4330 = DIRECTION ( 'NONE',  ( 0.000000000000000000, -1.000000000000000000, 0.000000000000000000 ) ) ;
#4331 = CIRCLE ( 'NONE', #3907, 5.500000000000018652 ) ;
#4332 = ORIENTED_EDGE ( 'NONE', *, *, #5047, .F. ) ;
#4333 = CARTESIAN_POINT ( 'NONE',  ( 40.55599999999999739, 3.000000000000000000, -98.94600000000001216 ) ) ;
#4334 = DIRECTION ( 'NONE',  ( 0.000000000000000000, -1.000000000000000000, 0.000000000000000000 ) ) ;
#4335 = AXIS2_PLACEMENT_3D ( 'NONE', #4386, #2921, #7112 ) ;
#4336 = DIRECTION ( 'NONE',  ( 0.000000000000000000, 0.000000000000000000, 1.000000000000000000 ) ) ;
#4337 = ORIENTED_EDGE ( 'NONE', *, *, #3315, .T. ) ;
#4338 = CARTESIAN_POINT ( 'NONE',  ( 66.11200000000000898, 3.000000000000000000, -53.33399999999999608 ) ) ;
#4339 = ORIENTED_EDGE ( 'NONE', *, *, #6156, .F. ) ;
#4340 = DIRECTION ( 'NONE',  ( 0.000000000000000000, 0.000000000000000000, 1.000000000000000000 ) ) ;
#4341 = VECTOR ( 'NONE', #2342, 1000.000000000000000 ) ;
#4342 = ADVANCED_FACE ( 'NONE', ( #982 ), #7783, .F. ) ;
#4343 = CYLINDRICAL_SURFACE ( 'NONE', #2419, 5.500000000000005329 ) ;
#4344 = DIRECTION ( 'NONE',  ( 0.000000000000000000, 1.000000000000000000, 0.000000000000000000 ) ) ;
#4345 = ORIENTED_EDGE ( 'NONE', *, *, #6588, .F. ) ;
#4346 = ADVANCED_FACE ( 'NONE', ( #5096 ), #6480, .F. ) ;
#4347 = CARTESIAN_POINT ( 'NONE',  ( 27.77799999999999869, 0.000000000000000000, -91.66800000000000637 ) ) ;
#4348 = CARTESIAN_POINT ( 'NONE',  ( 40.55599999999999739, 3.000000000000000000, -66.11200000000000898 ) ) ;
#4349 = AXIS2_PLACEMENT_3D ( 'NONE', #7952, #4555, #1104 ) ;
#4350 = PLANE ( 'NONE',  #2381 ) ;
#4351 = EDGE_CURVE ( 'NONE', #7083, #1801, #4474, .T. ) ;
#4352 = CIRCLE ( 'NONE', #496, 5.500000000000005329 ) ;
#4353 = DIRECTION ( 'NONE',  ( 0.000000000000000000, -1.000000000000000000, 0.000000000000000000 ) ) ;
#4354 = DIRECTION ( 'NONE',  ( 0.000000000000000000, 0.000000000000000000, -1.000000000000000000 ) ) ;
#4355 = DIRECTION ( 'NONE',  ( 0.000000000000000000, 1.000000000000000000, 0.000000000000000000 ) ) ;
#4356 = VERTEX_POINT ( 'NONE', #1700 ) ;
#4357 = ORIENTED_EDGE ( 'NONE', *, *, #7076, .T. ) ;
#4358 = ADVANCED_FACE ( 'NONE', ( #7066 ), #1069, .F. ) ;
#4359 = EDGE_CURVE ( 'NONE', #5407, #17, #5804, .T. ) ;
#4360 = DIRECTION ( 'NONE',  ( 0.000000000000000000, -0.000000000000000000, 1.000000000000000000 ) ) ;
#4361 = VERTEX_POINT ( 'NONE', #397 ) ;
#4362 = CIRCLE ( 'NONE', #648, 5.500000000000005329 ) ;
#4363 = VERTEX_POINT ( 'NONE', #2241 ) ;
#4364 = EDGE_LOOP ( 'NONE', ( #8381, #5074, #3179, #7238 ) ) ;
#4365 = CARTESIAN_POINT ( 'NONE',  ( 130.0020000000000095, 3.000000000000000000, -60.61199999999998766 ) ) ;
#4366 = EDGE_CURVE ( 'NONE', #754, #1443, #7023, .T. ) ;
#4367 = CARTESIAN_POINT ( 'NONE',  ( 130.0020000000000095, 3.000000000000000000, -27.77799999999999869 ) ) ;
#4368 = DIRECTION ( 'NONE',  ( 0.000000000000000000, 1.000000000000000000, 0.000000000000000000 ) ) ;
#4369 = CARTESIAN_POINT ( 'NONE',  ( 104.4459999999999980, 3.000000000000000000, -15.00000000000000000 ) ) ;
#4370 = ORIENTED_EDGE ( 'NONE', *, *, #7198, .T. ) ;
#4371 = EDGE_LOOP ( 'NONE', ( #6497, #7830, #1105, #1204 ) ) ;
#4372 = DIRECTION ( 'NONE',  ( 0.000000000000000000, -1.000000000000000000, 0.000000000000000000 ) ) ;
#4373 = CARTESIAN_POINT ( 'NONE',  ( 15.00000000000000000, 3.000000000000000000, -111.7239999999999895 ) ) ;
#4374 = ORIENTED_EDGE ( 'NONE', *, *, #5514, .T. ) ;
#4375 = CARTESIAN_POINT ( 'NONE',  ( 40.55599999999999739, 0.000000000000000000, -97.16800000000000637 ) ) ;
#4376 = LINE ( 'NONE', #5137, #8246 ) ;
#4377 = AXIS2_PLACEMENT_3D ( 'NONE', #1807, #6678, #7171 ) ;
#4378 = CARTESIAN_POINT ( 'NONE',  ( 15.00000000000000000, 3.000000000000000000, -66.11200000000000898 ) ) ;
#4379 = EDGE_LOOP ( 'NONE', ( #5789, #3467, #5509, #1232 ) ) ;
#4380 = DIRECTION ( 'NONE',  ( 0.000000000000000000, 1.000000000000000000, 0.000000000000000000 ) ) ;
#4381 = AXIS2_PLACEMENT_3D ( 'NONE', #2167, #8374, #2247 ) ;
#4382 = EDGE_LOOP ( 'NONE', ( #7165, #5263, #428, #8555 ) ) ;
#4383 = CARTESIAN_POINT ( 'NONE',  ( 15.00000000000000000, 3.000000000000000000, -124.5019999999999953 ) ) ;
#4384 = AXIS2_PLACEMENT_3D ( 'NONE', #3456, #6216, #7606 ) ;
#4385 = CARTESIAN_POINT ( 'NONE',  ( 53.33399999999999608, 0.000000000000000000, -40.55599999999999739 ) ) ;
#4386 = CARTESIAN_POINT ( 'NONE',  ( 53.33399999999999608, 0.000000000000000000, -104.4459999999999980 ) ) ;
#4387 = ORIENTED_EDGE ( 'NONE', *, *, #7127, .T. ) ;
#4388 = CARTESIAN_POINT ( 'NONE',  ( 130.0020000000000095, 0.000000000000000000, -20.50000000000001776 ) ) ;
#4389 = EDGE_CURVE ( 'NONE', #3183, #6815, #2372, .T. ) ;
#4390 = AXIS2_PLACEMENT_3D ( 'NONE', #2593, #5984, #5938 ) ;
#4391 = CARTESIAN_POINT ( 'NONE',  ( 117.2239999999999895, 3.000000000000000000, -97.16800000000000637 ) ) ;
#4392 = VECTOR ( 'NONE', #2815, 1000.000000000000000 ) ;
#4393 = DIRECTION ( 'NONE',  ( 0.000000000000000000, 0.000000000000000000, -1.000000000000000000 ) ) ;
#4394 = EDGE_CURVE ( 'NONE', #2671, #1136, #2960, .T. ) ;
#4395 = CARTESIAN_POINT ( 'NONE',  ( 91.66800000000000637, 3.000000000000000000, -111.7239999999999895 ) ) ;
#4396 = FACE_OUTER_BOUND ( 'NONE', #641, .T. ) ;
#4397 = CARTESIAN_POINT ( 'NONE',  ( 140.0000000000000000, 4.000000000000000000, -5.000000000000000000 ) ) ;
#4398 = VERTEX_POINT ( 'NONE', #270 ) ;
#4399 = DIRECTION ( 'NONE',  ( 0.000000000000000000, 1.000000000000000000, 0.000000000000000000 ) ) ;
#4400 = EDGE_CURVE ( 'NONE', #3356, #4009, #5727, .T. ) ;
#4401 = ORIENTED_EDGE ( 'NONE', *, *, #4253, .T. ) ;
#4402 = AXIS2_PLACEMENT_3D ( 'NONE', #3931, #3169, #3123 ) ;
#4403 = AXIS2_PLACEMENT_3D ( 'NONE', #2774, #6073, #3357 ) ;
#4404 = ORIENTED_EDGE ( 'NONE', *, *, #6831, .F. ) ;
#4405 = CARTESIAN_POINT ( 'NONE',  ( 27.77799999999999869, 3.000000000000000000, -124.5019999999999953 ) ) ;
#4406 = EDGE_CURVE ( 'NONE', #5822, #7924, #6659, .T. ) ;
#4407 = CARTESIAN_POINT ( 'NONE',  ( 40.55599999999999739, 3.000000000000000000, -60.61200000000000898 ) ) ;
#4408 = DIRECTION ( 'NONE',  ( 0.000000000000000000, -0.000000000000000000, 1.000000000000000000 ) ) ;
#4409 = AXIS2_PLACEMENT_3D ( 'NONE', #8674, #6617, #1074 ) ;
#4410 = FACE_OUTER_BOUND ( 'NONE', #3889, .T. ) ;
#4411 = ORIENTED_EDGE ( 'NONE', *, *, #6050, .F. ) ;
#4412 = AXIS2_PLACEMENT_3D ( 'NONE', #6400, #3728, #5735 ) ;
#4413 = CIRCLE ( 'NONE', #126, 5.499999999999998224 ) ;
#4414 = ORIENTED_EDGE ( 'NONE', *, *, #3554, .F. ) ;
#4415 = EDGE_CURVE ( 'NONE', #3342, #2682, #6613, .T. ) ;
#4416 = CARTESIAN_POINT ( 'NONE',  ( 78.89000000000000057, 0.000000000000000000, -78.89000000000000057 ) ) ;
#4417 = VERTEX_POINT ( 'NONE', #8095 ) ;
#4418 = CARTESIAN_POINT ( 'NONE',  ( 15.00000000000000000, 3.000000000000000000, -22.27799999999999869 ) ) ;
#4419 = VERTEX_POINT ( 'NONE', #3947 ) ;
#4420 = FACE_OUTER_BOUND ( 'NONE', #6461, .T. ) ;
#4421 = ADVANCED_FACE ( 'NONE', ( #2596 ), #5233, .F. ) ;
#4422 = AXIS2_PLACEMENT_3D ( 'NONE', #584, #4563, #5322 ) ;
#4423 = EDGE_CURVE ( 'NONE', #5740, #7223, #3572, .T. ) ;
#4425 = AXIS2_PLACEMENT_3D ( 'NONE', #182, #983, #4885 ) ;
#4424 = FACE_OUTER_BOUND ( 'NONE', #4379, .T. ) ;
#4426 = CARTESIAN_POINT ( 'NONE',  ( 130.0020000000000095, 0.000000000000000000, -78.89000000000000057 ) ) ;
#4427 = DIRECTION ( 'NONE',  ( 0.000000000000000000, 0.000000000000000000, 1.000000000000000000 ) ) ;
#4428 = ORIENTED_EDGE ( 'NONE', *, *, #8238, .T. ) ;
#4429 = ADVANCED_FACE ( 'NONE', ( #8759 ), #2466, .F. ) ;
#4430 = DIRECTION ( 'NONE',  ( 0.000000000000000000, 0.000000000000000000, 1.000000000000000000 ) ) ;
#4431 = AXIS2_PLACEMENT_3D ( 'NONE', #8480, #2951, #926 ) ;
#4432 = ORIENTED_EDGE ( 'NONE', *, *, #152, .F. ) ;
#4433 = DIRECTION ( 'NONE',  ( 0.000000000000000000, 1.000000000000000000, 0.000000000000000000 ) ) ;
#4434 = CIRCLE ( 'NONE', #2153, 5.500000000000003553 ) ;
#4435 = DIRECTION ( 'NONE',  ( 0.000000000000000000, -1.000000000000000000, 0.000000000000000000 ) ) ;
#4436 = DIRECTION ( 'NONE',  ( 0.000000000000000000, 0.000000000000000000, 1.000000000000000000 ) ) ;
#4437 = VERTEX_POINT ( 'NONE', #7371 ) ;
#4438 = CARTESIAN_POINT ( 'NONE',  ( 130.0020000000000095, 3.000000000000000000, -135.5020000000000095 ) ) ;
#4439 = DIRECTION ( 'NONE',  ( 0.000000000000000000, 0.000000000000000000, -1.000000000000000000 ) ) ;
#4440 = CARTESIAN_POINT ( 'NONE',  ( 130.0020000000000095, 0.000000000000000000, -40.55599999999999739 ) ) ;
#4441 = CARTESIAN_POINT ( 'NONE',  ( 130.0020000000000095, 3.000000000000000000, -109.9460000000000122 ) ) ;
#4442 = DIRECTION ( 'NONE',  ( 0.000000000000000000, -1.000000000000000000, 0.000000000000000000 ) ) ;
#4443 = DIRECTION ( 'NONE',  ( 1.000000000000000000, 0.000000000000000000, 0.000000000000000000 ) ) ;
#4444 = ORIENTED_EDGE ( 'NONE', *, *, #1624, .T. ) ;
#4445 = ORIENTED_EDGE ( 'NONE', *, *, #3601, .T. ) ;
#4446 = FACE_OUTER_BOUND ( 'NONE', #6567, .T. ) ;
#4447 = ORIENTED_EDGE ( 'NONE', *, *, #2294, .F. ) ;
#4448 = ORIENTED_EDGE ( 'NONE', *, *, #3386, .T. ) ;
#4449 = FACE_OUTER_BOUND ( 'NONE', #8039, .T. ) ;
#4450 = DIRECTION ( 'NONE',  ( 0.000000000000000000, -0.000000000000000000, 1.000000000000000000 ) ) ;
#4451 = DIRECTION ( 'NONE',  ( 0.000000000000000000, 0.000000000000000000, -1.000000000000000000 ) ) ;
#4452 = EDGE_CURVE ( 'NONE', #7415, #6193, #7330, .T. ) ;
#4453 = CARTESIAN_POINT ( 'NONE',  ( 117.2239999999999895, 3.000000000000000000, -66.11200000000000898 ) ) ;
#4454 = VERTEX_POINT ( 'NONE', #1829 ) ;
#4455 = AXIS2_PLACEMENT_3D ( 'NONE', #4242, #77, #3570 ) ;
#4456 = ORIENTED_EDGE ( 'NONE', *, *, #3051, .F. ) ;
#4457 = EDGE_CURVE ( 'NONE', #887, #3829, #719, .T. ) ;
#4458 = DIRECTION ( 'NONE',  ( 0.000000000000000000, 0.000000000000000000, 1.000000000000000000 ) ) ;
#4459 = ORIENTED_EDGE ( 'NONE', *, *, #6316, .T. ) ;
#4460 = CARTESIAN_POINT ( 'NONE',  ( 104.4459999999999980, 3.000000000000000000, -66.11200000000000898 ) ) ;
#4461 = ORIENTED_EDGE ( 'NONE', *, *, #1790, .T. ) ;
#4462 = DIRECTION ( 'NONE',  ( 0.000000000000000000, 0.000000000000000000, 1.000000000000000000 ) ) ;
#4463 = AXIS2_PLACEMENT_3D ( 'NONE', #4232, #5611, #7033 ) ;
#4464 = DIRECTION ( 'NONE',  ( 0.000000000000000000, 1.000000000000000000, 0.000000000000000000 ) ) ;
#4465 = ADVANCED_FACE ( 'NONE', ( #5189 ), #7918, .F. ) ;
#4466 = FACE_BOUND ( 'NONE', #3301, .T. ) ;
#4467 = DIRECTION ( 'NONE',  ( 0.000000000000000000, 1.000000000000000000, 0.000000000000000000 ) ) ;
#4468 = VERTEX_POINT ( 'NONE', #4606 ) ;
#4469 = EDGE_CURVE ( 'NONE', #2814, #7755, #3281, .T. ) ;
#4470 = DIRECTION ( 'NONE',  ( 0.000000000000000000, 0.000000000000000000, 1.000000000000000000 ) ) ;
#4471 = CIRCLE ( 'NONE', #6751, 5.500000000000005329 ) ;
#4472 = DIRECTION ( 'NONE',  ( 0.000000000000000000, 1.000000000000000000, 0.000000000000000000 ) ) ;
#4473 = ORIENTED_EDGE ( 'NONE', *, *, #678, .F. ) ;
#4474 = LINE ( 'NONE', #3048, #2285 ) ;
#4475 = ADVANCED_FACE ( 'NONE', ( #1205 ), #1158, .F. ) ;
#4476 = CIRCLE ( 'NONE', #1483, 5.500000000000005329 ) ;
#4477 = LINE ( 'NONE', #6615, #6335 ) ;
#4478 = EDGE_LOOP ( 'NONE', ( #2859, #1828, #3808, #7227 ) ) ;
#4479 = DIRECTION ( 'NONE',  ( 0.000000000000000000, -1.000000000000000000, 0.000000000000000000 ) ) ;
#4480 = CARTESIAN_POINT ( 'NONE',  ( 91.66800000000000637, 3.000000000000000000, -97.16800000000000637 ) ) ;
#4481 = DIRECTION ( 'NONE',  ( 0.000000000000000000, 0.000000000000000000, 1.000000000000000000 ) ) ;
#4482 = LINE ( 'NONE', #6534, #3484 ) ;
#4483 = LINE ( 'NONE', #7075, #4341 ) ;
#4484 = VECTOR ( 'NONE', #2903, 1000.000000000000000 ) ;
#4485 = VERTEX_POINT ( 'NONE', #1111 ) ;
#4486 = VERTEX_POINT ( 'NONE', #2641 ) ;
#4487 = DIRECTION ( 'NONE',  ( 0.000000000000000000, -1.000000000000000000, 0.000000000000000000 ) ) ;
#4488 = ORIENTED_EDGE ( 'NONE', *, *, #7409, .T. ) ;
#4489 = VECTOR ( 'NONE', #4019, 1000.000000000000000 ) ;
#4490 = EDGE_LOOP ( 'NONE', ( #8167, #4036, #1699, #4064 ) ) ;
#4491 = DIRECTION ( 'NONE',  ( 0.000000000000000000, 0.000000000000000000, 1.000000000000000000 ) ) ;
#4492 = FACE_OUTER_BOUND ( 'NONE', #2011, .T. ) ;
#4493 = FACE_OUTER_BOUND ( 'NONE', #5240, .T. ) ;
#4494 = CYLINDRICAL_SURFACE ( 'NONE', #2075, 5.499999999999998224 ) ;
#4495 = CIRCLE ( 'NONE', #1783, 5.499999999999998224 ) ;
#4496 = VERTEX_POINT ( 'NONE', #3855 ) ;
#4497 = APPROVAL_PERSON_ORGANIZATION ( #455, #7793, #1128 ) ;
#4498 = ORIENTED_EDGE ( 'NONE', *, *, #5408, .T. ) ;
#4499 = CARTESIAN_POINT ( 'NONE',  ( 78.89000000000000057, 0.000000000000000000, -135.5020000000000095 ) ) ;
#4500 = EDGE_LOOP ( 'NONE', ( #360, #1018 ) ) ;
#4501 = CARTESIAN_POINT ( 'NONE',  ( 40.55599999999999739, 3.000000000000000000, -73.39000000000001478 ) ) ;
#4502 = EDGE_CURVE ( 'NONE', #2504, #2483, #3267, .T. ) ;
#4503 = ORIENTED_EDGE ( 'NONE', *, *, #4613, .F. ) ;
#4504 = DIRECTION ( 'NONE',  ( 0.000000000000000000, 0.000000000000000000, -1.000000000000000000 ) ) ;
#4505 = CARTESIAN_POINT ( 'NONE',  ( 78.89000000000000057, 3.000000000000000000, -78.89000000000000057 ) ) ;
#4506 = EDGE_CURVE ( 'NONE', #8782, #6119, #2863, .T. ) ;
#4507 = FACE_BOUND ( 'NONE', #3885, .T. ) ;
#4508 = DIRECTION ( 'NONE',  ( 0.000000000000000000, 1.000000000000000000, 0.000000000000000000 ) ) ;
#4509 = VERTEX_POINT ( 'NONE', #444 ) ;
#4510 = DIRECTION ( 'NONE',  ( 0.000000000000000000, -1.000000000000000000, 0.000000000000000000 ) ) ;
#4511 = ADVANCED_FACE ( 'NONE', ( #1925 ), #3899, .F. ) ;
#4512 = FACE_OUTER_BOUND ( 'NONE', #7941, .T. ) ;
#4513 = ORIENTED_EDGE ( 'NONE', *, *, #6223, .F. ) ;
#4514 = DIRECTION ( 'NONE',  ( 0.000000000000000000, -1.000000000000000000, 0.000000000000000000 ) ) ;
#4515 = EDGE_CURVE ( 'NONE', #1530, #569, #7285, .T. ) ;
#4516 = EDGE_CURVE ( 'NONE', #8071, #2504, #8147, .T. ) ;
#4517 = CIRCLE ( 'NONE', #5376, 5.500000000000005329 ) ;
#4518 = CYLINDRICAL_SURFACE ( 'NONE', #7187, 5.500000000000005329 ) ;
#4519 = ORIENTED_EDGE ( 'NONE', *, *, #5657, .T. ) ;
#4520 = DIRECTION ( 'NONE',  ( 0.000000000000000000, -1.000000000000000000, 0.000000000000000000 ) ) ;
#4521 = ORIENTED_EDGE ( 'NONE', *, *, #3369, .T. ) ;
#4522 = EDGE_CURVE ( 'NONE', #8233, #6506, #2687, .T. ) ;
#4523 = DIRECTION ( 'NONE',  ( 0.000000000000000000, 1.000000000000000000, 0.000000000000000000 ) ) ;
#4524 = AXIS2_PLACEMENT_3D ( 'NONE', #3775, #7208, #7880 ) ;
#4525 = CARTESIAN_POINT ( 'NONE',  ( 78.89000000000000057, 3.000000000000000000, -78.89000000000000057 ) ) ;
#4526 = EDGE_CURVE ( 'NONE', #3691, #7667, #3010, .T. ) ;
#4527 = CARTESIAN_POINT ( 'NONE',  ( 15.00000000000000000, 3.000000000000000000, -66.11200000000000898 ) ) ;
#4528 = DIRECTION ( 'NONE',  ( 0.000000000000000000, 0.000000000000000000, 1.000000000000000000 ) ) ;
#4529 = APPROVAL_STATUS ( 'not_yet_approved' ) ;
#4530 = ORIENTED_EDGE ( 'NONE', *, *, #1602, .T. ) ;
#4531 = ORIENTED_EDGE ( 'NONE', *, *, #5401, .F. ) ;
#4532 = CARTESIAN_POINT ( 'NONE',  ( 15.00000000000000000, 3.000000000000000000, -122.7240000000000038 ) ) ;
#4533 = AXIS2_PLACEMENT_3D ( 'NONE', #848, #1434, #6257 ) ;
#4534 = ORIENTED_EDGE ( 'NONE', *, *, #5972, .F. ) ;
#4535 = ORIENTED_EDGE ( 'NONE', *, *, #7945, .T. ) ;
#4536 = DIRECTION ( 'NONE',  ( 0.000000000000000000, 0.000000000000000000, 1.000000000000000000 ) ) ;
#4537 = CARTESIAN_POINT ( 'NONE',  ( 78.89000000000000057, 0.000000000000000000, -86.16799999999999216 ) ) ;
#4538 = AXIS2_PLACEMENT_3D ( 'NONE', #1740, #6569, #4470 ) ;
#4539 = DIRECTION ( 'NONE',  ( 0.000000000000000000, 1.000000000000000000, 0.000000000000000000 ) ) ;
#4540 = CARTESIAN_POINT ( 'NONE',  ( 40.55599999999999739, 0.000000000000000000, -35.05599999999999739 ) ) ;
#4541 = ORIENTED_EDGE ( 'NONE', *, *, #2449, .F. ) ;
#4542 = CIRCLE ( 'NONE', #3548, 5.499999999999998224 ) ;
#4543 = ORIENTED_EDGE ( 'NONE', *, *, #6418, .T. ) ;
#4544 = DIRECTION ( 'NONE',  ( 0.000000000000000000, 1.000000000000000000, 0.000000000000000000 ) ) ;
#4545 = CIRCLE ( 'NONE', #2128, 5.500000000000005329 ) ;
#4546 = ORIENTED_EDGE ( 'NONE', *, *, #4295, .T. ) ;
#4547 = DIRECTION ( 'NONE',  ( 0.000000000000000000, -1.000000000000000000, 0.000000000000000000 ) ) ;
#4548 = ORIENTED_EDGE ( 'NONE', *, *, #1058, .T. ) ;
#4549 = AXIS2_PLACEMENT_3D ( 'NONE', #5772, #2297, #7790 ) ;
#4550 = DIRECTION ( 'NONE',  ( 0.000000000000000000, -1.000000000000000000, 0.000000000000000000 ) ) ;
#4551 = DIRECTION ( 'NONE',  ( 0.000000000000000000, 1.000000000000000000, 0.000000000000000000 ) ) ;
#4552 = CIRCLE ( 'NONE', #5556, 5.500000000000018652 ) ;
#4553 = FACE_BOUND ( 'NONE', #2785, .T. ) ;
#4554 = CIRCLE ( 'NONE', #1553, 5.500000000000003553 ) ;
#4555 = DIRECTION ( 'NONE',  ( 0.000000000000000000, 1.000000000000000000, 0.000000000000000000 ) ) ;
#4556 = CIRCLE ( 'NONE', #3132, 5.499999999999996447 ) ;
#4557 = ORIENTED_EDGE ( 'NONE', *, *, #3206, .T. ) ;
#4558 = CARTESIAN_POINT ( 'NONE',  ( 104.4459999999999980, 3.000000000000000000, -20.50000000000000355 ) ) ;
#4559 = ADVANCED_FACE ( 'NONE', ( #6972 ), #8277, .F. ) ;
#4560 = DIRECTION ( 'NONE',  ( 0.000000000000000000, 0.000000000000000000, 1.000000000000000000 ) ) ;
#4561 = CIRCLE ( 'NONE', #2865, 5.500000000000005329 ) ;
#4562 = ORIENTED_EDGE ( 'NONE', *, *, #6316, .F. ) ;
#4563 = DIRECTION ( 'NONE',  ( 0.000000000000000000, 1.000000000000000000, 0.000000000000000000 ) ) ;
#4564 = EDGE_CURVE ( 'NONE', #3595, #7389, #8144, .T. ) ;
#4565 = VECTOR ( 'NONE', #5369, 1000.000000000000000 ) ;
#4566 = AXIS2_PLACEMENT_3D ( 'NONE', #4693, #802, #6840 ) ;
#4567 = DIRECTION ( 'NONE',  ( 0.000000000000000000, 1.000000000000000000, 0.000000000000000000 ) ) ;
#4568 = ORIENTED_EDGE ( 'NONE', *, *, #2510, .F. ) ;
#4569 = CARTESIAN_POINT ( 'NONE',  ( 91.66800000000000637, 3.000000000000000000, -9.499999999999996447 ) ) ;
#4570 = ORIENTED_EDGE ( 'NONE', *, *, #5722, .T. ) ;
#4571 = EDGE_CURVE ( 'NONE', #328, #5477, #1573, .T. ) ;
#4572 = CARTESIAN_POINT ( 'NONE',  ( 27.77799999999999869, 3.000000000000000000, -117.2239999999999895 ) ) ;
#4573 = CIRCLE ( 'NONE', #5851, 5.500000000000005329 ) ;
#4574 = FACE_OUTER_BOUND ( 'NONE', #8054, .T. ) ;
#4575 = FACE_OUTER_BOUND ( 'NONE', #5965, .T. ) ;
#4576 = CARTESIAN_POINT ( 'NONE',  ( 15.00000000000000000, 3.000000000000000000, -71.61200000000000898 ) ) ;
#4577 = EDGE_CURVE ( 'NONE', #8138, #1194, #5413, .T. ) ;
#4578 = CARTESIAN_POINT ( 'NONE',  ( 27.77799999999999869, 3.000000000000000000, -84.38999999999998636 ) ) ;
#4579 = ORIENTED_EDGE ( 'NONE', *, *, #6371, .T. ) ;
#4580 = VERTEX_POINT ( 'NONE', #6213 ) ;
#4581 = DIRECTION ( 'NONE',  ( 0.000000000000000000, 0.000000000000000000, 1.000000000000000000 ) ) ;
#4582 = EDGE_CURVE ( 'NONE', #1372, #4649, #6568, .T. ) ;
#4583 = EDGE_LOOP ( 'NONE', ( #70, #8160, #2490, #999 ) ) ;
#4584 = VERTEX_POINT ( 'NONE', #2192 ) ;
#4585 = DIRECTION ( 'NONE',  ( 0.000000000000000000, 0.000000000000000000, -1.000000000000000000 ) ) ;
#4586 = CARTESIAN_POINT ( 'NONE',  ( 91.66800000000000637, 3.000000000000000000, -40.55599999999999739 ) ) ;
#4587 = DIRECTION ( 'NONE',  ( 0.000000000000000000, -1.000000000000000000, 0.000000000000000000 ) ) ;
#4588 = ADVANCED_FACE ( 'NONE', ( #2872 ), #3405, .F. ) ;
#4589 = DIRECTION ( 'NONE',  ( 0.000000000000000000, -1.000000000000000000, 0.000000000000000000 ) ) ;
#4590 = ORIENTED_EDGE ( 'NONE', *, *, #399, .T. ) ;
#4591 = ORIENTED_EDGE ( 'NONE', *, *, #8595, .F. ) ;
#4592 = DIRECTION ( 'NONE',  ( 0.000000000000000000, 1.000000000000000000, 0.000000000000000000 ) ) ;
#4593 = VERTEX_POINT ( 'NONE', #1339 ) ;
#4594 = DIRECTION ( 'NONE',  ( 0.000000000000000000, 1.000000000000000000, 0.000000000000000000 ) ) ;
#4595 = VERTEX_POINT ( 'NONE', #6124 ) ;
#4596 = DIRECTION ( 'NONE',  ( 0.000000000000000000, -1.000000000000000000, 0.000000000000000000 ) ) ;
#4597 = DIRECTION ( 'NONE',  ( 0.000000000000000000, 0.000000000000000000, 1.000000000000000000 ) ) ;
#4598 = FACE_BOUND ( 'NONE', #2454, .T. ) ;
#4599 = DIRECTION ( 'NONE',  ( 0.000000000000000000, 1.000000000000000000, 0.000000000000000000 ) ) ;
#4600 = DIRECTION ( 'NONE',  ( 0.000000000000000000, 1.000000000000000000, 0.000000000000000000 ) ) ;
#4601 = VERTEX_POINT ( 'NONE', #4784 ) ;
#4602 = DIRECTION ( 'NONE',  ( 0.000000000000000000, 1.000000000000000000, 0.000000000000000000 ) ) ;
#4603 = CARTESIAN_POINT ( 'NONE',  ( 66.11200000000000898, 3.000000000000000000, -111.7239999999999895 ) ) ;
#4604 = AXIS2_PLACEMENT_3D ( 'NONE', #5706, #335, #8431 ) ;
#4605 = EDGE_LOOP ( 'NONE', ( #7448, #7222, #1729, #8731 ) ) ;
#4606 = CARTESIAN_POINT ( 'NONE',  ( 78.89000000000000057, 3.000000000000000000, -60.61200000000000188 ) ) ;
#4607 = AXIS2_PLACEMENT_3D ( 'NONE', #7620, #156, #6996 ) ;
#4608 = CARTESIAN_POINT ( 'NONE',  ( 117.2239999999999895, 3.000000000000000000, -35.05599999999999028 ) ) ;
#4609 = ORIENTED_EDGE ( 'NONE', *, *, #6878, .F. ) ;
#4610 = DIRECTION ( 'NONE',  ( 0.000000000000000000, 0.000000000000000000, -1.000000000000000000 ) ) ;
#4611 = EDGE_LOOP ( 'NONE', ( #4932, #6010, #6450, #4113 ) ) ;
#4612 = DIRECTION ( 'NONE',  ( 0.000000000000000000, 1.000000000000000000, 0.000000000000000000 ) ) ;
#4613 = EDGE_CURVE ( 'NONE', #6999, #8462, #4869, .T. ) ;
#4614 = DIRECTION ( 'NONE',  ( 0.000000000000000000, -1.000000000000000000, 0.000000000000000000 ) ) ;
#4615 = DIRECTION ( 'NONE',  ( 0.000000000000000000, -1.000000000000000000, 0.000000000000000000 ) ) ;
#4616 = EDGE_CURVE ( 'NONE', #4158, #2447, #8287, .T. ) ;
#4617 = AXIS2_PLACEMENT_3D ( 'NONE', #359, #1115, #3182 ) ;
#4618 = ORIENTED_EDGE ( 'NONE', *, *, #3867, .T. ) ;
#4619 = ORIENTED_EDGE ( 'NONE', *, *, #5408, .F. ) ;
#4620 = DIRECTION ( 'NONE',  ( 0.000000000000000000, -1.000000000000000000, 0.000000000000000000 ) ) ;
#4621 = AXIS2_PLACEMENT_3D ( 'NONE', #7009, #1465, #4204 ) ;
#4622 = EDGE_LOOP ( 'NONE', ( #3970, #7603, #197, #5454 ) ) ;
#4623 = EDGE_CURVE ( 'NONE', #4398, #4486, #7855, .T. ) ;
#4624 = ORIENTED_EDGE ( 'NONE', *, *, #1572, .T. ) ;
#4625 = CARTESIAN_POINT ( 'NONE',  ( 66.11200000000000898, 3.000000000000000000, -40.55599999999999739 ) ) ;
#4626 = AXIS2_PLACEMENT_3D ( 'NONE', #906, #825, #3559 ) ;
#4627 = DIRECTION ( 'NONE',  ( 0.000000000000000000, 1.000000000000000000, 0.000000000000000000 ) ) ;
#4628 = DIRECTION ( 'NONE',  ( 0.000000000000000000, -1.000000000000000000, 0.000000000000000000 ) ) ;
#4629 = EDGE_CURVE ( 'NONE', #8228, #2196, #2005, .T. ) ;
#4630 = EDGE_CURVE ( 'NONE', #8233, #4910, #1708, .T. ) ;
#4631 = DIRECTION ( 'NONE',  ( 0.000000000000000000, 0.000000000000000000, 1.000000000000000000 ) ) ;
#4632 = EDGE_LOOP ( 'NONE', ( #8476, #7370 ) ) ;
#4633 = EDGE_LOOP ( 'NONE', ( #8347, #8737 ) ) ;
#4634 = CARTESIAN_POINT ( 'NONE',  ( 78.89000000000000057, 3.000000000000000000, -122.7240000000000038 ) ) ;
#4635 = AXIS2_PLACEMENT_3D ( 'NONE', #2768, #5494, #2095 ) ;
#4636 = EDGE_LOOP ( 'NONE', ( #6158, #7154, #3034, #3013 ) ) ;
#4637 = EDGE_CURVE ( 'NONE', #6658, #7069, #5142, .T. ) ;
#4638 = DIRECTION ( 'NONE',  ( 0.000000000000000000, 1.000000000000000000, 0.000000000000000000 ) ) ;
#4639 = ORIENTED_EDGE ( 'NONE', *, *, #2236, .T. ) ;
#4640 = LINE ( 'NONE', #7360, #6868 ) ;
#4641 = DIRECTION ( 'NONE',  ( 0.000000000000000000, 0.000000000000000000, 1.000000000000000000 ) ) ;
#4643 = FACE_BOUND ( 'NONE', #2981, .T. ) ;
#4642 = AXIS2_PLACEMENT_3D ( 'NONE', #4453, #7174, #3790 ) ;
#4644 = CYLINDRICAL_SURFACE ( 'NONE', #1988, 5.500000000000005329 ) ;
#4645 = LINE ( 'NONE', #715, #2122 ) ;
#4646 = ORIENTED_EDGE ( 'NONE', *, *, #2779, .F. ) ;
#4647 = DIRECTION ( 'NONE',  ( 0.000000000000000000, 0.000000000000000000, 1.000000000000000000 ) ) ;
#4648 = DIRECTION ( 'NONE',  ( 0.000000000000000000, 1.000000000000000000, 0.000000000000000000 ) ) ;
#4649 = VERTEX_POINT ( 'NONE', #7647 ) ;
#4650 = CARTESIAN_POINT ( 'NONE',  ( 15.00000000000000000, 3.000000000000000000, -53.33399999999999608 ) ) ;
#4651 = DIRECTION ( 'NONE',  ( 0.000000000000000000, 0.000000000000000000, -1.000000000000000000 ) ) ;
#4652 = ORIENTED_EDGE ( 'NONE', *, *, #6984, .T. ) ;
#4653 = DIRECTION ( 'NONE',  ( 0.000000000000000000, 1.000000000000000000, 0.000000000000000000 ) ) ;
#4654 = ORIENTED_EDGE ( 'NONE', *, *, #963, .T. ) ;
#4655 = CARTESIAN_POINT ( 'NONE',  ( 130.0020000000000095, 3.000000000000000000, -35.05599999999997607 ) ) ;
#4656 = CYLINDRICAL_SURFACE ( 'NONE', #4202, 5.499999999999998224 ) ;
#4657 = AXIS2_PLACEMENT_3D ( 'NONE', #4187, #6147, #8738 ) ;
#4658 = DIRECTION ( 'NONE',  ( 0.000000000000000000, 0.000000000000000000, 1.000000000000000000 ) ) ;
#4659 = FACE_OUTER_BOUND ( 'NONE', #275, .T. ) ;
#4660 = COORDINATED_UNIVERSAL_TIME_OFFSET ( 7, 0, .AHEAD. ) ;
#4661 = ORIENTED_EDGE ( 'NONE', *, *, #1182, .F. ) ;
#4662 = EDGE_LOOP ( 'NONE', ( #3860, #6153, #1643, #6476 ) ) ;
#4663 = EDGE_CURVE ( 'NONE', #3829, #701, #132, .T. ) ;
#4664 = DIRECTION ( 'NONE',  ( 0.000000000000000000, 0.000000000000000000, 1.000000000000000000 ) ) ;
#4665 = AXIS2_PLACEMENT_3D ( 'NONE', #8502, #5415, #365 ) ;
#4666 = ORIENTED_EDGE ( 'NONE', *, *, #3331, .F. ) ;
#4667 = EDGE_CURVE ( 'NONE', #6748, #7316, #4252, .T. ) ;
#4668 = EDGE_LOOP ( 'NONE', ( #6723, #1447 ) ) ;
#4669 = DIRECTION ( 'NONE',  ( 0.000000000000000000, 0.000000000000000000, -1.000000000000000000 ) ) ;
#4670 = FACE_OUTER_BOUND ( 'NONE', #5380, .T. ) ;
#4671 = CARTESIAN_POINT ( 'NONE',  ( 5.000000000000000000, 10.00000000000000000, -5.000000000000000000 ) ) ;
#4672 = DIRECTION ( 'NONE',  ( 0.000000000000000000, 1.000000000000000000, 0.000000000000000000 ) ) ;
#4673 = ORIENTED_EDGE ( 'NONE', *, *, #4136, .F. ) ;
#4674 = EDGE_CURVE ( 'NONE', #2504, #8071, #1289, .T. ) ;
#4675 = ORIENTED_EDGE ( 'NONE', *, *, #1835, .F. ) ;
#4676 = DIRECTION ( 'NONE',  ( 0.000000000000000000, 1.000000000000000000, 0.000000000000000000 ) ) ;
#4677 = EDGE_LOOP ( 'NONE', ( #8743, #4783 ) ) ;
#4678 = EDGE_CURVE ( 'NONE', #5205, #6496, #7557, .T. ) ;
#4679 = CARTESIAN_POINT ( 'NONE',  ( 104.4459999999999980, 3.000000000000000000, -46.05599999999999739 ) ) ;
#4680 = CIRCLE ( 'NONE', #5102, 5.499999999999998224 ) ;
#4681 = ORIENTED_EDGE ( 'NONE', *, *, #5831, .T. ) ;
#4682 = DIRECTION ( 'NONE',  ( 0.000000000000000000, 1.000000000000000000, 0.000000000000000000 ) ) ;
#4683 = CARTESIAN_POINT ( 'NONE',  ( 15.00000000000000000, 3.000000000000000000, -78.89000000000000057 ) ) ;
#4684 = DIRECTION ( 'NONE',  ( 0.000000000000000000, -1.000000000000000000, 0.000000000000000000 ) ) ;
#4685 = DIRECTION ( 'NONE',  ( 0.000000000000000000, -1.000000000000000000, 0.000000000000000000 ) ) ;
#4686 = EDGE_CURVE ( 'NONE', #7932, #2253, #5135, .T. ) ;
#4687 = CIRCLE ( 'NONE', #7550, 5.500000000000005329 ) ;
#4688 = DIRECTION ( 'NONE',  ( 0.000000000000000000, -0.000000000000000000, 1.000000000000000000 ) ) ;
#4689 = EDGE_LOOP ( 'NONE', ( #5783, #112 ) ) ;
#4690 = CARTESIAN_POINT ( 'NONE',  ( 40.55599999999999739, 3.000000000000000000, -22.27799999999999869 ) ) ;
#4691 = AXIS2_PLACEMENT_3D ( 'NONE', #552, #8596, #7933 ) ;
#4692 = EDGE_CURVE ( 'NONE', #1073, #5590, #990, .T. ) ;
#4693 = CARTESIAN_POINT ( 'NONE',  ( 130.0020000000000095, 3.000000000000000000, -66.11200000000000898 ) ) ;
#4694 = ORIENTED_EDGE ( 'NONE', *, *, #8293, .F. ) ;
#4695 = CARTESIAN_POINT ( 'NONE',  ( 91.66800000000000637, 3.000000000000000000, -130.0020000000000095 ) ) ;
#4696 = AXIS2_PLACEMENT_3D ( 'NONE', #7571, #3327, #1441 ) ;
#4697 = CIRCLE ( 'NONE', #406, 5.500000000000005329 ) ;
#4698 = EDGE_CURVE ( 'NONE', #2082, #7104, #8565, .T. ) ;
#4699 = DIRECTION ( 'NONE',  ( 0.000000000000000000, 1.000000000000000000, 0.000000000000000000 ) ) ;
#4700 = ORIENTED_EDGE ( 'NONE', *, *, #4629, .F. ) ;
#4701 = VECTOR ( 'NONE', #230, 1000.000000000000000 ) ;
#4702 = DIRECTION ( 'NONE',  ( 0.000000000000000000, -1.000000000000000000, 0.000000000000000000 ) ) ;
#4703 = AXIS2_PLACEMENT_3D ( 'NONE', #6308, #7111, #5561 ) ;
#4704 = CARTESIAN_POINT ( 'NONE',  ( 15.00000000000000000, 0.000000000000000000, -78.89000000000000057 ) ) ;
#4705 = VECTOR ( 'NONE', #5558, 1000.000000000000000 ) ;
#4706 = DIRECTION ( 'NONE',  ( 0.000000000000000000, 0.000000000000000000, 1.000000000000000000 ) ) ;
#4707 = AXIS2_PLACEMENT_3D ( 'NONE', #760, #2869, #5458 ) ;
#4708 = DIRECTION ( 'NONE',  ( 0.000000000000000000, 1.000000000000000000, 0.000000000000000000 ) ) ;
#4709 = CARTESIAN_POINT ( 'NONE',  ( 53.33399999999999608, 3.000000000000000000, -58.83399999999999608 ) ) ;
#4710 = LINE ( 'NONE', #2295, #8052 ) ;
#4711 = ORIENTED_EDGE ( 'NONE', *, *, #90, .T. ) ;
#4712 = CARTESIAN_POINT ( 'NONE',  ( 53.33399999999999608, 0.000000000000000000, -71.61200000000000898 ) ) ;
#4713 = AXIS2_PLACEMENT_3D ( 'NONE', #1383, #2018, #4215 ) ;
#4714 = ORIENTED_EDGE ( 'NONE', *, *, #4457, .T. ) ;
#4715 = VERTEX_POINT ( 'NONE', #2409 ) ;
#4716 = DIRECTION ( 'NONE',  ( 0.000000000000000000, 1.000000000000000000, 0.000000000000000000 ) ) ;
#4717 = CARTESIAN_POINT ( 'NONE',  ( 117.2239999999999895, 3.000000000000000000, -91.66800000000000637 ) ) ;
#4718 = PLANE ( 'NONE',  #477 ) ;
#4719 = AXIS2_PLACEMENT_3D ( 'NONE', #2675, #4682, #1420 ) ;
#4720 = DIRECTION ( 'NONE',  ( 0.000000000000000000, 1.000000000000000000, 0.000000000000000000 ) ) ;
#4721 = ORIENTED_EDGE ( 'NONE', *, *, #5387, .T. ) ;
#4722 = ORIENTED_EDGE ( 'NONE', *, *, #361, .T. ) ;
#4723 = CYLINDRICAL_SURFACE ( 'NONE', #3419, 5.500000000000005329 ) ;
#4724 = ORIENTED_EDGE ( 'NONE', *, *, #7583, .F. ) ;
#4725 = CARTESIAN_POINT ( 'NONE',  ( 78.89000000000000057, 3.000000000000000000, -104.4459999999999980 ) ) ;
#4726 = ORIENTED_EDGE ( 'NONE', *, *, #3657, .T. ) ;
#4727 = DIRECTION ( 'NONE',  ( 0.000000000000000000, 1.000000000000000000, 0.000000000000000000 ) ) ;
#4728 = ADVANCED_FACE ( 'NONE', ( #7817 ), #8482, .F. ) ;
#4729 = DIRECTION ( 'NONE',  ( 0.000000000000000000, 1.000000000000000000, 0.000000000000000000 ) ) ;
#4730 = CARTESIAN_POINT ( 'NONE',  ( 53.33399999999999608, 3.000000000000000000, -91.66800000000000637 ) ) ;
#4731 = CARTESIAN_POINT ( 'NONE',  ( 53.33399999999999608, 3.000000000000000000, -9.500000000000003553 ) ) ;
#4732 = EDGE_CURVE ( 'NONE', #5326, #7608, #5718, .T. ) ;
#4733 = CYLINDRICAL_SURFACE ( 'NONE', #4790, 5.500000000000005329 ) ;
#4734 = ORIENTED_EDGE ( 'NONE', *, *, #2334, .F. ) ;
#4735 = CARTESIAN_POINT ( 'NONE',  ( 130.0020000000000095, 3.000000000000000000, -98.94599999999998374 ) ) ;
#4736 = DIRECTION ( 'NONE',  ( 0.000000000000000000, -1.000000000000000000, 0.000000000000000000 ) ) ;
#4737 = VERTEX_POINT ( 'NONE', #4294 ) ;
#4738 = DIRECTION ( 'NONE',  ( 0.000000000000000000, -0.000000000000000000, 1.000000000000000000 ) ) ;
#4739 = EDGE_CURVE ( 'NONE', #4938, #201, #6143, .T. ) ;
#4740 = FACE_OUTER_BOUND ( 'NONE', #1041, .T. ) ;
#4741 = ADVANCED_FACE ( 'NONE', ( #3581 ), #6469, .F. ) ;
#4742 = EDGE_CURVE ( 'NONE', #118, #6059, #5675, .T. ) ;
#4743 = DIRECTION ( 'NONE',  ( 0.000000000000000000, 0.000000000000000000, -1.000000000000000000 ) ) ;
#4744 = ORIENTED_EDGE ( 'NONE', *, *, #3709, .T. ) ;
#4745 = DIRECTION ( 'NONE',  ( 0.000000000000000000, 0.000000000000000000, -1.000000000000000000 ) ) ;
#4746 = AXIS2_PLACEMENT_3D ( 'NONE', #919, #6292, #2944 ) ;
#4747 = FACE_OUTER_BOUND ( 'NONE', #4371, .T. ) ;
#4748 = EDGE_CURVE ( 'NONE', #8081, #5026, #2910, .T. ) ;
#4749 = AXIS2_PLACEMENT_3D ( 'NONE', #4149, #2801, #1991 ) ;
#4750 = CARTESIAN_POINT ( 'NONE',  ( 104.4459999999999980, 3.000000000000000000, -91.66800000000000637 ) ) ;
#4751 = DIRECTION ( 'NONE',  ( 0.000000000000000000, 0.000000000000000000, 1.000000000000000000 ) ) ;
#4752 = DIRECTION ( 'NONE',  ( 0.000000000000000000, 1.000000000000000000, 0.000000000000000000 ) ) ;
#4753 = CARTESIAN_POINT ( 'NONE',  ( 66.11200000000000898, 3.000000000000000000, -104.4459999999999980 ) ) ;
#4754 = ORIENTED_EDGE ( 'NONE', *, *, #2230, .T. ) ;
#4755 = CARTESIAN_POINT ( 'NONE',  ( 53.33399999999999608, 3.000000000000000000, -135.5020000000000095 ) ) ;
#4756 = AXIS2_PLACEMENT_3D ( 'NONE', #4243, #4947, #1637 ) ;
#4757 = ORIENTED_EDGE ( 'NONE', *, *, #7035, .T. ) ;
#4758 = VERTEX_POINT ( 'NONE', #6383 ) ;
#4759 = CARTESIAN_POINT ( 'NONE',  ( 53.33399999999999608, 0.000000000000000000, -78.89000000000000057 ) ) ;
#4760 = CARTESIAN_POINT ( 'NONE',  ( 5.000000000000000000, 0.000000000000000000, -9.000000000000001776 ) ) ;
#4761 = AXIS2_PLACEMENT_3D ( 'NONE', #7068, #8328, #274 ) ;
#4762 = CARTESIAN_POINT ( 'NONE',  ( 66.11200000000000898, 0.000000000000000000, -46.05599999999999739 ) ) ;
#4763 = PLANE ( 'NONE',  #5360 ) ;
#4764 = AXIS2_PLACEMENT_3D ( 'NONE', #5389, #3245, #6149 ) ;
#4765 = VERTEX_POINT ( 'NONE', #1688 ) ;
#4766 = EDGE_LOOP ( 'NONE', ( #7993, #3604 ) ) ;
#4767 = LINE ( 'NONE', #565, #1698 ) ;
#4768 = EDGE_LOOP ( 'NONE', ( #1345, #1497, #7890, #1630 ) ) ;
#4769 = DIRECTION ( 'NONE',  ( 0.000000000000000000, 0.000000000000000000, -1.000000000000000000 ) ) ;
#4770 = CIRCLE ( 'NONE', #8761, 5.500000000000005329 ) ;
#4771 = VERTEX_POINT ( 'NONE', #2234 ) ;
#4772 = PLANE ( 'NONE',  #5147 ) ;
#4773 = DIRECTION ( 'NONE',  ( 0.000000000000000000, 1.000000000000000000, 0.000000000000000000 ) ) ;
#4774 = FACE_BOUND ( 'NONE', #7126, .T. ) ;
#4775 = AXIS2_PLACEMENT_3D ( 'NONE', #4175, #4699, #6218 ) ;
#4776 = VERTEX_POINT ( 'NONE', #5756 ) ;
#4777 = CIRCLE ( 'NONE', #1348, 5.499999999999998224 ) ;
#4778 = DIRECTION ( 'NONE',  ( 0.000000000000000000, 1.000000000000000000, 0.000000000000000000 ) ) ;
#4779 = ORIENTED_EDGE ( 'NONE', *, *, #6884, .F. ) ;
#4780 = EDGE_CURVE ( 'NONE', #916, #3932, #4573, .T. ) ;
#4781 = FACE_OUTER_BOUND ( 'NONE', #2647, .T. ) ;
#4782 = DIRECTION ( 'NONE',  ( 0.000000000000000000, 0.000000000000000000, 1.000000000000000000 ) ) ;
#4783 = ORIENTED_EDGE ( 'NONE', *, *, #5766, .T. ) ;
#4784 = CARTESIAN_POINT ( 'NONE',  ( 0.000000000000000000, 10.00000000000000000, -145.0000000000000000 ) ) ;
#4785 = ADVANCED_FACE ( 'NONE', ( #4420 ), #7731, .F. ) ;
#4786 = CARTESIAN_POINT ( 'NONE',  ( 66.11200000000000898, 3.000000000000000000, -78.89000000000000057 ) ) ;
#4787 = AXIS2_PLACEMENT_3D ( 'NONE', #7651, #6387, #1520 ) ;
#4788 = PLANE ( 'NONE',  #7473 ) ;
#4789 = VERTEX_POINT ( 'NONE', #7016 ) ;
#4790 = AXIS2_PLACEMENT_3D ( 'NONE', #4076, #2591, #2772 ) ;
#4791 = CARTESIAN_POINT ( 'NONE',  ( 15.00000000000000000, 0.000000000000000000, -15.00000000000000000 ) ) ;
#4792 = CIRCLE ( 'NONE', #3515, 5.500000000000005329 ) ;
#4793 = FACE_OUTER_BOUND ( 'NONE', #6334, .T. ) ;
#4794 = EDGE_CURVE ( 'NONE', #6690, #3064, #7001, .T. ) ;
#4795 = ADVANCED_FACE ( 'NONE', ( #2953 ), #6341, .F. ) ;
#4796 = PLANE ( 'NONE',  #8325 ) ;
#4797 = FACE_BOUND ( 'NONE', #1634, .T. ) ;
#4798 = DIRECTION ( 'NONE',  ( 0.000000000000000000, 0.000000000000000000, 1.000000000000000000 ) ) ;
#4799 = COORDINATED_UNIVERSAL_TIME_OFFSET ( 7, 0, .AHEAD. ) ;
#4800 = CARTESIAN_POINT ( 'NONE',  ( 78.89000000000000057, 0.000000000000000000, -71.61200000000000898 ) ) ;
#4801 = EDGE_LOOP ( 'NONE', ( #3400, #6643 ) ) ;
#4802 = EDGE_CURVE ( 'NONE', #7052, #3671, #2364, .T. ) ;
#4803 = DIRECTION ( 'NONE',  ( 0.000000000000000000, 0.000000000000000000, 1.000000000000000000 ) ) ;
#4804 = ORIENTED_EDGE ( 'NONE', *, *, #3365, .T. ) ;
#4805 = EDGE_CURVE ( 'NONE', #834, #6327, #2996, .T. ) ;
#4806 = VERTEX_POINT ( 'NONE', #1013 ) ;
#4807 = CIRCLE ( 'NONE', #6657, 5.499999999999991118 ) ;
#4808 = DIRECTION ( 'NONE',  ( 0.000000000000000000, 1.000000000000000000, 0.000000000000000000 ) ) ;
#4809 = CARTESIAN_POINT ( 'NONE',  ( 130.0020000000000095, 3.000000000000000000, -35.05599999999997607 ) ) ;
#4810 = FACE_OUTER_BOUND ( 'NONE', #6892, .T. ) ;
#4811 = DIRECTION ( 'NONE',  ( 0.000000000000000000, -0.000000000000000000, 1.000000000000000000 ) ) ;
#4812 = ORIENTED_EDGE ( 'NONE', *, *, #7030, .T. ) ;
#4813 = VECTOR ( 'NONE', #4058, 1000.000000000000000 ) ;
#4814 = VERTEX_POINT ( 'NONE', #4375 ) ;
#4815 = CARTESIAN_POINT ( 'NONE',  ( 130.0020000000000095, 3.000000000000000000, -22.27799999999997738 ) ) ;
#4816 = ORIENTED_EDGE ( 'NONE', *, *, #3739, .T. ) ;
#4817 = CARTESIAN_POINT ( 'NONE',  ( 0.000000000000000000, 10.00000000000000000, 0.000000000000000000 ) ) ;
#4818 = ORIENTED_EDGE ( 'NONE', *, *, #7528, .T. ) ;
#4819 = CARTESIAN_POINT ( 'NONE',  ( 130.0020000000000095, 3.000000000000000000, -66.11200000000000898 ) ) ;
#4820 = DIRECTION ( 'NONE',  ( 0.000000000000000000, 1.000000000000000000, 0.000000000000000000 ) ) ;
#4821 = AXIS2_PLACEMENT_3D ( 'NONE', #4254, #7559, #2152 ) ;
#4822 = FACE_OUTER_BOUND ( 'NONE', #4662, .T. ) ;
#4823 = ORIENTED_EDGE ( 'NONE', *, *, #8136, .F. ) ;
#4824 = DIRECTION ( 'NONE',  ( 0.000000000000000000, -1.000000000000000000, 0.000000000000000000 ) ) ;
#4825 = ORIENTED_EDGE ( 'NONE', *, *, #5019, .T. ) ;
#4826 = CYLINDRICAL_SURFACE ( 'NONE', #2980, 5.500000000000005329 ) ;
#4827 = AXIS2_PLACEMENT_3D ( 'NONE', #8086, #4551, #3844 ) ;
#4828 = DIRECTION ( 'NONE',  ( 0.000000000000000000, -0.000000000000000000, 1.000000000000000000 ) ) ;
#4829 = EDGE_LOOP ( 'NONE', ( #462, #1584, #265, #1012 ) ) ;
#4830 = DIRECTION ( 'NONE',  ( 0.000000000000000000, 1.000000000000000000, 0.000000000000000000 ) ) ;
#4831 = DIRECTION ( 'NONE',  ( 0.000000000000000000, 1.000000000000000000, 0.000000000000000000 ) ) ;
#4832 = AXIS2_PLACEMENT_3D ( 'NONE', #3263, #6477, #352 ) ;
#4833 = CARTESIAN_POINT ( 'NONE',  ( 104.4459999999999980, 0.000000000000000000, -35.05599999999999028 ) ) ;
#4834 = AXIS2_PLACEMENT_3D ( 'NONE', #998, #2305, #3647 ) ;
#4835 = ORIENTED_EDGE ( 'NONE', *, *, #4577, .T. ) ;
#4836 = DIRECTION ( 'NONE',  ( 0.000000000000000000, 1.000000000000000000, 0.000000000000000000 ) ) ;
#4837 = AXIS2_PLACEMENT_3D ( 'NONE', #7903, #1911, #2585 ) ;
#4838 = CIRCLE ( 'NONE', #3412, 5.500000000000003553 ) ;
#4839 = FACE_OUTER_BOUND ( 'NONE', #2740, .T. ) ;
#4840 = EDGE_CURVE ( 'NONE', #4601, #3671, #3751, .T. ) ;
#4841 = FACE_BOUND ( 'NONE', #5531, .T. ) ;
#4842 = DIRECTION ( 'NONE',  ( 0.000000000000000000, 0.000000000000000000, -1.000000000000000000 ) ) ;
#4843 = CIRCLE ( 'NONE', #1987, 5.500000000000005329 ) ;
#4844 = CIRCLE ( 'NONE', #5839, 5.499999999999998224 ) ;
#4845 = DIRECTION ( 'NONE',  ( 0.000000000000000000, 0.000000000000000000, 1.000000000000000000 ) ) ;
#4846 = EDGE_LOOP ( 'NONE', ( #7659, #3514, #3392, #414 ) ) ;
#4847 = ADVANCED_FACE ( 'NONE', ( #7228 ), #3253, .F. ) ;
#4848 = FACE_OUTER_BOUND ( 'NONE', #8776, .T. ) ;
#4849 = VERTEX_POINT ( 'NONE', #8705 ) ;
#4850 = AXIS2_PLACEMENT_3D ( 'NONE', #2025, #6851, #3460 ) ;
#4851 = CIRCLE ( 'NONE', #1425, 5.499999999999991118 ) ;
#4852 = ORIENTED_EDGE ( 'NONE', *, *, #7837, .T. ) ;
#4853 = CARTESIAN_POINT ( 'NONE',  ( 91.66800000000000637, 3.000000000000000000, -109.9459999999999980 ) ) ;
#4854 = EDGE_CURVE ( 'NONE', #204, #1695, #6428, .T. ) ;
#4855 = CARTESIAN_POINT ( 'NONE',  ( 117.2239999999999895, 3.000000000000000000, -104.4459999999999980 ) ) ;
#4856 = DIRECTION ( 'NONE',  ( 0.000000000000000000, 0.000000000000000000, 1.000000000000000000 ) ) ;
#4857 = CARTESIAN_POINT ( 'NONE',  ( 66.11200000000000898, 3.000000000000000000, -33.27799999999999869 ) ) ;
#4858 = ORIENTED_EDGE ( 'NONE', *, *, #6114, .T. ) ;
#4859 = ADVANCED_FACE ( 'NONE', ( #2540 ), #2498, .F. ) ;
#4860 = AXIS2_PLACEMENT_3D ( 'NONE', #7774, #7147, #3623 ) ;
#4861 = VECTOR ( 'NONE', #2907, 1000.000000000000000 ) ;
#4862 = ORIENTED_EDGE ( 'NONE', *, *, #6256, .F. ) ;
#4863 = DIRECTION ( 'NONE',  ( 0.000000000000000000, -0.000000000000000000, -1.000000000000000000 ) ) ;
#4864 = ORIENTED_EDGE ( 'NONE', *, *, #1399, .F. ) ;
#4865 = DIRECTION ( 'NONE',  ( 0.000000000000000000, 1.000000000000000000, 0.000000000000000000 ) ) ;
#4866 = ORIENTED_EDGE ( 'NONE', *, *, #5465, .T. ) ;
#4867 = CARTESIAN_POINT ( 'NONE',  ( 15.00000000000000000, 0.000000000000000000, -20.49999999999999645 ) ) ;
#4868 = EDGE_CURVE ( 'NONE', #3837, #3969, #479, .T. ) ;
#4869 = CIRCLE ( 'NONE', #5002, 5.500000000000005329 ) ;
#4870 = FACE_OUTER_BOUND ( 'NONE', #5318, .T. ) ;
#4871 = DIRECTION ( 'NONE',  ( 0.000000000000000000, 1.000000000000000000, 0.000000000000000000 ) ) ;
#4872 = CARTESIAN_POINT ( 'NONE',  ( 40.55599999999999739, 3.000000000000000000, -111.7239999999999895 ) ) ;
#4873 = ORIENTED_EDGE ( 'NONE', *, *, #2220, .F. ) ;
#4874 = EDGE_LOOP ( 'NONE', ( #2017, #1135, #7934, #6870 ) ) ;
#4875 = DIRECTION ( 'NONE',  ( 0.000000000000000000, 0.000000000000000000, 1.000000000000000000 ) ) ;
#4876 = LINE ( 'NONE', #7602, #2423 ) ;
#4877 = EDGE_LOOP ( 'NONE', ( #2610, #8355 ) ) ;
#4878 = CARTESIAN_POINT ( 'NONE',  ( 27.77799999999999869, 3.000000000000000000, -40.55599999999999739 ) ) ;
#4879 = LINE ( 'NONE', #2235, #2106 ) ;
#4880 = CYLINDRICAL_SURFACE ( 'NONE', #5923, 5.500000000000005329 ) ;
#4881 = ORIENTED_EDGE ( 'NONE', *, *, #5869, .T. ) ;
#4882 = CYLINDRICAL_SURFACE ( 'NONE', #6846, 5.499999999999998224 ) ;
#4883 = PLANE ( 'NONE',  #8557 ) ;
#4884 = CARTESIAN_POINT ( 'NONE',  ( 0.000000000000000000, 0.000000000000000000, 0.000000000000000000 ) ) ;
#4885 = DIRECTION ( 'NONE',  ( 0.000000000000000000, 0.000000000000000000, 1.000000000000000000 ) ) ;
#4886 = CIRCLE ( 'NONE', #6597, 5.500000000000018652 ) ;
#4887 = DIRECTION ( 'NONE',  ( 0.000000000000000000, -1.000000000000000000, 0.000000000000000000 ) ) ;
#4888 = VERTEX_POINT ( 'NONE', #6512 ) ;
#4889 = DIRECTION ( 'NONE',  ( 0.000000000000000000, -1.000000000000000000, 0.000000000000000000 ) ) ;
#4890 = EDGE_CURVE ( 'NONE', #916, #7801, #7947, .T. ) ;
#4891 = AXIS2_PLACEMENT_3D ( 'NONE', #824, #2929, #3730 ) ;
#4892 = DIRECTION ( 'NONE',  ( 0.000000000000000000, 1.000000000000000000, 0.000000000000000000 ) ) ;
#4893 = ADVANCED_FACE ( 'NONE', ( #5975 ), #1100, .F. ) ;
#4894 = CARTESIAN_POINT ( 'NONE',  ( 66.11200000000000898, 3.000000000000000000, -84.39000000000000057 ) ) ;
#4895 = DIRECTION ( 'NONE',  ( 0.000000000000000000, -0.000000000000000000, 1.000000000000000000 ) ) ;
#4896 = CARTESIAN_POINT ( 'NONE',  ( 78.89000000000000057, 3.000000000000000000, -86.16799999999999216 ) ) ;
#4897 = EDGE_LOOP ( 'NONE', ( #539, #7822, #4562, #3840 ) ) ;
#4898 = AXIS2_PLACEMENT_3D ( 'NONE', #1933, #4048, #8770 ) ;
#4899 = EDGE_LOOP ( 'NONE', ( #4939, #7357, #339, #8098 ) ) ;
#4900 = ADVANCED_FACE ( 'NONE', ( #2587 ), #6692, .F. ) ;
#4901 = CARTESIAN_POINT ( 'NONE',  ( 15.00000000000000000, 3.000000000000000000, -15.00000000000000000 ) ) ;
#4902 = ORIENTED_EDGE ( 'NONE', *, *, #3272, .T. ) ;
#4903 = ORIENTED_EDGE ( 'NONE', *, *, #867, .T. ) ;
#4904 = DIRECTION ( 'NONE',  ( 0.000000000000000000, 0.000000000000000000, -1.000000000000000000 ) ) ;
#4905 = EDGE_CURVE ( 'NONE', #7738, #721, #729, .T. ) ;
#4906 = AXIS2_PLACEMENT_3D ( 'NONE', #3203, #378, #1139 ) ;
#4907 = CARTESIAN_POINT ( 'NONE',  ( 104.4459999999999980, 0.000000000000000000, -91.66800000000000637 ) ) ;
#4908 = DIRECTION ( 'NONE',  ( 0.000000000000000000, 1.000000000000000000, 0.000000000000000000 ) ) ;
#4909 = DIRECTION ( 'NONE',  ( 0.000000000000000000, 1.000000000000000000, 0.000000000000000000 ) ) ;
#4910 = VERTEX_POINT ( 'NONE', #5312 ) ;
#4911 = VECTOR ( 'NONE', #316, 1000.000000000000000 ) ;
#4912 = VERTEX_POINT ( 'NONE', #5931 ) ;
#4913 = ADVANCED_FACE ( 'NONE', ( #3800 ), #6604, .F. ) ;
#4914 = DIRECTION ( 'NONE',  ( 0.000000000000000000, 0.000000000000000000, 1.000000000000000000 ) ) ;
#4915 = CIRCLE ( 'NONE', #2918, 4.000000000000003553 ) ;
#4916 = CARTESIAN_POINT ( 'NONE',  ( 104.4459999999999980, 3.000000000000000000, -104.4459999999999980 ) ) ;
#4917 = ORIENTED_EDGE ( 'NONE', *, *, #6579, .F. ) ;
#4918 = DIRECTION ( 'NONE',  ( 0.000000000000000000, 0.000000000000000000, -1.000000000000000000 ) ) ;
#4919 = EDGE_CURVE ( 'NONE', #4737, #4123, #5884, .T. ) ;
#4920 = DIRECTION ( 'NONE',  ( 0.000000000000000000, 1.000000000000000000, 0.000000000000000000 ) ) ;
#4921 = VECTOR ( 'NONE', #6964, 1000.000000000000000 ) ;
#4922 = CARTESIAN_POINT ( 'NONE',  ( 15.00000000000000000, 0.000000000000000000, -98.94600000000001216 ) ) ;
#4923 = ORIENTED_EDGE ( 'NONE', *, *, #8500, .T. ) ;
#4924 = DIRECTION ( 'NONE',  ( 0.000000000000000000, 0.000000000000000000, 1.000000000000000000 ) ) ;
#4925 = AXIS2_PLACEMENT_3D ( 'NONE', #8741, #7395, #6058 ) ;
#4926 = CARTESIAN_POINT ( 'NONE',  ( 53.33399999999999608, 0.000000000000000000, -53.33399999999999608 ) ) ;
#4927 = AXIS2_PLACEMENT_3D ( 'NONE', #8003, #1822, #5228 ) ;
#4928 = CARTESIAN_POINT ( 'NONE',  ( 27.77799999999999869, 3.000000000000000000, -27.77799999999999869 ) ) ;
#4929 = CARTESIAN_POINT ( 'NONE',  ( 104.4459999999999980, 3.000000000000000000, -15.00000000000000000 ) ) ;
#4930 = AXIS2_PLACEMENT_3D ( 'NONE', #8787, #1947, #4811 ) ;
#4931 = CARTESIAN_POINT ( 'NONE',  ( 78.89000000000000057, 3.000000000000000000, -124.5019999999999953 ) ) ;
#4932 = ORIENTED_EDGE ( 'NONE', *, *, #4794, .T. ) ;
#4933 = CARTESIAN_POINT ( 'NONE',  ( 104.4459999999999980, 3.000000000000000000, -122.7240000000000038 ) ) ;
#4934 = CARTESIAN_POINT ( 'NONE',  ( 40.55599999999999739, 3.000000000000000000, -9.500000000000003553 ) ) ;
#4935 = LINE ( 'NONE', #7663, #5886 ) ;
#4936 = DIRECTION ( 'NONE',  ( 0.000000000000000000, -0.000000000000000000, 1.000000000000000000 ) ) ;
#4937 = CARTESIAN_POINT ( 'NONE',  ( 53.33399999999999608, 0.000000000000000000, -117.2239999999999895 ) ) ;
#4938 = VERTEX_POINT ( 'NONE', #570 ) ;
#4939 = ORIENTED_EDGE ( 'NONE', *, *, #3643, .T. ) ;
#4940 = ORIENTED_EDGE ( 'NONE', *, *, #4389, .T. ) ;
#4941 = ADVANCED_FACE ( 'NONE', ( #6561 ), #8040, .F. ) ;
#4942 = DIRECTION ( 'NONE',  ( 0.000000000000000000, 1.000000000000000000, 0.000000000000000000 ) ) ;
#4943 = ORIENTED_EDGE ( 'NONE', *, *, #8670, .F. ) ;
#4944 = ORIENTED_EDGE ( 'NONE', *, *, #5457, .F. ) ;
#4945 = DIRECTION ( 'NONE',  ( 0.000000000000000000, 0.000000000000000000, -1.000000000000000000 ) ) ;
#4946 = DIRECTION ( 'NONE',  ( 0.000000000000000000, 0.000000000000000000, 1.000000000000000000 ) ) ;
#4947 = DIRECTION ( 'NONE',  ( 0.000000000000000000, 1.000000000000000000, 0.000000000000000000 ) ) ;
#4948 = EDGE_CURVE ( 'NONE', #8642, #8292, #4018, .T. ) ;
#4949 = LINE ( 'NONE', #8352, #4921 ) ;
#4950 = AXIS2_PLACEMENT_3D ( 'NONE', #5624, #1673, #4945 ) ;
#4951 = EDGE_LOOP ( 'NONE', ( #8398, #7714, #4952, #5053 ) ) ;
#4952 = ORIENTED_EDGE ( 'NONE', *, *, #3816, .F. ) ;
#4953 = EDGE_CURVE ( 'NONE', #5115, #1756, #4640, .T. ) ;
#4954 = LINE ( 'NONE', #3706, #7255 ) ;
#4955 = CARTESIAN_POINT ( 'NONE',  ( 40.55599999999999739, 0.000000000000000000, -58.83399999999999608 ) ) ;
#4956 = AXIS2_PLACEMENT_3D ( 'NONE', #1165, #8547, #2430 ) ;
#4957 = VERTEX_POINT ( 'NONE', #5845 ) ;
#4958 = DIRECTION ( 'NONE',  ( 0.000000000000000000, -1.000000000000000000, 0.000000000000000000 ) ) ;
#4959 = PLANE ( 'NONE',  #7676 ) ;
#4960 = ADVANCED_FACE ( 'NONE', ( #3890 ), #8616, .F. ) ;
#4961 = EDGE_CURVE ( 'NONE', #4468, #5407, #997, .T. ) ;
#4962 = CIRCLE ( 'NONE', #822, 5.500000000000005329 ) ;
#4963 = CARTESIAN_POINT ( 'NONE',  ( 27.77799999999999869, 3.000000000000000000, -91.66800000000000637 ) ) ;
#4964 = ORIENTED_EDGE ( 'NONE', *, *, #2334, .T. ) ;
#4965 = EDGE_CURVE ( 'NONE', #1094, #49, #5586, .T. ) ;
#4966 = CARTESIAN_POINT ( 'NONE',  ( 91.66800000000000637, 3.000000000000000000, -40.55599999999999739 ) ) ;
#4967 = DIRECTION ( 'NONE',  ( 0.000000000000000000, 1.000000000000000000, 0.000000000000000000 ) ) ;
#4968 = CIRCLE ( 'NONE', #2972, 5.499999999999998224 ) ;
#4969 = EDGE_CURVE ( 'NONE', #1907, #2307, #3525, .T. ) ;
#4970 = DIRECTION ( 'NONE',  ( 0.000000000000000000, 1.000000000000000000, 0.000000000000000000 ) ) ;
#4971 = FACE_OUTER_BOUND ( 'NONE', #2627, .T. ) ;
#4972 = ORIENTED_EDGE ( 'NONE', *, *, #5677, .T. ) ;
#4973 = DIRECTION ( 'NONE',  ( -0.000000000000000000, -0.000000000000000000, 1.000000000000000000 ) ) ;
#4974 = AXIS2_PLACEMENT_3D ( 'NONE', #1471, #6297, #4914 ) ;
#4975 = CIRCLE ( 'NONE', #5410, 5.500000000000005329 ) ;
#4976 = DIRECTION ( 'NONE',  ( 0.000000000000000000, 1.000000000000000000, 0.000000000000000000 ) ) ;
#4977 = AXIS2_PLACEMENT_3D ( 'NONE', #7226, #5882, #5264 ) ;
#4978 = DIRECTION ( 'NONE',  ( 0.000000000000000000, -1.000000000000000000, 0.000000000000000000 ) ) ;
#4979 = CIRCLE ( 'NONE', #8691, 5.500000000000005329 ) ;
#4980 = CARTESIAN_POINT ( 'NONE',  ( 104.4459999999999980, 3.000000000000000000, -66.11200000000000898 ) ) ;
#4981 = CARTESIAN_POINT ( 'NONE',  ( 91.66800000000000637, 3.000000000000000000, -58.83400000000000318 ) ) ;
#4982 = ORIENTED_EDGE ( 'NONE', *, *, #202, .F. ) ;
#4983 = AXIS2_PLACEMENT_3D ( 'NONE', #1161, #2469, #8586 ) ;
#4984 = EDGE_LOOP ( 'NONE', ( #3266, #2657 ) ) ;
#4985 = CARTESIAN_POINT ( 'NONE',  ( 66.11200000000000898, 0.000000000000000000, -78.89000000000000057 ) ) ;
#4986 = ORIENTED_EDGE ( 'NONE', *, *, #2390, .T. ) ;
#4987 = VECTOR ( 'NONE', #6716, 1000.000000000000000 ) ;
#4988 = AXIS2_PLACEMENT_3D ( 'NONE', #3592, #6268, #147 ) ;
#4989 = VERTEX_POINT ( 'NONE', #76 ) ;
#4990 = ORIENTED_EDGE ( 'NONE', *, *, #1617, .F. ) ;
#4991 = FACE_OUTER_BOUND ( 'NONE', #7446, .T. ) ;
#4992 = CARTESIAN_POINT ( 'NONE',  ( 15.00000000000000000, 3.000000000000000000, -104.4459999999999980 ) ) ;
#4993 = LINE ( 'NONE', #2264, #1610 ) ;
#4994 = CIRCLE ( 'NONE', #5987, 5.500000000000003553 ) ;
#4995 = DIRECTION ( 'NONE',  ( 0.000000000000000000, 0.000000000000000000, 1.000000000000000000 ) ) ;
#4996 = CIRCLE ( 'NONE', #4566, 5.500000000000018652 ) ;
#4997 = VERTEX_POINT ( 'NONE', #6830 ) ;
#4998 = ORIENTED_EDGE ( 'NONE', *, *, #250, .T. ) ;
#4999 = DIRECTION ( 'NONE',  ( 0.000000000000000000, 0.000000000000000000, -1.000000000000000000 ) ) ;
#5000 = DIRECTION ( 'NONE',  ( 0.000000000000000000, 1.000000000000000000, 0.000000000000000000 ) ) ;
#5001 = EDGE_CURVE ( 'NONE', #5167, #7415, #3584, .T. ) ;
#5002 = AXIS2_PLACEMENT_3D ( 'NONE', #722, #3496, #2151 ) ;
#5003 = VERTEX_POINT ( 'NONE', #8263 ) ;
#5004 = DIRECTION ( 'NONE',  ( 0.000000000000000000, 1.000000000000000000, 0.000000000000000000 ) ) ;
#5005 = CARTESIAN_POINT ( 'NONE',  ( 130.0020000000000095, 0.000000000000000000, -53.33399999999999608 ) ) ;
#5006 = EDGE_CURVE ( 'NONE', #5156, #1245, #3451, .T. ) ;
#5007 = CARTESIAN_POINT ( 'NONE',  ( 130.0020000000000095, 3.000000000000000000, -47.83399999999998187 ) ) ;
#5008 = ORIENTED_EDGE ( 'NONE', *, *, #6083, .F. ) ;
#5009 = CYLINDRICAL_SURFACE ( 'NONE', #7386, 5.500000000000005329 ) ;
#5010 = EDGE_CURVE ( 'NONE', #2394, #8492, #2139, .T. ) ;
#5011 = VERTEX_POINT ( 'NONE', #7593 ) ;
#5012 = CARTESIAN_POINT ( 'NONE',  ( 53.33399999999999608, 3.000000000000000000, -117.2239999999999895 ) ) ;
#5013 = ADVANCED_FACE ( 'NONE', ( #2860 ), #6159, .F. ) ;
#5014 = EDGE_CURVE ( 'NONE', #49, #1094, #4434, .T. ) ;
#5015 = DIRECTION ( 'NONE',  ( 0.000000000000000000, 0.000000000000000000, 1.000000000000000000 ) ) ;
#5016 = LINE ( 'NONE', #8452, #6473 ) ;
#5017 = EDGE_LOOP ( 'NONE', ( #504, #5519, #2155, #922 ) ) ;
#5018 = FACE_OUTER_BOUND ( 'NONE', #851, .T. ) ;
#5019 = EDGE_CURVE ( 'NONE', #607, #1963, #6291, .T. ) ;
#5020 = DIRECTION ( 'NONE',  ( 0.000000000000000000, -0.000000000000000000, 1.000000000000000000 ) ) ;
#5021 = DIRECTION ( 'NONE',  ( 0.000000000000000000, 1.000000000000000000, 0.000000000000000000 ) ) ;
#5022 = DIRECTION ( 'NONE',  ( 0.000000000000000000, 1.000000000000000000, 0.000000000000000000 ) ) ;
#5023 = LINE ( 'NONE', #7253, #627 ) ;
#5024 = DIRECTION ( 'NONE',  ( 0.000000000000000000, -1.000000000000000000, 0.000000000000000000 ) ) ;
#5025 = VERTEX_POINT ( 'NONE', #6919 ) ;
#5026 = VERTEX_POINT ( 'NONE', #6877 ) ;
#5027 = CYLINDRICAL_SURFACE ( 'NONE', #8534, 5.500000000000005329 ) ;
#5028 = VERTEX_POINT ( 'NONE', #4867 ) ;
#5029 = AXIS2_PLACEMENT_3D ( 'NONE', #5874, #7892, #7937 ) ;
#5030 = EDGE_LOOP ( 'NONE', ( #2077, #3438, #506, #8838 ) ) ;
#5031 = ORIENTED_EDGE ( 'NONE', *, *, #1388, .F. ) ;
#5032 = DIRECTION ( 'NONE',  ( 0.000000000000000000, 0.000000000000000000, -1.000000000000000000 ) ) ;
#5033 = FACE_OUTER_BOUND ( 'NONE', #5632, .T. ) ;
#5034 = CARTESIAN_POINT ( 'NONE',  ( 130.0020000000000095, 0.000000000000000000, -104.4459999999999980 ) ) ;
#5035 = CARTESIAN_POINT ( 'NONE',  ( 0.000000000000000000, 10.00000000000000000, -145.0000000000000000 ) ) ;
#5036 = CIRCLE ( 'NONE', #4047, 5.499999999999998224 ) ;
#5037 = ORIENTED_EDGE ( 'NONE', *, *, #1558, .T. ) ;
#5038 = ORIENTED_EDGE ( 'NONE', *, *, #808, .F. ) ;
#5039 = FACE_OUTER_BOUND ( 'NONE', #5083, .T. ) ;
#5040 = AXIS2_PLACEMENT_3D ( 'NONE', #8291, #7482, #3511 ) ;
#5041 = CARTESIAN_POINT ( 'NONE',  ( 40.55599999999999739, 3.000000000000000000, -15.00000000000000000 ) ) ;
#5042 = AXIS2_PLACEMENT_3D ( 'NONE', #6963, #7049, #8432 ) ;
#5043 = VERTEX_POINT ( 'NONE', #7407 ) ;
#5044 = CARTESIAN_POINT ( 'NONE',  ( 66.11200000000000898, 3.000000000000000000, -73.39000000000000057 ) ) ;
#5045 = CYLINDRICAL_SURFACE ( 'NONE', #1816, 5.499999999999998224 ) ;
#5046 = CIRCLE ( 'NONE', #6906, 5.499999999999998224 ) ;
#5047 = EDGE_CURVE ( 'NONE', #7107, #4593, #5856, .T. ) ;
#5048 = VECTOR ( 'NONE', #4628, 1000.000000000000000 ) ;
#5049 = DIRECTION ( 'NONE',  ( 0.000000000000000000, 0.000000000000000000, -1.000000000000000000 ) ) ;
#5050 = ORIENTED_EDGE ( 'NONE', *, *, #6770, .F. ) ;
#5051 = DIRECTION ( 'NONE',  ( 0.000000000000000000, 1.000000000000000000, 0.000000000000000000 ) ) ;
#5052 = ADVANCED_FACE ( 'NONE', ( #3483 ), #615, .F. ) ;
#5053 = ORIENTED_EDGE ( 'NONE', *, *, #8238, .F. ) ;
#5054 = DIRECTION ( 'NONE',  ( 0.000000000000000000, 1.000000000000000000, 0.000000000000000000 ) ) ;
#5055 = CIRCLE ( 'NONE', #5344, 5.500000000000005329 ) ;
#5056 = DIRECTION ( 'NONE',  ( 0.000000000000000000, 0.000000000000000000, 1.000000000000000000 ) ) ;
#5057 = EDGE_CURVE ( 'NONE', #4593, #7107, #7145, .T. ) ;
#5058 = FACE_OUTER_BOUND ( 'NONE', #3207, .T. ) ;
#5059 = ORIENTED_EDGE ( 'NONE', *, *, #6908, .T. ) ;
#5060 = DIRECTION ( 'NONE',  ( 0.000000000000000000, 1.000000000000000000, 0.000000000000000000 ) ) ;
#5061 = CIRCLE ( 'NONE', #1770, 5.500000000000005329 ) ;
#5062 = EDGE_CURVE ( 'NONE', #2204, #8378, #3296, .T. ) ;
#5063 = DIRECTION ( 'NONE',  ( 0.000000000000000000, 0.000000000000000000, 1.000000000000000000 ) ) ;
#5064 = CIRCLE ( 'NONE', #4349, 5.500000000000018652 ) ;
#5065 = DIRECTION ( 'NONE',  ( 0.000000000000000000, -1.000000000000000000, 0.000000000000000000 ) ) ;
#5066 = CIRCLE ( 'NONE', #1212, 5.500000000000005329 ) ;
#5067 = LINE ( 'NONE', #7794, #7463 ) ;
#5068 = DIRECTION ( 'NONE',  ( 0.000000000000000000, 1.000000000000000000, 0.000000000000000000 ) ) ;
#5069 = ADVANCED_FACE ( 'NONE', ( #3393, #6111 ), #2724, .F. ) ;
#5070 = EDGE_LOOP ( 'NONE', ( #7532, #3477, #2532, #5717 ) ) ;
#5071 = ORIENTED_EDGE ( 'NONE', *, *, #4663, .T. ) ;
#5072 = CARTESIAN_POINT ( 'NONE',  ( 117.2239999999999895, 3.000000000000000000, -66.11200000000000898 ) ) ;
#5073 = ADVANCED_FACE ( 'NONE', ( #708 ), #4772, .F. ) ;
#5074 = ORIENTED_EDGE ( 'NONE', *, *, #1684, .T. ) ;
#5075 = VERTEX_POINT ( 'NONE', #3441 ) ;
#5076 = FACE_OUTER_BOUND ( 'NONE', #2616, .T. ) ;
#5077 = CARTESIAN_POINT ( 'NONE',  ( 117.2239999999999895, 3.000000000000000000, -58.83400000000000318 ) ) ;
#5078 = CARTESIAN_POINT ( 'NONE',  ( 104.4459999999999980, 3.000000000000000000, -60.61200000000000188 ) ) ;
#5079 = DIRECTION ( 'NONE',  ( 0.000000000000000000, 0.000000000000000000, 1.000000000000000000 ) ) ;
#5080 = ORIENTED_EDGE ( 'NONE', *, *, #2738, .F. ) ;
#5081 = EDGE_LOOP ( 'NONE', ( #4744, #6560 ) ) ;
#5082 = CYLINDRICAL_SURFACE ( 'NONE', #3553, 5.500000000000005329 ) ;
#5083 = EDGE_LOOP ( 'NONE', ( #4411, #692 ) ) ;
#5084 = CARTESIAN_POINT ( 'NONE',  ( 53.33399999999999608, 0.000000000000000000, -58.83399999999999608 ) ) ;
#5085 = ORIENTED_EDGE ( 'NONE', *, *, #5282, .T. ) ;
#5086 = DIRECTION ( 'NONE',  ( 0.000000000000000000, -1.000000000000000000, 0.000000000000000000 ) ) ;
#5087 = CARTESIAN_POINT ( 'NONE',  ( 66.11200000000000898, 3.000000000000000000, -15.00000000000000000 ) ) ;
#5088 = AXIS2_PLACEMENT_3D ( 'NONE', #2395, #3200, #4536 ) ;
#5089 = VECTOR ( 'NONE', #6304, 1000.000000000000000 ) ;
#5090 = DIRECTION ( 'NONE',  ( 0.000000000000000000, 0.000000000000000000, 1.000000000000000000 ) ) ;
#5091 = CYLINDRICAL_SURFACE ( 'NONE', #217, 5.500000000000005329 ) ;
#5092 = EDGE_LOOP ( 'NONE', ( #5430, #3792 ) ) ;
#5093 = DIRECTION ( 'NONE',  ( 0.000000000000000000, 1.000000000000000000, 0.000000000000000000 ) ) ;
#5094 = AXIS2_PLACEMENT_3D ( 'NONE', #4216, #6890, #723 ) ;
#5095 = ORIENTED_EDGE ( 'NONE', *, *, #7030, .F. ) ;
#5096 = FACE_OUTER_BOUND ( 'NONE', #6862, .T. ) ;
#5097 = CIRCLE ( 'NONE', #2966, 4.000000000000003553 ) ;
#5098 = LINE ( 'NONE', #2544, #985 ) ;
#5099 = DIRECTION ( 'NONE',  ( 0.000000000000000000, -1.000000000000000000, 0.000000000000000000 ) ) ;
#5100 = VERTEX_POINT ( 'NONE', #8219 ) ;
#5101 = LINE ( 'NONE', #8542, #3555 ) ;
#5102 = AXIS2_PLACEMENT_3D ( 'NONE', #3401, #1379, #7508 ) ;
#5103 = CARTESIAN_POINT ( 'NONE',  ( 66.11200000000000898, 0.000000000000000000, -15.00000000000000000 ) ) ;
#5104 = ADVANCED_FACE ( 'NONE', ( #4240 ), #5663, .F. ) ;
#5105 = AXIS2_PLACEMENT_3D ( 'NONE', #8734, #1084, #7303 ) ;
#5106 = DIRECTION ( 'NONE',  ( 0.000000000000000000, 1.000000000000000000, 0.000000000000000000 ) ) ;
#5107 = DIRECTION ( 'NONE',  ( 0.000000000000000000, 0.000000000000000000, -1.000000000000000000 ) ) ;
#5108 = DIRECTION ( 'NONE',  ( 0.000000000000000000, -1.000000000000000000, 0.000000000000000000 ) ) ;
#5109 = ADVANCED_FACE ( 'NONE', ( #5076 ), #6455, .F. ) ;
#5110 = CARTESIAN_POINT ( 'NONE',  ( 117.2239999999999895, 3.000000000000000000, -98.94599999999999795 ) ) ;
#5111 = EDGE_LOOP ( 'NONE', ( #6407, #6541 ) ) ;
#5112 = VERTEX_POINT ( 'NONE', #4405 ) ;
#5113 = DIRECTION ( 'NONE',  ( 0.000000000000000000, 1.000000000000000000, 0.000000000000000000 ) ) ;
#5114 = CIRCLE ( 'NONE', #2696, 5.500000000000005329 ) ;
#5115 = VERTEX_POINT ( 'NONE', #245 ) ;
#5116 = ADVANCED_FACE ( 'NONE', ( #7764 ), #1635, .F. ) ;
#5117 = AXIS2_PLACEMENT_3D ( 'NONE', #5446, #748, #6019 ) ;
#5118 = AXIS2_PLACEMENT_3D ( 'NONE', #5532, #2937, #7670 ) ;
#5119 = ORIENTED_EDGE ( 'NONE', *, *, #2550, .F. ) ;
#5120 = CARTESIAN_POINT ( 'NONE',  ( 104.4459999999999980, 3.000000000000000000, -40.55599999999999739 ) ) ;
#5121 = FACE_BOUND ( 'NONE', #5081, .T. ) ;
#5122 = CARTESIAN_POINT ( 'NONE',  ( 66.11200000000000898, 3.000000000000000000, -66.11200000000000898 ) ) ;
#5123 = AXIS2_PLACEMENT_3D ( 'NONE', #2559, #3950, #1118 ) ;
#5124 = ADVANCED_FACE ( 'NONE', ( #2222 ), #8348, .F. ) ;
#5125 = DIRECTION ( 'NONE',  ( 0.000000000000000000, -1.000000000000000000, 0.000000000000000000 ) ) ;
#5126 = EDGE_LOOP ( 'NONE', ( #387, #5866 ) ) ;
#5127 = AXIS2_PLACEMENT_3D ( 'NONE', #8633, #4523, #1259 ) ;
#5128 = AXIS2_PLACEMENT_3D ( 'NONE', #576, #2374, #2634 ) ;
#5129 = ORIENTED_EDGE ( 'NONE', *, *, #6205, .T. ) ;
#5130 = FACE_OUTER_BOUND ( 'NONE', #1504, .T. ) ;
#5131 = ORIENTED_EDGE ( 'NONE', *, *, #2066, .T. ) ;
#5132 = EDGE_CURVE ( 'NONE', #3488, #660, #2013, .T. ) ;
#5133 = DIRECTION ( 'NONE',  ( 0.000000000000000000, 1.000000000000000000, 0.000000000000000000 ) ) ;
#5134 = ORIENTED_EDGE ( 'NONE', *, *, #3394, .T. ) ;
#5135 = LINE ( 'NONE', #4333, #5 ) ;
#5136 = AXIS2_PLACEMENT_3D ( 'NONE', #6222, #96, #6981 ) ;
#5138 = CIRCLE ( 'NONE', #5993, 5.500000000000005329 ) ;
#5137 = CARTESIAN_POINT ( 'NONE',  ( 117.2239999999999895, 3.000000000000000000, -86.16799999999999216 ) ) ;
#5139 = FACE_BOUND ( 'NONE', #1217, .T. ) ;
#5140 = CARTESIAN_POINT ( 'NONE',  ( 53.33399999999999608, 3.000000000000000000, -122.7240000000000038 ) ) ;
#5141 = ORIENTED_EDGE ( 'NONE', *, *, #592, .F. ) ;
#5142 = CIRCLE ( 'NONE', #858, 5.500000000000018652 ) ;
#5143 = DIRECTION ( 'NONE',  ( 0.000000000000000000, 1.000000000000000000, 0.000000000000000000 ) ) ;
#5144 = AXIS2_PLACEMENT_3D ( 'NONE', #1192, #519, #8217 ) ;
#5145 = ORIENTED_EDGE ( 'NONE', *, *, #8110, .F. ) ;
#5146 = PLANE ( 'NONE',  #7999 ) ;
#5147 = AXIS2_PLACEMENT_3D ( 'NONE', #7500, #1373, #4114 ) ;
#5148 = DIRECTION ( 'NONE',  ( 0.000000000000000000, 0.000000000000000000, 1.000000000000000000 ) ) ;
#5149 = ORIENTED_EDGE ( 'NONE', *, *, #6205, .F. ) ;
#5150 = FACE_OUTER_BOUND ( 'NONE', #5275, .T. ) ;
#5151 = CARTESIAN_POINT ( 'NONE',  ( 140.0000000000000000, 0.000000000000000000, -5.000000000000000000 ) ) ;
#5152 = CARTESIAN_POINT ( 'NONE',  ( 117.2239999999999895, 3.000000000000000000, -47.83399999999999608 ) ) ;
#5153 = FACE_OUTER_BOUND ( 'NONE', #4846, .T. ) ;
#5154 = CARTESIAN_POINT ( 'NONE',  ( 27.77799999999999869, 0.000000000000000000, -135.5020000000000095 ) ) ;
#5155 = CARTESIAN_POINT ( 'NONE',  ( 40.55599999999999739, 3.000000000000000000, -91.66800000000000637 ) ) ;
#5156 = VERTEX_POINT ( 'NONE', #3654 ) ;
#5157 = ORIENTED_EDGE ( 'NONE', *, *, #6537, .F. ) ;
#5158 = EDGE_CURVE ( 'NONE', #4009, #7782, #8152, .T. ) ;
#5159 = PLANE ( 'NONE',  #1402 ) ;
#5160 = EDGE_LOOP ( 'NONE', ( #3426, #5954 ) ) ;
#5161 = ADVANCED_FACE ( 'NONE', ( #6369 ), #4284, .F. ) ;
#5162 = ORIENTED_EDGE ( 'NONE', *, *, #5805, .F. ) ;
#5163 = FACE_OUTER_BOUND ( 'NONE', #4768, .T. ) ;
#5164 = CARTESIAN_POINT ( 'NONE',  ( 104.4459999999999980, 3.000000000000000000, -117.2239999999999895 ) ) ;
#5165 = DIRECTION ( 'NONE',  ( 0.000000000000000000, -1.000000000000000000, 0.000000000000000000 ) ) ;
#5166 = CARTESIAN_POINT ( 'NONE',  ( 27.77799999999999869, 0.000000000000000000, -9.500000000000003553 ) ) ;
#5167 = VERTEX_POINT ( 'NONE', #4365 ) ;
#5168 = ADVANCED_FACE ( 'NONE', ( #1590 ), #205, .F. ) ;
#5169 = CIRCLE ( 'NONE', #5315, 5.500000000000005329 ) ;
#5170 = ORIENTED_EDGE ( 'NONE', *, *, #4316, .T. ) ;
#5171 = DIRECTION ( 'NONE',  ( 0.000000000000000000, 1.000000000000000000, 0.000000000000000000 ) ) ;
#5172 = EDGE_LOOP ( 'NONE', ( #1792, #6094 ) ) ;
#5173 = ADVANCED_FACE ( 'NONE', ( #2941 ), #2982, .F. ) ;
#5174 = DIRECTION ( 'NONE',  ( 0.000000000000000000, 0.000000000000000000, 1.000000000000000000 ) ) ;
#5175 = VERTEX_POINT ( 'NONE', #165 ) ;
#5176 = CARTESIAN_POINT ( 'NONE',  ( 0.000000000000000000, 10.00000000000000000, -145.0000000000000000 ) ) ;
#5177 = VECTOR ( 'NONE', #2301, 1000.000000000000000 ) ;
#5178 = DIRECTION ( 'NONE',  ( 0.000000000000000000, 1.000000000000000000, 0.000000000000000000 ) ) ;
#5179 = FACE_BOUND ( 'NONE', #3359, .T. ) ;
#5180 = EDGE_CURVE ( 'NONE', #1963, #4938, #8470, .T. ) ;
#5181 = CARTESIAN_POINT ( 'NONE',  ( 27.77799999999999869, 0.000000000000000000, -86.16799999999999216 ) ) ;
#5182 = VERTEX_POINT ( 'NONE', #3612 ) ;
#5183 = CARTESIAN_POINT ( 'NONE',  ( 91.66800000000000637, 3.000000000000000000, -73.39000000000000057 ) ) ;
#5184 = AXIS2_PLACEMENT_3D ( 'NONE', #1167, #501, #5107 ) ;
#5185 = ADVANCED_FACE ( 'NONE', ( #7803 ), #2899, .F. ) ;
#5186 = DIRECTION ( 'NONE',  ( 0.000000000000000000, 0.000000000000000000, 1.000000000000000000 ) ) ;
#5187 = ADVANCED_FACE ( 'NONE', ( #7134 ), #7673, .F. ) ;
#5188 = EDGE_LOOP ( 'NONE', ( #4816, #8512, #2108, #43 ) ) ;
#5189 = FACE_OUTER_BOUND ( 'NONE', #4070, .T. ) ;
#5190 = CIRCLE ( 'NONE', #6046, 5.500000000000005329 ) ;
#5191 = AXIS2_PLACEMENT_3D ( 'NONE', #2578, #1181, #6776 ) ;
#5192 = LINE ( 'NONE', #1208, #474 ) ;
#5193 = VERTEX_POINT ( 'NONE', #8429 ) ;
#5194 = FACE_OUTER_BOUND ( 'NONE', #2871, .T. ) ;
#5195 = ORIENTED_EDGE ( 'NONE', *, *, #4805, .F. ) ;
#5196 = AXIS2_PLACEMENT_3D ( 'NONE', #6271, #5732, #7705 ) ;
#5197 = AXIS2_PLACEMENT_3D ( 'NONE', #6997, #4189, #193 ) ;
#5198 = LINE ( 'NONE', #7925, #8845 ) ;
#5199 = DIRECTION ( 'NONE',  ( 0.000000000000000000, -1.000000000000000000, 0.000000000000000000 ) ) ;
#5200 = CARTESIAN_POINT ( 'NONE',  ( 104.4459999999999980, 3.000000000000000000, -58.83400000000000318 ) ) ;
#5201 = CYLINDRICAL_SURFACE ( 'NONE', #6474, 5.500000000000005329 ) ;
#5202 = DIRECTION ( 'NONE',  ( 0.000000000000000000, 1.000000000000000000, 0.000000000000000000 ) ) ;
#5203 = AXIS2_PLACEMENT_3D ( 'NONE', #4369, #6923, #7010 ) ;
#5204 = ORIENTED_EDGE ( 'NONE', *, *, #4969, .F. ) ;
#5205 = VERTEX_POINT ( 'NONE', #2261 ) ;
#5206 = DIRECTION ( 'NONE',  ( 0.000000000000000000, 1.000000000000000000, 0.000000000000000000 ) ) ;
#5207 = ORIENTED_EDGE ( 'NONE', *, *, #7453, .T. ) ;
#5208 = CIRCLE ( 'NONE', #4642, 5.500000000000005329 ) ;
#5209 = ORIENTED_EDGE ( 'NONE', *, *, #2839, .F. ) ;
#5210 = CARTESIAN_POINT ( 'NONE',  ( 66.11200000000000898, 3.000000000000000000, -46.05599999999999739 ) ) ;
#5211 = DIRECTION ( 'NONE',  ( 0.000000000000000000, -1.000000000000000000, 0.000000000000000000 ) ) ;
#5212 = CARTESIAN_POINT ( 'NONE',  ( 117.2239999999999895, 3.000000000000000000, -111.7239999999999895 ) ) ;
#5213 = DIRECTION ( 'NONE',  ( 0.000000000000000000, 0.000000000000000000, 1.000000000000000000 ) ) ;
#5214 = AXIS2_PLACEMENT_3D ( 'NONE', #5935, #4600, #2368 ) ;
#5215 = EDGE_LOOP ( 'NONE', ( #6953, #967 ) ) ;
#5216 = ADVANCED_FACE ( 'NONE', ( #4991 ), #4322, .F. ) ;
#5217 = CC_DESIGN_SECURITY_CLASSIFICATION ( #2938, ( #1645 ) ) ;
#5218 = ORIENTED_EDGE ( 'NONE', *, *, #6699, .F. ) ;
#5219 = DIRECTION ( 'NONE',  ( 0.000000000000000000, 0.000000000000000000, 1.000000000000000000 ) ) ;
#5220 = EDGE_LOOP ( 'NONE', ( #6511, #2465 ) ) ;
#5221 = CARTESIAN_POINT ( 'NONE',  ( 27.77799999999999869, 3.000000000000000000, -58.83399999999999608 ) ) ;
#5222 = ORIENTED_EDGE ( 'NONE', *, *, #415, .F. ) ;
#5223 = DIRECTION ( 'NONE',  ( 0.000000000000000000, 1.000000000000000000, 0.000000000000000000 ) ) ;
#5224 = EDGE_CURVE ( 'NONE', #1972, #8585, #1381, .T. ) ;
#5225 = DIRECTION ( 'NONE',  ( 0.000000000000000000, 0.000000000000000000, -1.000000000000000000 ) ) ;
#5226 = FACE_BOUND ( 'NONE', #8686, .T. ) ;
#5227 = ADVANCED_FACE ( 'NONE', ( #5163 ), #508, .F. ) ;
#5228 = DIRECTION ( 'NONE',  ( 0.000000000000000000, 0.000000000000000000, -1.000000000000000000 ) ) ;
#5229 = ORIENTED_EDGE ( 'NONE', *, *, #8726, .T. ) ;
#5230 = DIRECTION ( 'NONE',  ( 0.000000000000000000, 0.000000000000000000, 1.000000000000000000 ) ) ;
#5231 = CARTESIAN_POINT ( 'NONE',  ( 5.000000000000000000, 10.00000000000000000, -140.0000000000000000 ) ) ;
#5232 = EDGE_LOOP ( 'NONE', ( #7396, #2595, #2524, #2146 ) ) ;
#5233 = CYLINDRICAL_SURFACE ( 'NONE', #6134, 5.499999999999991118 ) ;
#5234 = ADVANCED_FACE ( 'NONE', ( #7851 ), #1762, .F. ) ;
#5235 = EDGE_CURVE ( 'NONE', #7343, #2145, #6375, .T. ) ;
#5236 = AXIS2_PLACEMENT_3D ( 'NONE', #464, #1178, #8513 ) ;
#5237 = CARTESIAN_POINT ( 'NONE',  ( 91.66800000000000637, 3.000000000000000000, -53.33399999999999608 ) ) ;
#5238 = ORIENTED_EDGE ( 'NONE', *, *, #3861, .F. ) ;
#5239 = FACE_OUTER_BOUND ( 'NONE', #28, .T. ) ;
#5240 = EDGE_LOOP ( 'NONE', ( #3095, #1426, #5119, #3303 ) ) ;
#5241 = DIRECTION ( 'NONE',  ( 0.000000000000000000, 0.000000000000000000, -1.000000000000000000 ) ) ;
#5242 = EDGE_CURVE ( 'NONE', #4096, #3561, #3387, .T. ) ;
#5243 = AXIS2_PLACEMENT_3D ( 'NONE', #6844, #4125, #1518 ) ;
#5244 = DIRECTION ( 'NONE',  ( 0.000000000000000000, 0.000000000000000000, 1.000000000000000000 ) ) ;
#5245 = LINE ( 'NONE', #7928, #2330 ) ;
#5246 = LINE ( 'NONE', #2568, #2485 ) ;
#5247 = CYLINDRICAL_SURFACE ( 'NONE', #220, 5.500000000000005329 ) ;
#5248 = VERTEX_POINT ( 'NONE', #376 ) ;
#5249 = ORIENTED_EDGE ( 'NONE', *, *, #3450, .F. ) ;
#5250 = DIRECTION ( 'NONE',  ( 0.000000000000000000, 1.000000000000000000, 0.000000000000000000 ) ) ;
#5251 = VERTEX_POINT ( 'NONE', #1137 ) ;
#5252 = ORIENTED_EDGE ( 'NONE', *, *, #747, .F. ) ;
#5253 = DIRECTION ( 'NONE',  ( 0.000000000000000000, -0.000000000000000000, 1.000000000000000000 ) ) ;
#5254 = FACE_OUTER_BOUND ( 'NONE', #2346, .T. ) ;
#5255 = AXIS2_PLACEMENT_3D ( 'NONE', #1649, #4380, #5641 ) ;
#5256 = CARTESIAN_POINT ( 'NONE',  ( 78.89000000000000057, 0.000000000000000000, -91.66800000000000637 ) ) ;
#5257 = LINE ( 'NONE', #1184, #8215 ) ;
#5258 = ORIENTED_EDGE ( 'NONE', *, *, #4582, .F. ) ;
#5259 = VECTOR ( 'NONE', #5824, 1000.000000000000000 ) ;
#5260 = ORIENTED_EDGE ( 'NONE', *, *, #7250, .F. ) ;
#5261 = FACE_OUTER_BOUND ( 'NONE', #5844, .T. ) ;
#5262 = CIRCLE ( 'NONE', #1408, 5.499999999999991118 ) ;
#5263 = ORIENTED_EDGE ( 'NONE', *, *, #2542, .T. ) ;
#5264 = DIRECTION ( 'NONE',  ( 0.000000000000000000, 0.000000000000000000, 1.000000000000000000 ) ) ;
#5265 = ORIENTED_EDGE ( 'NONE', *, *, #1617, .T. ) ;
#5266 = AXIS2_PLACEMENT_3D ( 'NONE', #2335, #8373, #7707 ) ;
#5267 = CARTESIAN_POINT ( 'NONE',  ( 53.33399999999999608, 3.000000000000000000, -117.2239999999999895 ) ) ;
#5268 = DIRECTION ( 'NONE',  ( 0.000000000000000000, -1.000000000000000000, 0.000000000000000000 ) ) ;
#5269 = AXIS2_PLACEMENT_3D ( 'NONE', #2673, #1954, #2043 ) ;
#5270 = FACE_BOUND ( 'NONE', #7494, .T. ) ;
#5271 = AXIS2_PLACEMENT_3D ( 'NONE', #3522, #8383, #162 ) ;
#5272 = CYLINDRICAL_SURFACE ( 'NONE', #135, 5.500000000000005329 ) ;
#5273 = DIRECTION ( 'NONE',  ( 0.000000000000000000, 1.000000000000000000, 0.000000000000000000 ) ) ;
#5274 = AXIS2_PLACEMENT_3D ( 'NONE', #1884, #7965, #3230 ) ;
#5275 = EDGE_LOOP ( 'NONE', ( #8434, #3335, #5498, #4864 ) ) ;
#5276 = EDGE_CURVE ( 'NONE', #1403, #3043, #3830, .T. ) ;
#5277 = CYLINDRICAL_SURFACE ( 'NONE', #5398, 5.500000000000005329 ) ;
#5278 = CARTESIAN_POINT ( 'NONE',  ( 66.11200000000000898, 0.000000000000000000, -35.05599999999999028 ) ) ;
#5279 = AXIS2_PLACEMENT_3D ( 'NONE', #4024, #6735, #1325 ) ;
#5280 = EDGE_LOOP ( 'NONE', ( #2425, #5955 ) ) ;
#5281 = DIRECTION ( 'NONE',  ( 0.000000000000000000, 0.000000000000000000, 1.000000000000000000 ) ) ;
#5282 = EDGE_CURVE ( 'NONE', #4595, #8056, #8644, .T. ) ;
#5283 = AXIS2_PLACEMENT_3D ( 'NONE', #1879, #8627, #5281 ) ;
#5284 = CIRCLE ( 'NONE', #4707, 5.500000000000005329 ) ;
#5285 = FACE_OUTER_BOUND ( 'NONE', #7574, .T. ) ;
#5286 = EDGE_LOOP ( 'NONE', ( #589, #6076, #2163, #4646 ) ) ;
#5287 = ADVANCED_FACE ( 'NONE', ( #3919 ), #1225, .F. ) ;
#5288 = CYLINDRICAL_SURFACE ( 'NONE', #5123, 5.500000000000005329 ) ;
#5289 = ORIENTED_EDGE ( 'NONE', *, *, #4564, .F. ) ;
#5290 = DIRECTION ( 'NONE',  ( 0.000000000000000000, 0.000000000000000000, -1.000000000000000000 ) ) ;
#5291 = EDGE_CURVE ( 'NONE', #3705, #1756, #231, .T. ) ;
#5292 = VECTOR ( 'NONE', #3933, 1000.000000000000000 ) ;
#5293 = DIRECTION ( 'NONE',  ( 0.000000000000000000, -1.000000000000000000, 0.000000000000000000 ) ) ;
#5294 = DIRECTION ( 'NONE',  ( -0.000000000000000000, -1.000000000000000000, -0.000000000000000000 ) ) ;
#5295 = DATE_AND_TIME ( #8156, #2218 ) ;
#5296 = ORIENTED_EDGE ( 'NONE', *, *, #1732, .T. ) ;
#5297 = ORIENTED_EDGE ( 'NONE', *, *, #2488, .T. ) ;
#5298 = ADVANCED_FACE ( 'NONE', ( #1858 ), #422, .F. ) ;
#5299 = CARTESIAN_POINT ( 'NONE',  ( 91.66800000000000637, 0.000000000000000000, -135.5020000000000095 ) ) ;
#5300 = EDGE_LOOP ( 'NONE', ( #5616, #1875, #762, #5289 ) ) ;
#5301 = ORIENTED_EDGE ( 'NONE', *, *, #4502, .F. ) ;
#5302 = DIRECTION ( 'NONE',  ( 0.000000000000000000, 1.000000000000000000, 0.000000000000000000 ) ) ;
#5303 = CARTESIAN_POINT ( 'NONE',  ( 40.55599999999999739, 3.000000000000000000, -122.7240000000000038 ) ) ;
#5304 = LINE ( 'NONE', #6013, #3058 ) ;
#5305 = DIRECTION ( 'NONE',  ( 0.000000000000000000, 0.000000000000000000, 1.000000000000000000 ) ) ;
#5306 = ORIENTED_EDGE ( 'NONE', *, *, #3331, .T. ) ;
#5307 = ORIENTED_EDGE ( 'NONE', *, *, #2817, .F. ) ;
#5308 = DIRECTION ( 'NONE',  ( 0.000000000000000000, 0.000000000000000000, 1.000000000000000000 ) ) ;
#5309 = EDGE_LOOP ( 'NONE', ( #4530, #7917, #8571, #7311 ) ) ;
#5310 = DIRECTION ( 'NONE',  ( 0.000000000000000000, 0.000000000000000000, 1.000000000000000000 ) ) ;
#5311 = EDGE_LOOP ( 'NONE', ( #1313, #3075 ) ) ;
#5312 = CARTESIAN_POINT ( 'NONE',  ( 15.00000000000000000, 3.000000000000000000, -20.49999999999999645 ) ) ;
#5313 = CARTESIAN_POINT ( 'NONE',  ( 53.33399999999999608, 3.000000000000000000, -9.500000000000003553 ) ) ;
#5314 = FACE_BOUND ( 'NONE', #1367, .T. ) ;
#5315 = AXIS2_PLACEMENT_3D ( 'NONE', #4907, #4820, #120 ) ;
#5316 = LINE ( 'NONE', #3982, #6988 ) ;
#5317 = DIRECTION ( 'NONE',  ( 0.000000000000000000, 1.000000000000000000, 0.000000000000000000 ) ) ;
#5318 = EDGE_LOOP ( 'NONE', ( #6429, #1010, #4568, #5584 ) ) ;
#5319 = CARTESIAN_POINT ( 'NONE',  ( 15.00000000000000000, 0.000000000000000000, -124.5019999999999953 ) ) ;
#5320 = DIRECTION ( 'NONE',  ( 0.000000000000000000, -1.000000000000000000, 0.000000000000000000 ) ) ;
#5321 = ORIENTED_EDGE ( 'NONE', *, *, #6262, .F. ) ;
#5322 = DIRECTION ( 'NONE',  ( 0.000000000000000000, 0.000000000000000000, 1.000000000000000000 ) ) ;
#5323 = EDGE_CURVE ( 'NONE', #7146, #7940, #4517, .T. ) ;
#5324 = AXIS2_PLACEMENT_3D ( 'NONE', #3189, #3147, #8680 ) ;
#5325 = CARTESIAN_POINT ( 'NONE',  ( 117.2239999999999895, 3.000000000000000000, -27.77799999999999869 ) ) ;
#5326 = VERTEX_POINT ( 'NONE', #5210 ) ;
#5327 = EDGE_CURVE ( 'NONE', #1136, #4101, #5797, .T. ) ;
#5328 = LINE ( 'NONE', #2513, #3995 ) ;
#5329 = EDGE_LOOP ( 'NONE', ( #6863, #8033, #2495, #5901 ) ) ;
#5330 = CARTESIAN_POINT ( 'NONE',  ( 5.000000000000000000, 4.000000000000000000, -7.249999999999999112 ) ) ;
#5331 = CIRCLE ( 'NONE', #902, 5.500000000000005329 ) ;
#5332 = ADVANCED_FACE ( 'NONE', ( #6590 ), #7936, .F. ) ;
#5333 = CARTESIAN_POINT ( 'NONE',  ( 140.0000000000000000, 4.000000000000000000, -144.0000000000000284 ) ) ;
#5334 = CARTESIAN_POINT ( 'NONE',  ( 66.11200000000000898, 0.000000000000000000, -130.0020000000000095 ) ) ;
#5335 = ORIENTED_EDGE ( 'NONE', *, *, #5622, .F. ) ;
#5336 = ORIENTED_EDGE ( 'NONE', *, *, #4698, .T. ) ;
#5337 = EDGE_CURVE ( 'NONE', #5011, #5248, #5667, .T. ) ;
#5338 = CARTESIAN_POINT ( 'NONE',  ( 27.77799999999999869, 3.000000000000000000, -66.11200000000000898 ) ) ;
#5339 = CIRCLE ( 'NONE', #773, 5.500000000000018652 ) ;
#5340 = ORIENTED_EDGE ( 'NONE', *, *, #2783, .T. ) ;
#5341 = EDGE_LOOP ( 'NONE', ( #5095, #3812 ) ) ;
#5342 = DIRECTION ( 'NONE',  ( 0.000000000000000000, -1.000000000000000000, 0.000000000000000000 ) ) ;
#5343 = ADVANCED_FACE ( 'NONE', ( #4449 ), #8561, .F. ) ;
#5344 = AXIS2_PLACEMENT_3D ( 'NONE', #7211, #1126, #5818 ) ;
#5345 = DIRECTION ( 'NONE',  ( 0.000000000000000000, 1.000000000000000000, 0.000000000000000000 ) ) ;
#5346 = CARTESIAN_POINT ( 'NONE',  ( 27.77799999999999869, 3.000000000000000000, -124.5019999999999953 ) ) ;
#5347 = DIRECTION ( 'NONE',  ( 0.000000000000000000, 0.000000000000000000, 1.000000000000000000 ) ) ;
#5348 = ORIENTED_EDGE ( 'NONE', *, *, #7312, .F. ) ;
#5349 = EDGE_CURVE ( 'NONE', #4486, #4398, #5940, .T. ) ;
#5350 = ADVANCED_FACE ( 'NONE', ( #2125 ), #650, .F. ) ;
#5351 = ORIENTED_EDGE ( 'NONE', *, *, #697, .T. ) ;
#5352 = LINE ( 'NONE', #8791, #1692 ) ;
#5353 = CIRCLE ( 'NONE', #2067, 5.500000000000016875 ) ;
#5354 = VERTEX_POINT ( 'NONE', #5479 ) ;
#5355 = DIRECTION ( 'NONE',  ( 0.000000000000000000, -1.000000000000000000, 0.000000000000000000 ) ) ;
#5356 = ORIENTED_EDGE ( 'NONE', *, *, #7699, .F. ) ;
#5357 = DIRECTION ( 'NONE',  ( 0.000000000000000000, 0.000000000000000000, 1.000000000000000000 ) ) ;
#5358 = ADVANCED_FACE ( 'NONE', ( #5386 ), #8206, .F. ) ;
#5359 = DIRECTION ( 'NONE',  ( 0.000000000000000000, 1.000000000000000000, 0.000000000000000000 ) ) ;
#5361 = FACE_OUTER_BOUND ( 'NONE', #5702, .T. ) ;
#5360 = AXIS2_PLACEMENT_3D ( 'NONE', #1410, #8831, #1278 ) ;
#5362 = LINE ( 'NONE', #7323, #7848 ) ;
#5363 = FACE_OUTER_BOUND ( 'NONE', #7495, .T. ) ;
#5364 = ORIENTED_EDGE ( 'NONE', *, *, #5771, .T. ) ;
#5365 = DIRECTION ( 'NONE',  ( 0.000000000000000000, 0.000000000000000000, 1.000000000000000000 ) ) ;
#5366 = FACE_OUTER_BOUND ( 'NONE', #2854, .T. ) ;
#5367 = CIRCLE ( 'NONE', #5782, 5.500000000000005329 ) ;
#5368 = ORIENTED_EDGE ( 'NONE', *, *, #4732, .T. ) ;
#5369 = DIRECTION ( 'NONE',  ( 0.000000000000000000, -1.000000000000000000, 0.000000000000000000 ) ) ;
#5370 = DIRECTION ( 'NONE',  ( 0.000000000000000000, 0.000000000000000000, 1.000000000000000000 ) ) ;
#5371 = EDGE_LOOP ( 'NONE', ( #7997, #4940, #8091, #5252 ) ) ;
#5372 = CARTESIAN_POINT ( 'NONE',  ( 78.89000000000000057, 3.000000000000000000, -33.27799999999999869 ) ) ;
#5373 = ORIENTED_EDGE ( 'NONE', *, *, #8234, .F. ) ;
#5374 = DIRECTION ( 'NONE',  ( 0.000000000000000000, 1.000000000000000000, 0.000000000000000000 ) ) ;
#5375 = DIRECTION ( 'NONE',  ( 0.000000000000000000, 1.000000000000000000, 0.000000000000000000 ) ) ;
#5376 = AXIS2_PLACEMENT_3D ( 'NONE', #6634, #8028, #3787 ) ;
#5377 = CYLINDRICAL_SURFACE ( 'NONE', #3347, 5.500000000000005329 ) ;
#5378 = CARTESIAN_POINT ( 'NONE',  ( 117.2239999999999895, 3.000000000000000000, -53.33399999999999608 ) ) ;
#5379 = CYLINDRICAL_SURFACE ( 'NONE', #7901, 5.500000000000005329 ) ;
#5380 = EDGE_LOOP ( 'NONE', ( #1037, #7334, #5080, #1538 ) ) ;
#5381 = LINE ( 'NONE', #7340, #8538 ) ;
#5382 = ADVANCED_FACE ( 'NONE', ( #4015 ), #5525, .F. ) ;
#5383 = CIRCLE ( 'NONE', #815, 5.499999999999996447 ) ;
#5384 = EDGE_LOOP ( 'NONE', ( #396, #1905 ) ) ;
#5385 = VERTEX_POINT ( 'NONE', #2662 ) ;
#5386 = FACE_OUTER_BOUND ( 'NONE', #1144, .T. ) ;
#5387 = EDGE_CURVE ( 'NONE', #4989, #3664, #8804, .T. ) ;
#5388 = DIRECTION ( 'NONE',  ( 0.000000000000000000, 1.000000000000000000, 0.000000000000000000 ) ) ;
#5389 = CARTESIAN_POINT ( 'NONE',  ( 78.89000000000000057, 0.000000000000000000, -117.2239999999999895 ) ) ;
#5390 = DIRECTION ( 'NONE',  ( 0.000000000000000000, 1.000000000000000000, 0.000000000000000000 ) ) ;
#5391 = AXIS2_PLACEMENT_3D ( 'NONE', #2998, #5721, #8441 ) ;
#5392 = ORIENTED_EDGE ( 'NONE', *, *, #3036, .F. ) ;
#5393 = EDGE_LOOP ( 'NONE', ( #830, #5131, #7953, #7877 ) ) ;
#5394 = EDGE_CURVE ( 'NONE', #350, #749, #3427, .T. ) ;
#5395 = DIRECTION ( 'NONE',  ( 0.000000000000000000, -1.000000000000000000, 0.000000000000000000 ) ) ;
#5396 = EDGE_LOOP ( 'NONE', ( #8109, #2136, #578, #6005 ) ) ;
#5397 = DIRECTION ( 'NONE',  ( 0.000000000000000000, -1.000000000000000000, 0.000000000000000000 ) ) ;
#5398 = AXIS2_PLACEMENT_3D ( 'NONE', #3134, #4510, #1922 ) ;
#5399 = EDGE_LOOP ( 'NONE', ( #4032, #5260 ) ) ;
#5400 = DIRECTION ( 'NONE',  ( 0.000000000000000000, 0.000000000000000000, 1.000000000000000000 ) ) ;
#5401 = EDGE_CURVE ( 'NONE', #8792, #8439, #6231, .T. ) ;
#5402 = DIRECTION ( 'NONE',  ( 0.000000000000000000, 0.000000000000000000, 1.000000000000000000 ) ) ;
#5403 = FACE_BOUND ( 'NONE', #951, .T. ) ;
#5404 = CARTESIAN_POINT ( 'NONE',  ( 66.11200000000000898, 3.000000000000000000, -66.11200000000000898 ) ) ;
#5405 = AXIS2_PLACEMENT_3D ( 'NONE', #5841, #4592, #6599 ) ;
#5406 = DIRECTION ( 'NONE',  ( 0.000000000000000000, -1.000000000000000000, 0.000000000000000000 ) ) ;
#5407 = VERTEX_POINT ( 'NONE', #1316 ) ;
#5408 = EDGE_CURVE ( 'NONE', #1756, #3705, #1804, .T. ) ;
#5409 = DIRECTION ( 'NONE',  ( 0.000000000000000000, 1.000000000000000000, 0.000000000000000000 ) ) ;
#5410 = AXIS2_PLACEMENT_3D ( 'NONE', #5607, #6092, #1359 ) ;
#5411 = DIRECTION ( 'NONE',  ( 0.000000000000000000, -1.000000000000000000, 0.000000000000000000 ) ) ;
#5412 = EDGE_LOOP ( 'NONE', ( #6500, #8506, #1589, #7065 ) ) ;
#5413 = LINE ( 'NONE', #763, #426 ) ;
#5414 = CIRCLE ( 'NONE', #7426, 5.500000000000005329 ) ;
#5416 = CIRCLE ( 'NONE', #8123, 5.500000000000005329 ) ;
#5415 = DIRECTION ( 'NONE',  ( 0.000000000000000000, -1.000000000000000000, 0.000000000000000000 ) ) ;
#5417 = CIRCLE ( 'NONE', #2705, 5.500000000000005329 ) ;
#5418 = CARTESIAN_POINT ( 'NONE',  ( 117.2239999999999895, 3.000000000000000000, -117.2239999999999895 ) ) ;
#5419 = ORIENTED_EDGE ( 'NONE', *, *, #4686, .T. ) ;
#5420 = AXIS2_PLACEMENT_3D ( 'NONE', #1305, #1122, #3864 ) ;
#5421 = DIRECTION ( 'NONE',  ( 0.000000000000000000, 1.000000000000000000, 0.000000000000000000 ) ) ;
#5422 = AXIS2_PLACEMENT_3D ( 'NONE', #6070, #357, #4030 ) ;
#5423 = CARTESIAN_POINT ( 'NONE',  ( 40.55599999999999739, 3.000000000000000000, -15.00000000000000000 ) ) ;
#5424 = AXIS2_PLACEMENT_3D ( 'NONE', #5643, #6305, #2068 ) ;
#5425 = CARTESIAN_POINT ( 'NONE',  ( 130.0020000000000095, 3.000000000000000000, -78.89000000000000057 ) ) ;
#5426 = VECTOR ( 'NONE', #1011, 1000.000000000000000 ) ;
#5427 = CARTESIAN_POINT ( 'NONE',  ( 104.4459999999999980, 0.000000000000000000, -98.94599999999999795 ) ) ;
#5428 = DIRECTION ( 'NONE',  ( 0.000000000000000000, 0.000000000000000000, 1.000000000000000000 ) ) ;
#5429 = FACE_OUTER_BOUND ( 'NONE', #8704, .T. ) ;
#5430 = ORIENTED_EDGE ( 'NONE', *, *, #5349, .F. ) ;
#5431 = CARTESIAN_POINT ( 'NONE',  ( 130.0020000000000095, 3.000000000000000000, -104.4459999999999980 ) ) ;
#5432 = VECTOR ( 'NONE', #5942, 1000.000000000000000 ) ;
#5433 = VERTEX_POINT ( 'NONE', #8112 ) ;
#5434 = EDGE_LOOP ( 'NONE', ( #6016, #6437, #4972, #5640 ) ) ;
#5435 = DIRECTION ( 'NONE',  ( 0.000000000000000000, -1.000000000000000000, 0.000000000000000000 ) ) ;
#5436 = DIRECTION ( 'NONE',  ( 0.000000000000000000, -1.000000000000000000, 0.000000000000000000 ) ) ;
#5437 = CARTESIAN_POINT ( 'NONE',  ( 27.77799999999999869, 0.000000000000000000, -91.66800000000000637 ) ) ;
#5438 = ADVANCED_FACE ( 'NONE', ( #6904 ), #1990, .F. ) ;
#5439 = AXIS2_PLACEMENT_3D ( 'NONE', #7006, #7086, #290 ) ;
#5440 = DIRECTION ( 'NONE',  ( 0.000000000000000000, 0.000000000000000000, 1.000000000000000000 ) ) ;
#5441 = EDGE_LOOP ( 'NONE', ( #4374, #113, #6554, #1811 ) ) ;
#5442 = ORIENTED_EDGE ( 'NONE', *, *, #4506, .F. ) ;
#5443 = EDGE_CURVE ( 'NONE', #1322, #6241, #8250, .T. ) ;
#5444 = DIRECTION ( 'NONE',  ( 0.000000000000000000, 0.000000000000000000, -1.000000000000000000 ) ) ;
#5445 = ORIENTED_EDGE ( 'NONE', *, *, #3756, .T. ) ;
#5446 = CARTESIAN_POINT ( 'NONE',  ( 91.66800000000000637, 3.000000000000000000, -40.55599999999999739 ) ) ;
#5447 = ORIENTED_EDGE ( 'NONE', *, *, #7399, .T. ) ;
#5448 = DIRECTION ( 'NONE',  ( 0.000000000000000000, 1.000000000000000000, 0.000000000000000000 ) ) ;
#5449 = CARTESIAN_POINT ( 'NONE',  ( 40.55599999999999739, 3.000000000000000000, -130.0020000000000095 ) ) ;
#5450 = EDGE_CURVE ( 'NONE', #6600, #2805, #19, .T. ) ;
#5451 = FACE_BOUND ( 'NONE', #1417, .T. ) ;
#5452 = ORIENTED_EDGE ( 'NONE', *, *, #8031, .F. ) ;
#5453 = CARTESIAN_POINT ( 'NONE',  ( 66.11200000000000898, 3.000000000000000000, -66.11200000000000898 ) ) ;
#5454 = ORIENTED_EDGE ( 'NONE', *, *, #1558, .F. ) ;
#5455 = EDGE_CURVE ( 'NONE', #6241, #3618, #7082, .T. ) ;
#5456 = CARTESIAN_POINT ( 'NONE',  ( 104.4459999999999980, 3.000000000000000000, -130.0020000000000095 ) ) ;
#5457 = EDGE_CURVE ( 'NONE', #7862, #7052, #8826, .T. ) ;
#5458 = DIRECTION ( 'NONE',  ( 0.000000000000000000, 0.000000000000000000, 1.000000000000000000 ) ) ;
#5459 = EDGE_LOOP ( 'NONE', ( #5373, #4681, #1516, #4332 ) ) ;
#5460 = CARTESIAN_POINT ( 'NONE',  ( 27.77799999999999869, 0.000000000000000000, -78.89000000000000057 ) ) ;
#5461 = DIRECTION ( 'NONE',  ( 0.000000000000000000, -0.000000000000000000, 1.000000000000000000 ) ) ;
#5462 = EDGE_CURVE ( 'NONE', #5182, #3043, #3670, .T. ) ;
#5463 = DIRECTION ( 'NONE',  ( 0.000000000000000000, 0.000000000000000000, 1.000000000000000000 ) ) ;
#5464 = ORIENTED_EDGE ( 'NONE', *, *, #1412, .T. ) ;
#5465 = EDGE_CURVE ( 'NONE', #6799, #8439, #8783, .T. ) ;
#5466 = CARTESIAN_POINT ( 'NONE',  ( 15.00000000000000000, 3.000000000000000000, -40.55599999999999739 ) ) ;
#5467 = CIRCLE ( 'NONE', #2175, 5.500000000000005329 ) ;
#5468 = LINE ( 'NONE', #2111, #6852 ) ;
#5469 = CIRCLE ( 'NONE', #6030, 5.500000000000005329 ) ;
#5470 = DIRECTION ( 'NONE',  ( 0.000000000000000000, -1.000000000000000000, 0.000000000000000000 ) ) ;
#5471 = DIRECTION ( 'NONE',  ( 0.000000000000000000, 0.000000000000000000, 1.000000000000000000 ) ) ;
#5472 = CYLINDRICAL_SURFACE ( 'NONE', #7697, 5.500000000000005329 ) ;
#5473 = LINE ( 'NONE', #4051, #6756 ) ;
#5474 = ORIENTED_EDGE ( 'NONE', *, *, #1732, .F. ) ;
#5475 = FACE_OUTER_BOUND ( 'NONE', #5764, .T. ) ;
#5476 = AXIS2_PLACEMENT_3D ( 'NONE', #1124, #680, #635 ) ;
#5477 = VERTEX_POINT ( 'NONE', #4102 ) ;
#5478 = EDGE_LOOP ( 'NONE', ( #4200, #2799, #8630, #2478 ) ) ;
#5479 = CARTESIAN_POINT ( 'NONE',  ( 117.2239999999999895, 0.000000000000000000, -98.94599999999999795 ) ) ;
#5480 = CARTESIAN_POINT ( 'NONE',  ( 130.0020000000000095, 3.000000000000000000, -53.33399999999999608 ) ) ;
#5481 = VECTOR ( 'NONE', #2467, 1000.000000000000000 ) ;
#5482 = DIRECTION ( 'NONE',  ( 0.000000000000000000, 1.000000000000000000, 0.000000000000000000 ) ) ;
#5483 = DIRECTION ( 'NONE',  ( 0.000000000000000000, 1.000000000000000000, 0.000000000000000000 ) ) ;
#5484 = AXIS2_PLACEMENT_3D ( 'NONE', #5122, #8603, #4408 ) ;
#5485 = ORIENTED_EDGE ( 'NONE', *, *, #8394, .F. ) ;
#5486 = ORIENTED_EDGE ( 'NONE', *, *, #895, .F. ) ;
#5487 = DIRECTION ( 'NONE',  ( 0.000000000000000000, 0.000000000000000000, 1.000000000000000000 ) ) ;
#5488 = ORIENTED_EDGE ( 'NONE', *, *, #524, .T. ) ;
#5489 = CARTESIAN_POINT ( 'NONE',  ( 104.4459999999999980, 3.000000000000000000, -78.89000000000000057 ) ) ;
#5490 = AXIS2_PLACEMENT_3D ( 'NONE', #8591, #994, #3682 ) ;
#5491 = EDGE_LOOP ( 'NONE', ( #4023, #2584, #4711, #3611 ) ) ;
#5492 = CARTESIAN_POINT ( 'NONE',  ( 140.0000000000000000, 4.000000000000000000, -140.0000000000000000 ) ) ;
#5493 = CARTESIAN_POINT ( 'NONE',  ( 104.4459999999999980, 3.000000000000000000, -66.11200000000000898 ) ) ;
#5494 = DIRECTION ( 'NONE',  ( 0.000000000000000000, 1.000000000000000000, 0.000000000000000000 ) ) ;
#5495 = ORIENTED_EDGE ( 'NONE', *, *, #4780, .T. ) ;
#5496 = VECTOR ( 'NONE', #3487, 1000.000000000000000 ) ;
#5497 = CYLINDRICAL_SURFACE ( 'NONE', #6393, 5.500000000000005329 ) ;
#5498 = ORIENTED_EDGE ( 'NONE', *, *, #1108, .F. ) ;
#5499 = DIRECTION ( 'NONE',  ( 0.000000000000000000, 0.000000000000000000, 1.000000000000000000 ) ) ;
#5500 = LINE ( 'NONE', #3358, #2573 ) ;
#5501 = ADVANCED_FACE ( 'NONE', ( #6773 ), #3380, .F. ) ;
#5502 = CIRCLE ( 'NONE', #7063, 4.000000000000003553 ) ;
#5503 = EDGE_LOOP ( 'NONE', ( #3090, #2407, #4661, #8664 ) ) ;
#5504 = DIRECTION ( 'NONE',  ( 0.000000000000000000, 0.000000000000000000, 1.000000000000000000 ) ) ;
#5505 = AXIS2_PLACEMENT_3D ( 'NONE', #1005, #1678, #1142 ) ;
#5506 = PLANE ( 'NONE',  #4533 ) ;
#5507 = EDGE_CURVE ( 'NONE', #7991, #8158, #4807, .T. ) ;
#5508 = CARTESIAN_POINT ( 'NONE',  ( 40.55599999999999739, 3.000000000000000000, -104.4459999999999980 ) ) ;
#5509 = ORIENTED_EDGE ( 'NONE', *, *, #8649, .T. ) ;
#5510 = CARTESIAN_POINT ( 'NONE',  ( 66.11200000000000898, 0.000000000000000000, -78.89000000000000057 ) ) ;
#5511 =( GEOMETRIC_REPRESENTATION_CONTEXT ( 3 ) GLOBAL_UNCERTAINTY_ASSIGNED_CONTEXT ( ( #1220 ) ) GLOBAL_UNIT_ASSIGNED_CONTEXT ( ( #7842, #3104, #7212 ) ) REPRESENTATION_CONTEXT ( 'NONE', 'WORKASPACE' ) );
#5512 = EDGE_CURVE ( 'NONE', #204, #780, #6401, .T. ) ;
#5513 = DIRECTION ( 'NONE',  ( 0.000000000000000000, 0.000000000000000000, 1.000000000000000000 ) ) ;
#5514 = EDGE_CURVE ( 'NONE', #3932, #916, #380, .T. ) ;
#5515 = FACE_OUTER_BOUND ( 'NONE', #656, .T. ) ;
#5516 = DIRECTION ( 'NONE',  ( 0.000000000000000000, -1.000000000000000000, 0.000000000000000000 ) ) ;
#5517 = CARTESIAN_POINT ( 'NONE',  ( 117.2239999999999895, 3.000000000000000000, -130.0020000000000095 ) ) ;
#5518 = FACE_OUTER_BOUND ( 'NONE', #5309, .T. ) ;
#5519 = ORIENTED_EDGE ( 'NONE', *, *, #4582, .T. ) ;
#5520 = FACE_OUTER_BOUND ( 'NONE', #4636, .T. ) ;
#5521 = EDGE_CURVE ( 'NONE', #1530, #3138, #3396, .T. ) ;
#5522 = ORIENTED_EDGE ( 'NONE', *, *, #3707, .T. ) ;
#5523 = EDGE_LOOP ( 'NONE', ( #2769, #7510 ) ) ;
#5524 = VECTOR ( 'NONE', #1405, 1000.000000000000000 ) ;
#5525 = PLANE ( 'NONE',  #2523 ) ;
#5526 = DIRECTION ( 'NONE',  ( 0.000000000000000000, 0.000000000000000000, -1.000000000000000000 ) ) ;
#5527 = CYLINDRICAL_SURFACE ( 'NONE', #5197, 5.500000000000005329 ) ;
#5528 = FACE_OUTER_BOUND ( 'NONE', #8224, .T. ) ;
#5529 = ORIENTED_EDGE ( 'NONE', *, *, #2620, .F. ) ;
#5530 = VECTOR ( 'NONE', #2968, 1000.000000000000000 ) ;
#5531 = EDGE_LOOP ( 'NONE', ( #4327, #564 ) ) ;
#5532 = CARTESIAN_POINT ( 'NONE',  ( 27.77799999999999869, 3.000000000000000000, -27.77799999999999869 ) ) ;
#5533 = EDGE_LOOP ( 'NONE', ( #1370, #3087, #6151, #2995 ) ) ;
#5534 = DIRECTION ( 'NONE',  ( 0.000000000000000000, -1.000000000000000000, 0.000000000000000000 ) ) ;
#5535 = EDGE_LOOP ( 'NONE', ( #3689, #2851, #6141, #4404 ) ) ;
#5536 = DIRECTION ( 'NONE',  ( 0.000000000000000000, 0.000000000000000000, 1.000000000000000000 ) ) ;
#5537 = CARTESIAN_POINT ( 'NONE',  ( 78.89000000000000057, 3.000000000000000000, -104.4459999999999980 ) ) ;
#5538 = AXIS2_PLACEMENT_3D ( 'NONE', #7466, #45, #2780 ) ;
#5539 = CYLINDRICAL_SURFACE ( 'NONE', #6323, 5.500000000000005329 ) ;
#5540 = DIRECTION ( 'NONE',  ( 0.000000000000000000, 1.000000000000000000, 0.000000000000000000 ) ) ;
#5541 = EDGE_LOOP ( 'NONE', ( #2804, #5229 ) ) ;
#5542 = CARTESIAN_POINT ( 'NONE',  ( 27.77799999999999869, 0.000000000000000000, -53.33399999999999608 ) ) ;
#5543 = EDGE_LOOP ( 'NONE', ( #6165, #4057 ) ) ;
#5544 = DIRECTION ( 'NONE',  ( 0.000000000000000000, -1.000000000000000000, 0.000000000000000000 ) ) ;
#5545 = CARTESIAN_POINT ( 'NONE',  ( 117.2239999999999895, 3.000000000000000000, -109.9459999999999980 ) ) ;
#5546 = VERTEX_POINT ( 'NONE', #823 ) ;
#5547 = AXIS2_PLACEMENT_3D ( 'NONE', #577, #5317, #1920 ) ;
#5548 = DIRECTION ( 'NONE',  ( 0.000000000000000000, 1.000000000000000000, 0.000000000000000000 ) ) ;
#5549 = DIRECTION ( 'NONE',  ( 0.000000000000000000, 1.000000000000000000, 0.000000000000000000 ) ) ;
#5550 = EDGE_CURVE ( 'NONE', #8413, #914, #5383, .T. ) ;
#5551 = CARTESIAN_POINT ( 'NONE',  ( 15.00000000000000000, 3.000000000000000000, -130.0020000000000095 ) ) ;
#5552 = AXIS2_PLACEMENT_3D ( 'NONE', #3513, #103, #1312 ) ;
#5553 = VERTEX_POINT ( 'NONE', #8296 ) ;
#5554 = CYLINDRICAL_SURFACE ( 'NONE', #7406, 5.499999999999991118 ) ;
#5555 = EDGE_CURVE ( 'NONE', #7104, #402, #7619, .T. ) ;
#5556 = AXIS2_PLACEMENT_3D ( 'NONE', #3797, #5971, #8703 ) ;
#5557 = AXIS2_PLACEMENT_3D ( 'NONE', #214, #6250, #298 ) ;
#5558 = DIRECTION ( 'NONE',  ( 0.000000000000000000, -1.000000000000000000, 0.000000000000000000 ) ) ;
#5559 = CIRCLE ( 'NONE', #2415, 5.500000000000005329 ) ;
#5560 = FACE_BOUND ( 'NONE', #3962, .T. ) ;
#5561 = DIRECTION ( 'NONE',  ( 0.000000000000000000, 0.000000000000000000, 1.000000000000000000 ) ) ;
#5562 = EDGE_CURVE ( 'NONE', #4509, #4715, #1660, .T. ) ;
#5563 = AXIS2_PLACEMENT_3D ( 'NONE', #8151, #1887, #8102 ) ;
#5564 = AXIS2_PLACEMENT_3D ( 'NONE', #8036, #8836, #2041 ) ;
#5565 = LINE ( 'NONE', #2656, #1036 ) ;
#5566 = EDGE_LOOP ( 'NONE', ( #541, #3985, #2974, #6009 ) ) ;
#5567 = CARTESIAN_POINT ( 'NONE',  ( 78.89000000000000057, 3.000000000000000000, -104.4459999999999980 ) ) ;
#5568 = EDGE_CURVE ( 'NONE', #4417, #1073, #6277, .T. ) ;
#5569 = EDGE_CURVE ( 'NONE', #1817, #440, #7372, .T. ) ;
#5570 = ORIENTED_EDGE ( 'NONE', *, *, #3702, .T. ) ;
#5571 = AXIS2_PLACEMENT_3D ( 'NONE', #5012, #2327, #4340 ) ;
#5572 = CIRCLE ( 'NONE', #1273, 5.500000000000005329 ) ;
#5573 = DIRECTION ( 'NONE',  ( 0.000000000000000000, 1.000000000000000000, 0.000000000000000000 ) ) ;
#5574 = DIRECTION ( 'NONE',  ( 0.000000000000000000, 0.000000000000000000, 1.000000000000000000 ) ) ;
#5575 = FACE_OUTER_BOUND ( 'NONE', #2575, .T. ) ;
#5576 = ADVANCED_FACE ( 'NONE', ( #868 ), #8333, .F. ) ;
#5577 = CYLINDRICAL_SURFACE ( 'NONE', #7654, 5.499999999999998224 ) ;
#5578 = ORIENTED_EDGE ( 'NONE', *, *, #4516, .F. ) ;
#5579 = VECTOR ( 'NONE', #3977, 1000.000000000000000 ) ;
#5580 = VECTOR ( 'NONE', #6298, 1000.000000000000000 ) ;
#5581 = ORIENTED_EDGE ( 'NONE', *, *, #1412, .F. ) ;
#5582 = FACE_OUTER_BOUND ( 'NONE', #1279, .T. ) ;
#5583 = ORIENTED_EDGE ( 'NONE', *, *, #4506, .T. ) ;
#5584 = ORIENTED_EDGE ( 'NONE', *, *, #4515, .F. ) ;
#5585 = DIRECTION ( 'NONE',  ( 0.000000000000000000, -1.000000000000000000, 0.000000000000000000 ) ) ;
#5586 = CIRCLE ( 'NONE', #7431, 5.500000000000003553 ) ;
#5587 = CARTESIAN_POINT ( 'NONE',  ( 78.89000000000000057, 0.000000000000000000, -15.00000000000000000 ) ) ;
#5588 = DIRECTION ( 'NONE',  ( 0.000000000000000000, -1.000000000000000000, 0.000000000000000000 ) ) ;
#5589 = CARTESIAN_POINT ( 'NONE',  ( 91.66800000000000637, 3.000000000000000000, -130.0020000000000095 ) ) ;
#5590 = VERTEX_POINT ( 'NONE', #903 ) ;
#5591 = VERTEX_POINT ( 'NONE', #2845 ) ;
#5592 = DIRECTION ( 'NONE',  ( 0.000000000000000000, 0.000000000000000000, 1.000000000000000000 ) ) ;
#5593 = DIRECTION ( 'NONE',  ( 0.000000000000000000, -1.000000000000000000, 0.000000000000000000 ) ) ;
#5594 = ORIENTED_EDGE ( 'NONE', *, *, #6525, .T. ) ;
#5595 = DIRECTION ( 'NONE',  ( 0.000000000000000000, 1.000000000000000000, 0.000000000000000000 ) ) ;
#5596 = CARTESIAN_POINT ( 'NONE',  ( 78.89000000000000057, 3.000000000000000000, -117.2239999999999895 ) ) ;
#5597 = CARTESIAN_POINT ( 'NONE',  ( 27.77799999999999869, 3.000000000000000000, -104.4459999999999980 ) ) ;
#5598 = VERTEX_POINT ( 'NONE', #4934 ) ;
#5599 = DIRECTION ( 'NONE',  ( 0.000000000000000000, 0.000000000000000000, -1.000000000000000000 ) ) ;
#5600 = CARTESIAN_POINT ( 'NONE',  ( 53.33399999999999608, 3.000000000000000000, -66.11200000000000898 ) ) ;
#5601 = FACE_BOUND ( 'NONE', #3849, .T. ) ;
#5602 = CARTESIAN_POINT ( 'NONE',  ( 78.89000000000000057, 3.000000000000000000, -130.0020000000000095 ) ) ;
#5603 = ADVANCED_FACE ( 'NONE', ( #7750 ), #7662, .F. ) ;
#5604 = CIRCLE ( 'NONE', #4319, 5.499999999999991118 ) ;
#5605 = DIRECTION ( 'NONE',  ( 0.000000000000000000, 0.000000000000000000, -1.000000000000000000 ) ) ;
#5606 = ORIENTED_EDGE ( 'NONE', *, *, #7517, .F. ) ;
#5607 = CARTESIAN_POINT ( 'NONE',  ( 117.2239999999999895, 0.000000000000000000, -117.2239999999999895 ) ) ;
#5608 = APPROVAL ( #1265, 'UNSPECIFIED' ) ;
#5609 = EDGE_CURVE ( 'NONE', #5354, #7549, #3534, .T. ) ;
#5610 = DIRECTION ( 'NONE',  ( 0.000000000000000000, -1.000000000000000000, 0.000000000000000000 ) ) ;
#5611 = DIRECTION ( 'NONE',  ( 0.000000000000000000, 1.000000000000000000, 0.000000000000000000 ) ) ;
#5612 = CARTESIAN_POINT ( 'NONE',  ( 40.55599999999999739, 3.000000000000000000, -91.66800000000000637 ) ) ;
#5613 = ADVANCED_FACE ( 'NONE', ( #1533 ), #4350, .F. ) ;
#5614 = CARTESIAN_POINT ( 'NONE',  ( 27.77799999999999869, 3.000000000000000000, -27.77799999999999869 ) ) ;
#5615 = VERTEX_POINT ( 'NONE', #7792 ) ;
#5616 = ORIENTED_EDGE ( 'NONE', *, *, #1169, .T. ) ;
#5617 = AXIS2_PLACEMENT_3D ( 'NONE', #6581, #453, #1215 ) ;
#5618 = ORIENTED_EDGE ( 'NONE', *, *, #6754, .T. ) ;
#5619 = PLANE ( 'NONE',  #5271 ) ;
#5620 = VERTEX_POINT ( 'NONE', #7710 ) ;
#5621 = ADVANCED_FACE ( 'NONE', ( #3639 ), #5651, .F. ) ;
#5622 = EDGE_CURVE ( 'NONE', #2671, #8046, #7236, .T. ) ;
#5623 = ORIENTED_EDGE ( 'NONE', *, *, #3050, .F. ) ;
#5624 = CARTESIAN_POINT ( 'NONE',  ( 91.66800000000000637, 3.000000000000000000, -78.89000000000000057 ) ) ;
#5625 = CIRCLE ( 'NONE', #8332, 5.500000000000005329 ) ;
#5626 = FACE_OUTER_BOUND ( 'NONE', #8717, .T. ) ;
#5627 = DIRECTION ( 'NONE',  ( 0.000000000000000000, 1.000000000000000000, 0.000000000000000000 ) ) ;
#5628 = ADVANCED_FACE ( 'NONE', ( #4310 ), #7032, .F. ) ;
#5629 = CARTESIAN_POINT ( 'NONE',  ( 104.4459999999999980, 0.000000000000000000, -66.11200000000000898 ) ) ;
#5630 = ORIENTED_EDGE ( 'NONE', *, *, #3589, .T. ) ;
#5631 = CIRCLE ( 'NONE', #7044, 5.499999999999998224 ) ;
#5632 = EDGE_LOOP ( 'NONE', ( #7769, #6212 ) ) ;
#5633 = CARTESIAN_POINT ( 'NONE',  ( 40.55599999999999739, 3.000000000000000000, -46.05599999999999028 ) ) ;
#5634 = ADVANCED_FACE ( 'NONE', ( #7073 ), #6533, .F. ) ;
#5635 = CARTESIAN_POINT ( 'NONE',  ( 15.00000000000000000, 0.000000000000000000, -58.83399999999999608 ) ) ;
#5636 = VERTEX_POINT ( 'NONE', #3233 ) ;
#5637 = CARTESIAN_POINT ( 'NONE',  ( 91.66800000000000637, 3.000000000000000000, -91.66800000000000637 ) ) ;
#5638 = LINE ( 'NONE', #2873, #950 ) ;
#5639 = CARTESIAN_POINT ( 'NONE',  ( 117.2239999999999895, 3.000000000000000000, -20.50000000000000355 ) ) ;
#5640 = ORIENTED_EDGE ( 'NONE', *, *, #970, .F. ) ;
#5641 = DIRECTION ( 'NONE',  ( 0.000000000000000000, 0.000000000000000000, 1.000000000000000000 ) ) ;
#5642 = CIRCLE ( 'NONE', #1355, 5.500000000000005329 ) ;
#5643 = CARTESIAN_POINT ( 'NONE',  ( 40.55599999999999739, 0.000000000000000000, -117.2239999999999895 ) ) ;
#5644 = VECTOR ( 'NONE', #2956, 1000.000000000000000 ) ;
#5645 = DIRECTION ( 'NONE',  ( 0.000000000000000000, 0.000000000000000000, 1.000000000000000000 ) ) ;
#5646 = DIRECTION ( 'NONE',  ( 0.000000000000000000, 1.000000000000000000, 0.000000000000000000 ) ) ;
#5647 = AXIS2_PLACEMENT_3D ( 'NONE', #7124, #6538, #7254 ) ;
#5648 = DIRECTION ( 'NONE',  ( 0.000000000000000000, 1.000000000000000000, 0.000000000000000000 ) ) ;
#5649 = EDGE_LOOP ( 'NONE', ( #2730, #1543 ) ) ;
#5650 = LINE ( 'NONE', #2245, #7397 ) ;
#5651 = CYLINDRICAL_SURFACE ( 'NONE', #7092, 5.500000000000005329 ) ;
#5652 = CARTESIAN_POINT ( 'NONE',  ( 130.0020000000000095, 3.000000000000000000, -47.83399999999998187 ) ) ;
#5653 = CARTESIAN_POINT ( 'NONE',  ( 27.77799999999999869, 3.000000000000000000, -78.89000000000000057 ) ) ;
#5654 = DIRECTION ( 'NONE',  ( 0.000000000000000000, 1.000000000000000000, 0.000000000000000000 ) ) ;
#5655 = ORIENTED_EDGE ( 'NONE', *, *, #2390, .F. ) ;
#5656 = ORIENTED_EDGE ( 'NONE', *, *, #7852, .T. ) ;
#5657 = EDGE_CURVE ( 'NONE', #1614, #6600, #6519, .T. ) ;
#5658 = VERTEX_POINT ( 'NONE', #3188 ) ;
#5659 = FACE_BOUND ( 'NONE', #3105, .T. ) ;
#5660 = ORIENTED_EDGE ( 'NONE', *, *, #1058, .F. ) ;
#5661 = EDGE_CURVE ( 'NONE', #213, #4299, #7530, .T. ) ;
#5662 = EDGE_LOOP ( 'NONE', ( #7318, #3081 ) ) ;
#5663 = CYLINDRICAL_SURFACE ( 'NONE', #7722, 5.500000000000018652 ) ;
#5664 = LINE ( 'NONE', #5077, #6446 ) ;
#5665 = CYLINDRICAL_SURFACE ( 'NONE', #7040, 5.500000000000005329 ) ;
#5666 = CYLINDRICAL_SURFACE ( 'NONE', #5203, 5.500000000000005329 ) ;
#5667 = CIRCLE ( 'NONE', #5088, 5.500000000000005329 ) ;
#5668 = EDGE_LOOP ( 'NONE', ( #4714, #5071, #6288, #5711 ) ) ;
#5669 = CC_DESIGN_DATE_AND_TIME_ASSIGNMENT ( #6669, #3285, ( #2115 ) ) ;
#5670 = EDGE_LOOP ( 'NONE', ( #7437, #6990 ) ) ;
#5671 = LINE ( 'NONE', #7013, #6680 ) ;
#5672 = ADVANCED_FACE ( 'NONE', ( #5815 ), #5776, .F. ) ;
#5673 = CARTESIAN_POINT ( 'NONE',  ( 117.2239999999999895, 0.000000000000000000, -84.39000000000000057 ) ) ;
#5674 = VERTEX_POINT ( 'NONE', #1123 ) ;
#5675 = LINE ( 'NONE', #2318, #3443 ) ;
#5676 = CARTESIAN_POINT ( 'NONE',  ( 91.66800000000000637, 3.000000000000000000, -78.89000000000000057 ) ) ;
#5677 = EDGE_CURVE ( 'NONE', #6725, #4997, #5950, .T. ) ;
#5678 = VECTOR ( 'NONE', #5268, 1000.000000000000000 ) ;
#5679 = DIRECTION ( 'NONE',  ( 0.000000000000000000, 1.000000000000000000, 0.000000000000000000 ) ) ;
#5680 = ORIENTED_EDGE ( 'NONE', *, *, #3662, .T. ) ;
#5681 = DIRECTION ( 'NONE',  ( 0.000000000000000000, 0.000000000000000000, 1.000000000000000000 ) ) ;
#5682 = CARTESIAN_POINT ( 'NONE',  ( 91.66800000000000637, 3.000000000000000000, -135.5020000000000095 ) ) ;
#5683 = VECTOR ( 'NONE', #8755, 1000.000000000000000 ) ;
#5684 = FACE_OUTER_BOUND ( 'NONE', #2821, .T. ) ;
#5685 = CARTESIAN_POINT ( 'NONE',  ( 104.4459999999999980, 0.000000000000000000, -33.27799999999999869 ) ) ;
#5686 = ORIENTED_EDGE ( 'NONE', *, *, #3867, .F. ) ;
#5687 = FACE_OUTER_BOUND ( 'NONE', #2892, .T. ) ;
#5688 = AXIS2_PLACEMENT_3D ( 'NONE', #8273, #171, #5592 ) ;
#5689 = AXIS2_PLACEMENT_3D ( 'NONE', #2749, #1444, #6900 ) ;
#5690 = CARTESIAN_POINT ( 'NONE',  ( 140.0000000000000000, 0.000000000000000000, -1.000000000000007772 ) ) ;
#5691 = DIRECTION ( 'NONE',  ( 0.000000000000000000, 1.000000000000000000, 0.000000000000000000 ) ) ;
#5692 = CIRCLE ( 'NONE', #1690, 5.500000000000018652 ) ;
#5693 = DIRECTION ( 'NONE',  ( 0.000000000000000000, 1.000000000000000000, 0.000000000000000000 ) ) ;
#5694 = DIRECTION ( 'NONE',  ( 0.000000000000000000, 1.000000000000000000, 0.000000000000000000 ) ) ;
#5695 = CARTESIAN_POINT ( 'NONE',  ( 27.77799999999999869, 0.000000000000000000, -109.9459999999999837 ) ) ;
#5696 = ORIENTED_EDGE ( 'NONE', *, *, #7132, .F. ) ;
#5697 = ORIENTED_EDGE ( 'NONE', *, *, #6588, .T. ) ;
#5698 = FACE_OUTER_BOUND ( 'NONE', #4328, .T. ) ;
#5699 = ORIENTED_EDGE ( 'NONE', *, *, #4663, .F. ) ;
#5700 = VECTOR ( 'NONE', #1620, 1000.000000000000000 ) ;
#5701 = AXIS2_PLACEMENT_3D ( 'NONE', #817, #7785, #7067 ) ;
#5702 = EDGE_LOOP ( 'NONE', ( #497, #6442 ) ) ;
#5703 = ORIENTED_EDGE ( 'NONE', *, *, #3662, .F. ) ;
#5704 = CARTESIAN_POINT ( 'NONE',  ( 140.0000000000000000, 10.00000000000000000, -140.0000000000000000 ) ) ;
#5705 = EDGE_CURVE ( 'NONE', #4765, #2520, #2382, .T. ) ;
#5706 = CARTESIAN_POINT ( 'NONE',  ( 140.0000000000000000, 4.000000000000000000, -5.000000000000000000 ) ) ;
#5707 = FACE_OUTER_BOUND ( 'NONE', #8466, .T. ) ;
#5708 = AXIS2_PLACEMENT_3D ( 'NONE', #4695, #8009, #6749 ) ;
#5709 = CARTESIAN_POINT ( 'NONE',  ( 140.0000000000000000, 4.000000000000000000, -8.999999999999992895 ) ) ;
#5710 = CIRCLE ( 'NONE', #1569, 2.250000000000000000 ) ;
#5711 = ORIENTED_EDGE ( 'NONE', *, *, #3856, .F. ) ;
#5712 = ADVANCED_FACE ( 'NONE', ( #4740 ), #5906, .F. ) ;
#5713 = EDGE_LOOP ( 'NONE', ( #1048, #3274 ) ) ;
#5714 = CARTESIAN_POINT ( 'NONE',  ( 15.00000000000000000, 3.000000000000000000, -35.05599999999999739 ) ) ;
#5715 = FACE_OUTER_BOUND ( 'NONE', #1781, .T. ) ;
#5716 = VECTOR ( 'NONE', #1517, 1000.000000000000000 ) ;
#5717 = ORIENTED_EDGE ( 'NONE', *, *, #8516, .F. ) ;
#5718 = LINE ( 'NONE', #259, #7716 ) ;
#5719 = CC_DESIGN_DATE_AND_TIME_ASSIGNMENT ( #2655, #1936, ( #2938 ) ) ;
#5720 = EDGE_CURVE ( 'NONE', #2204, #6603, #7251, .T. ) ;
#5721 = DIRECTION ( 'NONE',  ( 0.000000000000000000, 1.000000000000000000, 0.000000000000000000 ) ) ;
#5722 = EDGE_CURVE ( 'NONE', #2138, #7398, #2677, .T. ) ;
#5723 = DIRECTION ( 'NONE',  ( 0.000000000000000000, 0.000000000000000000, -1.000000000000000000 ) ) ;
#5724 = ORIENTED_EDGE ( 'NONE', *, *, #7601, .T. ) ;
#5725 = CARTESIAN_POINT ( 'NONE',  ( 53.33399999999999608, 0.000000000000000000, -109.9459999999999837 ) ) ;
#5726 = ORIENTED_EDGE ( 'NONE', *, *, #1842, .T. ) ;
#5727 = LINE ( 'NONE', #8448, #2142 ) ;
#5728 = ADVANCED_FACE ( 'NONE', ( #2019 ), #3060, .F. ) ;
#5729 = PRODUCT_DEFINITION_SHAPE ( 'NONE', 'NONE',  #2115 ) ;
#5730 = DIRECTION ( 'NONE',  ( 0.000000000000000000, 1.000000000000000000, 0.000000000000000000 ) ) ;
#5731 = ADVANCED_FACE ( 'NONE', ( #499 ), #992, .F. ) ;
#5732 = DIRECTION ( 'NONE',  ( 0.000000000000000000, 1.000000000000000000, 0.000000000000000000 ) ) ;
#5733 = ORIENTED_EDGE ( 'NONE', *, *, #7184, .F. ) ;
#5734 = CYLINDRICAL_SURFACE ( 'NONE', #7693, 5.499999999999998224 ) ;
#5735 = DIRECTION ( 'NONE',  ( 0.000000000000000000, 0.000000000000000000, 1.000000000000000000 ) ) ;
#5736 = DIRECTION ( 'NONE',  ( 0.000000000000000000, 0.000000000000000000, 1.000000000000000000 ) ) ;
#5737 = DIRECTION ( 'NONE',  ( 0.000000000000000000, -1.000000000000000000, 0.000000000000000000 ) ) ;
#5738 = DIRECTION ( 'NONE',  ( 0.000000000000000000, 0.000000000000000000, -1.000000000000000000 ) ) ;
#5739 = DIRECTION ( 'NONE',  ( 0.000000000000000000, 1.000000000000000000, 0.000000000000000000 ) ) ;
#5740 = VERTEX_POINT ( 'NONE', #5861 ) ;
#5741 = LINE ( 'NONE', #3022, #4392 ) ;
#5742 = ORIENTED_EDGE ( 'NONE', *, *, #8733, .T. ) ;
#5743 = AXIS2_PLACEMENT_3D ( 'NONE', #662, #8220, #6879 ) ;
#5744 = ORIENTED_EDGE ( 'NONE', *, *, #254, .T. ) ;
#5745 = ORIENTED_EDGE ( 'NONE', *, *, #8308, .T. ) ;
#5746 = DIRECTION ( 'NONE',  ( 0.000000000000000000, -1.000000000000000000, 0.000000000000000000 ) ) ;
#5747 = DIRECTION ( 'NONE',  ( 0.000000000000000000, 0.000000000000000000, 1.000000000000000000 ) ) ;
#5748 = CARTESIAN_POINT ( 'NONE',  ( 91.66800000000000637, 3.000000000000000000, -60.61200000000000188 ) ) ;
#5749 = DIRECTION ( 'NONE',  ( 0.000000000000000000, 0.000000000000000000, -1.000000000000000000 ) ) ;
#5750 = ORIENTED_EDGE ( 'NONE', *, *, #4739, .T. ) ;
#5751 = ORIENTED_EDGE ( 'NONE', *, *, #6984, .F. ) ;
#5752 = DIRECTION ( 'NONE',  ( 0.000000000000000000, -1.000000000000000000, 0.000000000000000000 ) ) ;
#5753 = ORIENTED_EDGE ( 'NONE', *, *, #6432, .F. ) ;
#5754 = CARTESIAN_POINT ( 'NONE',  ( 15.00000000000000000, 3.000000000000000000, -117.2239999999999895 ) ) ;
#5755 = EDGE_LOOP ( 'NONE', ( #443, #6638 ) ) ;
#5756 = CARTESIAN_POINT ( 'NONE',  ( 130.0020000000000095, 3.000000000000000000, -73.38999999999998636 ) ) ;
#5757 = FACE_OUTER_BOUND ( 'NONE', #1255, .T. ) ;
#5758 = AXIS2_PLACEMENT_3D ( 'NONE', #493, #445, #6661 ) ;
#5759 = AXIS2_PLACEMENT_3D ( 'NONE', #425, #8646, #2445 ) ;
#5760 = DIRECTION ( 'NONE',  ( 0.000000000000000000, 0.000000000000000000, -1.000000000000000000 ) ) ;
#5761 = ORIENTED_EDGE ( 'NONE', *, *, #4805, .T. ) ;
#5762 = ADVANCED_FACE ( 'NONE', ( #6445 ), #450, .F. ) ;
#5763 = DIRECTION ( 'NONE',  ( 0.000000000000000000, 0.000000000000000000, 1.000000000000000000 ) ) ;
#5764 = EDGE_LOOP ( 'NONE', ( #4724, #1229, #7158, #4609 ) ) ;
#5765 = CARTESIAN_POINT ( 'NONE',  ( 78.89000000000000057, 3.000000000000000000, -71.61200000000000898 ) ) ;
#5766 = EDGE_CURVE ( 'NONE', #931, #6059, #3099, .T. ) ;
#5767 = AXIS2_PLACEMENT_3D ( 'NONE', #636, #1979, #8060 ) ;
#5768 = CARTESIAN_POINT ( 'NONE',  ( 104.4459999999999980, 0.000000000000000000, -122.7240000000000038 ) ) ;
#5769 = LINE ( 'NONE', #2882, #187 ) ;
#5770 = ORIENTED_EDGE ( 'NONE', *, *, #6970, .T. ) ;
#5771 = EDGE_CURVE ( 'NONE', #777, #701, #4250, .T. ) ;
#5772 = CARTESIAN_POINT ( 'NONE',  ( 78.89000000000000057, 3.000000000000000000, -91.66800000000000637 ) ) ;
#5773 = AXIS2_PLACEMENT_3D ( 'NONE', #6696, #575, #8311 ) ;
#5774 = DIRECTION ( 'NONE',  ( 0.000000000000000000, -1.000000000000000000, 0.000000000000000000 ) ) ;
#5775 = ADVANCED_FACE ( 'NONE', ( #4574 ), #7294, .F. ) ;
#5776 = CYLINDRICAL_SURFACE ( 'NONE', #6813, 5.500000000000005329 ) ;
#5777 = CYLINDRICAL_SURFACE ( 'NONE', #4326, 5.499999999999998224 ) ;
#5778 = CARTESIAN_POINT ( 'NONE',  ( 130.0020000000000095, 0.000000000000000000, -15.00000000000000000 ) ) ;
#5779 = EDGE_LOOP ( 'NONE', ( #2284, #2393 ) ) ;
#5780 = EDGE_CURVE ( 'NONE', #2219, #8404, #5949, .T. ) ;
#5781 = DIRECTION ( 'NONE',  ( 0.000000000000000000, -1.000000000000000000, 0.000000000000000000 ) ) ;
#5782 = AXIS2_PLACEMENT_3D ( 'NONE', #2931, #2850, #195 ) ;
#5783 = ORIENTED_EDGE ( 'NONE', *, *, #3874, .F. ) ;
#5784 = ORIENTED_EDGE ( 'NONE', *, *, #4207, .F. ) ;
#5785 = DIRECTION ( 'NONE',  ( 0.000000000000000000, 0.000000000000000000, -1.000000000000000000 ) ) ;
#5786 = DIRECTION ( 'NONE',  ( 0.000000000000000000, -1.000000000000000000, 0.000000000000000000 ) ) ;
#5787 = DIRECTION ( 'NONE',  ( 0.000000000000000000, -1.000000000000000000, 0.000000000000000000 ) ) ;
#5788 = DIRECTION ( 'NONE',  ( 0.000000000000000000, 1.000000000000000000, 0.000000000000000000 ) ) ;
#5789 = ORIENTED_EDGE ( 'NONE', *, *, #3365, .F. ) ;
#5790 = ORIENTED_EDGE ( 'NONE', *, *, #3386, .F. ) ;
#5791 = CARTESIAN_POINT ( 'NONE',  ( 140.0000000000000000, 4.000000000000000000, -140.0000000000000000 ) ) ;
#5792 = VERTEX_POINT ( 'NONE', #2824 ) ;
#5793 = DIRECTION ( 'NONE',  ( 0.000000000000000000, 0.000000000000000000, 1.000000000000000000 ) ) ;
#5794 = ORIENTED_EDGE ( 'NONE', *, *, #4295, .F. ) ;
#5795 = CARTESIAN_POINT ( 'NONE',  ( 66.11200000000000898, 3.000000000000000000, -15.00000000000000000 ) ) ;
#5796 = PLANE ( 'NONE',  #6386 ) ;
#5797 = CIRCLE ( 'NONE', #669, 5.500000000000005329 ) ;
#5798 = FACE_BOUND ( 'NONE', #2420, .T. ) ;
#5799 = PLANE ( 'NONE',  #8779 ) ;
#5800 = VERTEX_POINT ( 'NONE', #672 ) ;
#5801 = CARTESIAN_POINT ( 'NONE',  ( 78.89000000000000057, 3.000000000000000000, -20.50000000000000355 ) ) ;
#5802 = AXIS2_PLACEMENT_3D ( 'NONE', #8807, #1797, #2688 ) ;
#5803 = ORIENTED_EDGE ( 'NONE', *, *, #6804, .F. ) ;
#5804 = LINE ( 'NONE', #5765, #7420 ) ;
#5805 = EDGE_CURVE ( 'NONE', #8071, #3523, #4879, .T. ) ;
#5806 = AXIS2_PLACEMENT_3D ( 'NONE', #5005, #7733, #7058 ) ;
#5807 = DIRECTION ( 'NONE',  ( 0.000000000000000000, 0.000000000000000000, -1.000000000000000000 ) ) ;
#5808 = DIRECTION ( 'NONE',  ( 0.000000000000000000, -1.000000000000000000, 0.000000000000000000 ) ) ;
#5809 = ORIENTED_EDGE ( 'NONE', *, *, #2373, .T. ) ;
#5810 = EDGE_CURVE ( 'NONE', #7552, #2602, #240, .T. ) ;
#5811 = DIRECTION ( 'NONE',  ( 0.000000000000000000, 0.000000000000000000, -1.000000000000000000 ) ) ;
#5812 = AXIS2_PLACEMENT_3D ( 'NONE', #3895, #441, #8006 ) ;
#5813 = DIRECTION ( 'NONE',  ( 0.000000000000000000, 1.000000000000000000, 0.000000000000000000 ) ) ;
#5814 = AXIS2_PLACEMENT_3D ( 'NONE', #4985, #3490, #329 ) ;
#5815 = FACE_OUTER_BOUND ( 'NONE', #8824, .T. ) ;
#5816 = ADVANCED_FACE ( 'NONE', ( #176 ), #4, .F. ) ;
#5817 = CARTESIAN_POINT ( 'NONE',  ( 117.2239999999999895, 3.000000000000000000, -86.16799999999999216 ) ) ;
#5818 = DIRECTION ( 'NONE',  ( 0.000000000000000000, 0.000000000000000000, 1.000000000000000000 ) ) ;
#5819 = APPLICATION_PROTOCOL_DEFINITION ( 'international standard', 'config_control_design', 1994, #3586 ) ;
#5820 = AXIS2_PLACEMENT_3D ( 'NONE', #8608, #3886, #7812 ) ;
#5821 = EDGE_LOOP ( 'NONE', ( #3054, #2304 ) ) ;
#5822 = VERTEX_POINT ( 'NONE', #3497 ) ;
#5823 = EDGE_CURVE ( 'NONE', #2357, #7859, #3960, .T. ) ;
#5824 = DIRECTION ( 'NONE',  ( 0.000000000000000000, -1.000000000000000000, 0.000000000000000000 ) ) ;
#5825 = AXIS2_PLACEMENT_3D ( 'NONE', #4230, #6947, #687 ) ;
#5826 = ORIENTED_EDGE ( 'NONE', *, *, #5282, .F. ) ;
#5827 = VECTOR ( 'NONE', #5355, 1000.000000000000000 ) ;
#5828 = AXIS2_PLACEMENT_3D ( 'NONE', #4157, #2760, #5487 ) ;
#5829 = ORIENTED_EDGE ( 'NONE', *, *, #6942, .T. ) ;
#5830 = DIRECTION ( 'NONE',  ( 0.000000000000000000, -1.000000000000000000, 0.000000000000000000 ) ) ;
#5831 = EDGE_CURVE ( 'NONE', #3651, #4000, #2531, .T. ) ;
#5832 = LINE ( 'NONE', #8602, #2751 ) ;
#5833 = LINE ( 'NONE', #5748, #1912 ) ;
#5834 = AXIS2_PLACEMENT_3D ( 'NONE', #1929, #4653, #7375 ) ;
#5835 = CARTESIAN_POINT ( 'NONE',  ( 130.0020000000000095, 0.000000000000000000, -86.16799999999997794 ) ) ;
#5836 = VERTEX_POINT ( 'NONE', #8279 ) ;
#5837 = EDGE_CURVE ( 'NONE', #4849, #569, #8666, .T. ) ;
#5838 = AXIS2_PLACEMENT_3D ( 'NONE', #6578, #5905, #591 ) ;
#5839 = AXIS2_PLACEMENT_3D ( 'NONE', #732, #4752, #3463 ) ;
#5840 = ORIENTED_EDGE ( 'NONE', *, *, #6927, .F. ) ;
#5841 = CARTESIAN_POINT ( 'NONE',  ( 117.2239999999999895, 3.000000000000000000, -104.4459999999999980 ) ) ;
#5842 = ORIENTED_EDGE ( 'NONE', *, *, #3103, .T. ) ;
#5843 = CARTESIAN_POINT ( 'NONE',  ( 91.66800000000000637, 0.000000000000000000, -98.94599999999999795 ) ) ;
#5844 = EDGE_LOOP ( 'NONE', ( #4535, #1511, #798, #4666 ) ) ;
#5845 = CARTESIAN_POINT ( 'NONE',  ( 145.0000000000000000, 10.00000000000000000, 0.000000000000000000 ) ) ;
#5846 = VECTOR ( 'NONE', #52, 1000.000000000000000 ) ;
#5847 = FACE_OUTER_BOUND ( 'NONE', #3541, .T. ) ;
#5848 = FACE_BOUND ( 'NONE', #2185, .T. ) ;
#5849 = LINE ( 'NONE', #484, #646 ) ;
#5850 = ORIENTED_EDGE ( 'NONE', *, *, #2110, .T. ) ;
#5851 = AXIS2_PLACEMENT_3D ( 'NONE', #5637, #5004, #8361 ) ;
#5852 = CARTESIAN_POINT ( 'NONE',  ( 40.55599999999999739, 3.000000000000000000, -27.77799999999999869 ) ) ;
#5853 = CARTESIAN_POINT ( 'NONE',  ( 91.66800000000000637, 3.000000000000000000, -73.39000000000000057 ) ) ;
#5854 = EDGE_LOOP ( 'NONE', ( #338, #7671 ) ) ;
#5855 = CARTESIAN_POINT ( 'NONE',  ( 130.0020000000000095, 3.000000000000000000, -71.61200000000002319 ) ) ;
#5856 = CIRCLE ( 'NONE', #4297, 5.499999999999991118 ) ;
#5857 = CARTESIAN_POINT ( 'NONE',  ( 140.0000000000000000, 0.000000000000000000, -144.0000000000000284 ) ) ;
#5858 = VERTEX_POINT ( 'NONE', #6934 ) ;
#5859 = DIRECTION ( 'NONE',  ( 0.000000000000000000, -1.000000000000000000, 0.000000000000000000 ) ) ;
#5860 = DIRECTION ( 'NONE',  ( 0.000000000000000000, 0.000000000000000000, 1.000000000000000000 ) ) ;
#5861 = CARTESIAN_POINT ( 'NONE',  ( 130.0020000000000095, 0.000000000000000000, -22.27799999999997738 ) ) ;
#5862 = EDGE_CURVE ( 'NONE', #1614, #6311, #5638, .T. ) ;
#5863 = PLANE ( 'NONE',  #1904 ) ;
#5864 = FACE_OUTER_BOUND ( 'NONE', #7280, .T. ) ;
#5865 = DIRECTION ( 'NONE',  ( 0.000000000000000000, 0.000000000000000000, 1.000000000000000000 ) ) ;
#5866 = ORIENTED_EDGE ( 'NONE', *, *, #3376, .T. ) ;
#5867 = EDGE_LOOP ( 'NONE', ( #3404, #7051, #7850, #5733 ) ) ;
#5868 = FACE_OUTER_BOUND ( 'NONE', #5713, .T. ) ;
#5869 = EDGE_CURVE ( 'NONE', #6155, #2087, #2101, .T. ) ;
#5870 = ORIENTED_EDGE ( 'NONE', *, *, #3149, .F. ) ;
#5871 = EDGE_LOOP ( 'NONE', ( #68, #6376 ) ) ;
#5872 = DIRECTION ( 'NONE',  ( 0.000000000000000000, 1.000000000000000000, 0.000000000000000000 ) ) ;
#5873 = EDGE_CURVE ( 'NONE', #4888, #1160, #3827, .T. ) ;
#5874 = CARTESIAN_POINT ( 'NONE',  ( 15.00000000000000000, 3.000000000000000000, -78.89000000000000057 ) ) ;
#5875 = CARTESIAN_POINT ( 'NONE',  ( 27.77799999999999869, 3.000000000000000000, -111.7239999999999895 ) ) ;
#5876 = CARTESIAN_POINT ( 'NONE',  ( 91.66800000000000637, 3.000000000000000000, -66.11200000000000898 ) ) ;
#5877 = ORIENTED_EDGE ( 'NONE', *, *, #4132, .F. ) ;
#5878 = ORIENTED_EDGE ( 'NONE', *, *, #4423, .T. ) ;
#5879 = EDGE_CURVE ( 'NONE', #1022, #6822, #8364, .T. ) ;
#5880 = CARTESIAN_POINT ( 'NONE',  ( 5.000000000000000000, 4.000000000000000000, -9.000000000000001776 ) ) ;
#5881 = VERTEX_POINT ( 'NONE', #806 ) ;
#5882 = DIRECTION ( 'NONE',  ( 0.000000000000000000, 1.000000000000000000, 0.000000000000000000 ) ) ;
#5883 = ORIENTED_EDGE ( 'NONE', *, *, #6750, .F. ) ;
#5884 = LINE ( 'NONE', #6647, #10 ) ;
#5885 = ADVANCED_FACE ( 'NONE', ( #6171 ), #3537, .F. ) ;
#5886 = VECTOR ( 'NONE', #1534, 1000.000000000000000 ) ;
#5887 = CYLINDRICAL_SURFACE ( 'NONE', #3539, 5.500000000000018652 ) ;
#5888 = FACE_BOUND ( 'NONE', #649, .T. ) ;
#5889 = AXIS2_PLACEMENT_3D ( 'NONE', #4753, #6090, #8200 ) ;
#5890 = CARTESIAN_POINT ( 'NONE',  ( 66.11200000000000898, 3.000000000000000000, -130.0020000000000095 ) ) ;
#5891 = ORIENTED_EDGE ( 'NONE', *, *, #970, .T. ) ;
#5892 = ADVANCED_FACE ( 'NONE', ( #6973 ), #5506, .F. ) ;
#5893 = DIRECTION ( 'NONE',  ( 0.000000000000000000, 0.000000000000000000, 1.000000000000000000 ) ) ;
#5894 = AXIS2_PLACEMENT_3D ( 'NONE', #4527, #6667, #6493 ) ;
#5895 = DIRECTION ( 'NONE',  ( 0.000000000000000000, 1.000000000000000000, 0.000000000000000000 ) ) ;
#5896 = VERTEX_POINT ( 'NONE', #8231 ) ;
#5897 = CARTESIAN_POINT ( 'NONE',  ( 130.0020000000000095, 3.000000000000000000, -84.39000000000001478 ) ) ;
#5898 = AXIS2_PLACEMENT_3D ( 'NONE', #7920, #7331, #7242 ) ;
#5899 = AXIS2_PLACEMENT_3D ( 'NONE', #4671, #8695, #1227 ) ;
#5900 = DIRECTION ( 'NONE',  ( 0.000000000000000000, 0.000000000000000000, 1.000000000000000000 ) ) ;
#5901 = ORIENTED_EDGE ( 'NONE', *, *, #1293, .F. ) ;
#5902 = DIRECTION ( 'NONE',  ( 0.000000000000000000, 0.000000000000000000, 1.000000000000000000 ) ) ;
#5903 = EDGE_LOOP ( 'NONE', ( #5265, #6589, #6676, #8143 ) ) ;
#5904 = AXIS2_PLACEMENT_3D ( 'NONE', #2169, #3600, #4895 ) ;
#5905 = DIRECTION ( 'NONE',  ( 0.000000000000000000, 1.000000000000000000, 0.000000000000000000 ) ) ;
#5906 = PLANE ( 'NONE',  #5802 ) ;
#5907 = DIRECTION ( 'NONE',  ( 0.000000000000000000, -1.000000000000000000, 0.000000000000000000 ) ) ;
#5908 = DIRECTION ( 'NONE',  ( 0.000000000000000000, 0.000000000000000000, -1.000000000000000000 ) ) ;
#5909 = LINE ( 'NONE', #2434, #500 ) ;
#5910 = VECTOR ( 'NONE', #2946, 1000.000000000000000 ) ;
#5911 = ORIENTED_EDGE ( 'NONE', *, *, #971, .T. ) ;
#5912 = ORIENTED_EDGE ( 'NONE', *, *, #2985, .T. ) ;
#5913 = CARTESIAN_POINT ( 'NONE',  ( 40.55599999999999739, 3.000000000000000000, -15.00000000000000000 ) ) ;
#5914 = AXIS2_PLACEMENT_3D ( 'NONE', #4963, #7692, #1565 ) ;
#5915 = ORIENTED_EDGE ( 'NONE', *, *, #2927, .F. ) ;
#5916 = CIRCLE ( 'NONE', #5505, 5.499999999999998224 ) ;
#5917 = ORIENTED_EDGE ( 'NONE', *, *, #1730, .F. ) ;
#5918 = DIRECTION ( 'NONE',  ( 0.000000000000000000, 1.000000000000000000, 0.000000000000000000 ) ) ;
#5919 = CARTESIAN_POINT ( 'NONE',  ( 53.33399999999999608, 3.000000000000000000, -117.2239999999999895 ) ) ;
#5920 = DIRECTION ( 'NONE',  ( 0.000000000000000000, -1.000000000000000000, 0.000000000000000000 ) ) ;
#5921 = EDGE_CURVE ( 'NONE', #2973, #7271, #7241, .T. ) ;
#5922 = CARTESIAN_POINT ( 'NONE',  ( 117.2239999999999895, 3.000000000000000000, -35.05599999999999028 ) ) ;
#5923 = AXIS2_PLACEMENT_3D ( 'NONE', #3001, #3716, #5723 ) ;
#5924 = ORIENTED_EDGE ( 'NONE', *, *, #3381, .F. ) ;
#5925 = ORIENTED_EDGE ( 'NONE', *, *, #4359, .F. ) ;
#5926 = ADVANCED_FACE ( 'NONE', ( #134 ), #6797, .F. ) ;
#5927 = DIRECTION ( 'NONE',  ( 0.000000000000000000, -0.000000000000000000, 1.000000000000000000 ) ) ;
#5928 = EDGE_LOOP ( 'NONE', ( #8712, #6713 ) ) ;
#5929 = DIRECTION ( 'NONE',  ( 0.000000000000000000, 0.000000000000000000, -1.000000000000000000 ) ) ;
#5930 = ORIENTED_EDGE ( 'NONE', *, *, #4255, .T. ) ;
#5931 = CARTESIAN_POINT ( 'NONE',  ( 117.2239999999999895, 0.000000000000000000, -35.05599999999999028 ) ) ;
#5932 = DIRECTION ( 'NONE',  ( 0.000000000000000000, -1.000000000000000000, 0.000000000000000000 ) ) ;
#5933 = EDGE_CURVE ( 'NONE', #5407, #4468, #386, .T. ) ;
#5934 = FACE_BOUND ( 'NONE', #5215, .T. ) ;
#5935 = CARTESIAN_POINT ( 'NONE',  ( 130.0020000000000095, 0.000000000000000000, -104.4459999999999980 ) ) ;
#5936 = ORIENTED_EDGE ( 'NONE', *, *, #3971, .F. ) ;
#5937 = ADVANCED_FACE ( 'NONE', ( #8187 ), #2061, .F. ) ;
#5938 = DIRECTION ( 'NONE',  ( 0.000000000000000000, 0.000000000000000000, -1.000000000000000000 ) ) ;
#5939 = DIRECTION ( 'NONE',  ( 0.000000000000000000, 0.000000000000000000, 1.000000000000000000 ) ) ;
#5940 = CIRCLE ( 'NONE', #7800, 5.500000000000005329 ) ;
#5941 = EDGE_LOOP ( 'NONE', ( #8423, #2349 ) ) ;
#5942 = DIRECTION ( 'NONE',  ( 0.000000000000000000, -1.000000000000000000, 0.000000000000000000 ) ) ;
#5943 = EDGE_CURVE ( 'NONE', #7004, #8626, #4376, .T. ) ;
#5944 = CARTESIAN_POINT ( 'NONE',  ( 130.0020000000000095, 0.000000000000000000, -130.0020000000000095 ) ) ;
#5945 = ORIENTED_EDGE ( 'NONE', *, *, #7290, .F. ) ;
#5946 = CYLINDRICAL_SURFACE ( 'NONE', #6982, 5.499999999999991118 ) ;
#5947 = ORIENTED_EDGE ( 'NONE', *, *, #3041, .F. ) ;
#5948 = DIRECTION ( 'NONE',  ( 0.000000000000000000, 0.000000000000000000, -1.000000000000000000 ) ) ;
#5949 = CIRCLE ( 'NONE', #1385, 5.500000000000005329 ) ;
#5950 = LINE ( 'NONE', #322, #2961 ) ;
#5951 = DIRECTION ( 'NONE',  ( 0.000000000000000000, 0.000000000000000000, 1.000000000000000000 ) ) ;
#5952 = DIRECTION ( 'NONE',  ( 0.000000000000000000, -1.000000000000000000, 0.000000000000000000 ) ) ;
#5953 = COORDINATED_UNIVERSAL_TIME_OFFSET ( 7, 0, .AHEAD. ) ;
#5954 = ORIENTED_EDGE ( 'NONE', *, *, #4905, .F. ) ;
#5955 = ORIENTED_EDGE ( 'NONE', *, *, #1346, .T. ) ;
#5956 = CARTESIAN_POINT ( 'NONE',  ( 91.66800000000000637, 0.000000000000000000, -40.55599999999999739 ) ) ;
#5957 = AXIS2_PLACEMENT_3D ( 'NONE', #4683, #7277, #437 ) ;
#5958 = ORIENTED_EDGE ( 'NONE', *, *, #2832, .F. ) ;
#5959 = ORIENTED_EDGE ( 'NONE', *, *, #5512, .F. ) ;
#5960 = CARTESIAN_POINT ( 'NONE',  ( 130.0020000000000095, 3.000000000000000000, -117.2239999999999895 ) ) ;
#5961 = DIRECTION ( 'NONE',  ( 0.000000000000000000, 1.000000000000000000, 0.000000000000000000 ) ) ;
#5962 = CIRCLE ( 'NONE', #5255, 5.500000000000005329 ) ;
#5963 = DIRECTION ( 'NONE',  ( 0.000000000000000000, -0.000000000000000000, 1.000000000000000000 ) ) ;
#5964 = DIRECTION ( 'NONE',  ( 0.000000000000000000, 1.000000000000000000, 0.000000000000000000 ) ) ;
#5965 = EDGE_LOOP ( 'NONE', ( #1733, #5495, #102, #7 ) ) ;
#5966 = VERTEX_POINT ( 'NONE', #1014 ) ;
#5968 = LINE ( 'NONE', #517, #117 ) ;
#5967 = AXIS2_PLACEMENT_3D ( 'NONE', #6689, #3080, #5793 ) ;
#5969 = AXIS2_PLACEMENT_3D ( 'NONE', #5791, #5171, #2404 ) ;
#5970 = ORIENTED_EDGE ( 'NONE', *, *, #759, .T. ) ;
#5971 = DIRECTION ( 'NONE',  ( 0.000000000000000000, 1.000000000000000000, 0.000000000000000000 ) ) ;
#5972 = EDGE_CURVE ( 'NONE', #6778, #1521, #1532, .T. ) ;
#5973 = ORIENTED_EDGE ( 'NONE', *, *, #7736, .T. ) ;
#5974 = VECTOR ( 'NONE', #2797, 1000.000000000000000 ) ;
#5975 = FACE_OUTER_BOUND ( 'NONE', #6219, .T. ) ;
#5976 = DIRECTION ( 'NONE',  ( 0.000000000000000000, 0.000000000000000000, -1.000000000000000000 ) ) ;
#5977 = ADVANCED_FACE ( 'NONE', ( #4424 ), #929, .F. ) ;
#5978 = AXIS2_PLACEMENT_3D ( 'NONE', #4572, #7248, #5290 ) ;
#5979 = FACE_BOUND ( 'NONE', #3309, .T. ) ;
#5980 = CIRCLE ( 'NONE', #8280, 5.500000000000018652 ) ;
#5981 = DIRECTION ( 'NONE',  ( 0.000000000000000000, -1.000000000000000000, 0.000000000000000000 ) ) ;
#5982 = CYLINDRICAL_SURFACE ( 'NONE', #1107, 5.500000000000005329 ) ;
#5983 = EDGE_LOOP ( 'NONE', ( #5583, #7142, #2233, #5623 ) ) ;
#5984 = DIRECTION ( 'NONE',  ( 0.000000000000000000, -1.000000000000000000, 0.000000000000000000 ) ) ;
#5985 = CARTESIAN_POINT ( 'NONE',  ( 130.0020000000000095, 3.000000000000000000, -15.00000000000000000 ) ) ;
#5986 = ADVANCED_FACE ( 'NONE', ( #5757 ), #972, .F. ) ;
#5987 = AXIS2_PLACEMENT_3D ( 'NONE', #6133, #2742, #5513 ) ;
#5988 = AXIS2_PLACEMENT_3D ( 'NONE', #1701, #3353, #8710 ) ;
#5989 = VERTEX_POINT ( 'NONE', #7017 ) ;
#5990 = DIRECTION ( 'NONE',  ( 0.000000000000000000, 1.000000000000000000, 0.000000000000000000 ) ) ;
#5991 = ADVANCED_FACE ( 'NONE', ( #3040 ), #4959, .F. ) ;
#5992 = VECTOR ( 'NONE', #671, 1000.000000000000000 ) ;
#5993 = AXIS2_PLACEMENT_3D ( 'NONE', #130, #8141, #1966 ) ;
#5994 = CYLINDRICAL_SURFACE ( 'NONE', #4617, 5.500000000000018652 ) ;
#5995 = ORIENTED_EDGE ( 'NONE', *, *, #1350, .T. ) ;
#5996 = CARTESIAN_POINT ( 'NONE',  ( 53.33399999999999608, 3.000000000000000000, -78.89000000000000057 ) ) ;
#5997 = ORIENTED_EDGE ( 'NONE', *, *, #5443, .F. ) ;
#5998 = EDGE_CURVE ( 'NONE', #6887, #6815, #8671, .T. ) ;
#5999 = CARTESIAN_POINT ( 'NONE',  ( 130.0020000000000095, 3.000000000000000000, -104.4459999999999980 ) ) ;
#6000 = AXIS2_PLACEMENT_3D ( 'NONE', #4201, #6785, #8795 ) ;
#6001 = ADVANCED_FACE ( 'NONE', ( #6470 ), #5796, .F. ) ;
#6002 = CARTESIAN_POINT ( 'NONE',  ( 104.4459999999999980, 3.000000000000000000, -78.89000000000000057 ) ) ;
#6003 = DIRECTION ( 'NONE',  ( 0.000000000000000000, 0.000000000000000000, 1.000000000000000000 ) ) ;
#6004 = APPROVAL_ROLE ( '' ) ;
#6005 = ORIENTED_EDGE ( 'NONE', *, *, #6992, .T. ) ;
#6006 = ORIENTED_EDGE ( 'NONE', *, *, #7523, .F. ) ;
#6007 = DIRECTION ( 'NONE',  ( 0.000000000000000000, 1.000000000000000000, 0.000000000000000000 ) ) ;
#6008 = EDGE_CURVE ( 'NONE', #6208, #4765, #4962, .T. ) ;
#6009 = ORIENTED_EDGE ( 'NONE', *, *, #8297, .T. ) ;
#6010 = ORIENTED_EDGE ( 'NONE', *, *, #142, .T. ) ;
#6011 = DIRECTION ( 'NONE',  ( 0.000000000000000000, 1.000000000000000000, 0.000000000000000000 ) ) ;
#6012 = CYLINDRICAL_SURFACE ( 'NONE', #1166, 5.500000000000005329 ) ;
#6013 = CARTESIAN_POINT ( 'NONE',  ( 15.00000000000000000, 3.000000000000000000, -46.05599999999999028 ) ) ;
#6014 = DIRECTION ( 'NONE',  ( 0.000000000000000000, 0.000000000000000000, 1.000000000000000000 ) ) ;
#6015 = ORIENTED_EDGE ( 'NONE', *, *, #8796, .T. ) ;
#6016 = ORIENTED_EDGE ( 'NONE', *, *, #4748, .F. ) ;
#6017 = DIRECTION ( 'NONE',  ( 0.000000000000000000, 0.000000000000000000, 1.000000000000000000 ) ) ;
#6018 = ORIENTED_EDGE ( 'NONE', *, *, #7416, .T. ) ;
#6019 = DIRECTION ( 'NONE',  ( 0.000000000000000000, 0.000000000000000000, 1.000000000000000000 ) ) ;
#6020 = ORIENTED_EDGE ( 'NONE', *, *, #4359, .T. ) ;
#6021 = DIRECTION ( 'NONE',  ( 0.000000000000000000, -0.000000000000000000, 1.000000000000000000 ) ) ;
#6022 = DIRECTION ( 'NONE',  ( 0.000000000000000000, -1.000000000000000000, 0.000000000000000000 ) ) ;
#6023 = FACE_BOUND ( 'NONE', #1119, .T. ) ;
#6024 = CIRCLE ( 'NONE', #1600, 5.500000000000005329 ) ;
#6025 = FACE_OUTER_BOUND ( 'NONE', #4605, .T. ) ;
#6026 = PLANE ( 'NONE',  #6113 ) ;
#6027 = ORIENTED_EDGE ( 'NONE', *, *, #3597, .T. ) ;
#6028 = FACE_OUTER_BOUND ( 'NONE', #4897, .T. ) ;
#6029 = DIRECTION ( 'NONE',  ( 0.000000000000000000, 1.000000000000000000, 0.000000000000000000 ) ) ;
#6030 = AXIS2_PLACEMENT_3D ( 'NONE', #4188, #4059, #2035 ) ;
#6031 = ORIENTED_EDGE ( 'NONE', *, *, #4044, .F. ) ;
#6032 = DIRECTION ( 'NONE',  ( 0.000000000000000000, 1.000000000000000000, 0.000000000000000000 ) ) ;
#6033 = ADVANCED_FACE ( 'NONE', ( #1057 ), #7868, .F. ) ;
#6034 = CIRCLE ( 'NONE', #2190, 5.500000000000005329 ) ;
#6035 = CARTESIAN_POINT ( 'NONE',  ( 66.11200000000000898, 0.000000000000000000, -71.61200000000000898 ) ) ;
#6036 = ORIENTED_EDGE ( 'NONE', *, *, #2232, .T. ) ;
#6037 = DIRECTION ( 'NONE',  ( 0.000000000000000000, 1.000000000000000000, 0.000000000000000000 ) ) ;
#6038 = EDGE_LOOP ( 'NONE', ( #3734, #2326, #7020, #2939 ) ) ;
#6039 = ADVANCED_FACE ( 'NONE', ( #5847 ), #7689, .F. ) ;
#6040 = CARTESIAN_POINT ( 'NONE',  ( 117.2239999999999895, 3.000000000000000000, -117.2239999999999895 ) ) ;
#6041 = AXIS2_PLACEMENT_3D ( 'NONE', #8030, #1365, #8074 ) ;
#6042 = DIRECTION ( 'NONE',  ( 0.000000000000000000, -0.000000000000000000, 1.000000000000000000 ) ) ;
#6043 = CYLINDRICAL_SURFACE ( 'NONE', #6054, 5.500000000000005329 ) ;
#6044 = DIRECTION ( 'NONE',  ( 0.000000000000000000, 0.000000000000000000, -1.000000000000000000 ) ) ;
#6045 = EDGE_CURVE ( 'NONE', #2692, #5836, #221, .T. ) ;
#6046 = AXIS2_PLACEMENT_3D ( 'NONE', #2243, #5648, #6989 ) ;
#6047 = CARTESIAN_POINT ( 'NONE',  ( 53.33399999999999608, 3.000000000000000000, -66.11200000000000898 ) ) ;
#6048 = ORIENTED_EDGE ( 'NONE', *, *, #4629, .T. ) ;
#6049 = DIRECTION ( 'NONE',  ( 0.000000000000000000, 0.000000000000000000, 1.000000000000000000 ) ) ;
#6050 = EDGE_CURVE ( 'NONE', #5205, #1986, #2825, .T. ) ;
#6051 = ORIENTED_EDGE ( 'NONE', *, *, #7089, .T. ) ;
#6052 = ORIENTED_EDGE ( 'NONE', *, *, #2230, .F. ) ;
#6053 = DIRECTION ( 'NONE',  ( 0.000000000000000000, -1.000000000000000000, 0.000000000000000000 ) ) ;
#6054 = AXIS2_PLACEMENT_3D ( 'NONE', #3955, #681, #8771 ) ;
#6055 = DIRECTION ( 'NONE',  ( 0.000000000000000000, 1.000000000000000000, 0.000000000000000000 ) ) ;
#6056 = FACE_BOUND ( 'NONE', #7542, .T. ) ;
#6057 = EDGE_CURVE ( 'NONE', #4715, #4509, #3968, .T. ) ;
#6058 = DIRECTION ( 'NONE',  ( 0.000000000000000000, 0.000000000000000000, 1.000000000000000000 ) ) ;
#6059 = VERTEX_POINT ( 'NONE', #6385 ) ;
#6060 = ORIENTED_EDGE ( 'NONE', *, *, #296, .T. ) ;
#6061 = DIRECTION ( 'NONE',  ( 0.000000000000000000, 0.000000000000000000, 1.000000000000000000 ) ) ;
#6062 = ORIENTED_EDGE ( 'NONE', *, *, #3507, .F. ) ;
#6063 = CYLINDRICAL_SURFACE ( 'NONE', #3417, 5.499999999999998224 ) ;
#6064 = ORIENTED_EDGE ( 'NONE', *, *, #5869, .F. ) ;
#6065 = DIRECTION ( 'NONE',  ( 0.000000000000000000, 0.000000000000000000, 1.000000000000000000 ) ) ;
#6066 = DIRECTION ( 'NONE',  ( 0.000000000000000000, 1.000000000000000000, 0.000000000000000000 ) ) ;
#6067 = CIRCLE ( 'NONE', #2080, 5.499999999999998224 ) ;
#6069 = LINE ( 'NONE', #8846, #5496 ) ;
#6068 = AXIS2_PLACEMENT_3D ( 'NONE', #5155, #5202, #7930 ) ;
#6070 = CARTESIAN_POINT ( 'NONE',  ( 91.66800000000000637, 0.000000000000000000, -53.33399999999999608 ) ) ;
#6071 = CARTESIAN_POINT ( 'NONE',  ( 130.0020000000000095, 3.000000000000000000, -40.55599999999999739 ) ) ;
#6072 = VERTEX_POINT ( 'NONE', #260 ) ;
#6073 = DIRECTION ( 'NONE',  ( 0.000000000000000000, 1.000000000000000000, 0.000000000000000000 ) ) ;
#6074 = CARTESIAN_POINT ( 'NONE',  ( 78.89000000000000057, 0.000000000000000000, -33.27799999999999869 ) ) ;
#6075 = AXIS2_PLACEMENT_3D ( 'NONE', #1081, #5865, #4443 ) ;
#6076 = ORIENTED_EDGE ( 'NONE', *, *, #2839, .T. ) ;
#6077 = CARTESIAN_POINT ( 'NONE',  ( 40.55599999999999739, 3.000000000000000000, -33.27799999999999159 ) ) ;
#6078 = FACE_OUTER_BOUND ( 'NONE', #803, .T. ) ;
#6079 = ORIENTED_EDGE ( 'NONE', *, *, #208, .F. ) ;
#6080 = CARTESIAN_POINT ( 'NONE',  ( 27.77799999999999869, 3.000000000000000000, -97.16800000000000637 ) ) ;
#6081 = AXIS2_PLACEMENT_3D ( 'NONE', #2916, #3669, #2370 ) ;
#6082 = FACE_OUTER_BOUND ( 'NONE', #2574, .T. ) ;
#6083 = EDGE_CURVE ( 'NONE', #3561, #4096, #1098, .T. ) ;
#6084 = DIRECTION ( 'NONE',  ( 0.000000000000000000, 0.000000000000000000, -1.000000000000000000 ) ) ;
#6085 = AXIS2_PLACEMENT_3D ( 'NONE', #4625, #5872, #7264 ) ;
#6086 = CARTESIAN_POINT ( 'NONE',  ( 66.11200000000000898, 3.000000000000000000, -15.00000000000000000 ) ) ;
#6087 = DIRECTION ( 'NONE',  ( 0.000000000000000000, 1.000000000000000000, 0.000000000000000000 ) ) ;
#6088 = ADVANCED_FACE ( 'NONE', ( #2320 ), #5045, .F. ) ;
#6089 = SHAPE_DEFINITION_REPRESENTATION ( #5729, #8808 ) ;
#6090 = DIRECTION ( 'NONE',  ( 0.000000000000000000, -1.000000000000000000, 0.000000000000000000 ) ) ;
#6091 = ORIENTED_EDGE ( 'NONE', *, *, #7950, .T. ) ;
#6092 = DIRECTION ( 'NONE',  ( 0.000000000000000000, 1.000000000000000000, 0.000000000000000000 ) ) ;
#6093 = AXIS2_PLACEMENT_3D ( 'NONE', #7119, #5021, #1621 ) ;
#6094 = ORIENTED_EDGE ( 'NONE', *, *, #3161, .F. ) ;
#6095 = EDGE_CURVE ( 'NONE', #1683, #8742, #7538, .T. ) ;
#6096 = ORIENTED_EDGE ( 'NONE', *, *, #3601, .F. ) ;
#6097 = CARTESIAN_POINT ( 'NONE',  ( 66.11200000000000898, 3.000000000000000000, -117.2239999999999895 ) ) ;
#6098 = CARTESIAN_POINT ( 'NONE',  ( 40.55599999999999739, 0.000000000000000000, -53.33399999999999608 ) ) ;
#6099 = CARTESIAN_POINT ( 'NONE',  ( 27.77799999999999869, 3.000000000000000000, -135.5020000000000095 ) ) ;
#6100 = EDGE_CURVE ( 'NONE', #8342, #597, #2246, .T. ) ;
#6101 = CARTESIAN_POINT ( 'NONE',  ( 53.33399999999999608, 0.000000000000000000, -66.11200000000000898 ) ) ;
#6102 = AXIS2_PLACEMENT_3D ( 'NONE', #1562, #6342, #3624 ) ;
#6103 = ORIENTED_EDGE ( 'NONE', *, *, #956, .T. ) ;
#6104 = EDGE_LOOP ( 'NONE', ( #2637, #6915 ) ) ;
#6105 = CYLINDRICAL_SURFACE ( 'NONE', #5564, 4.000000000000003553 ) ;
#6106 = ORIENTED_EDGE ( 'NONE', *, *, #8173, .F. ) ;
#6107 = EDGE_CURVE ( 'NONE', #4580, #4595, #3402, .T. ) ;
#6108 = DIRECTION ( 'NONE',  ( 0.000000000000000000, -1.000000000000000000, 0.000000000000000000 ) ) ;
#6109 = VECTOR ( 'NONE', #1202, 1000.000000000000000 ) ;
#6110 = ORIENTED_EDGE ( 'NONE', *, *, #8076, .F. ) ;
#6111 = FACE_OUTER_BOUND ( 'NONE', #2448, .T. ) ;
#6112 = DIRECTION ( 'NONE',  ( 0.000000000000000000, 0.000000000000000000, 1.000000000000000000 ) ) ;
#6113 = AXIS2_PLACEMENT_3D ( 'NONE', #8137, #6791, #4688 ) ;
#6114 = EDGE_CURVE ( 'NONE', #7552, #5385, #1871, .T. ) ;
#6115 = EDGE_CURVE ( 'NONE', #8384, #2710, #6821, .T. ) ;
#6116 = DIRECTION ( 'NONE',  ( 0.000000000000000000, -1.000000000000000000, 0.000000000000000000 ) ) ;
#6117 = ORIENTED_EDGE ( 'NONE', *, *, #8308, .F. ) ;
#6118 = CARTESIAN_POINT ( 'NONE',  ( 53.33399999999999608, 3.000000000000000000, -20.49999999999999645 ) ) ;
#6119 = VERTEX_POINT ( 'NONE', #8000 ) ;
#6120 = CARTESIAN_POINT ( 'NONE',  ( 66.11200000000000898, 3.000000000000000000, -9.499999999999996447 ) ) ;
#6121 = VECTOR ( 'NONE', #4889, 1000.000000000000000 ) ;
#6122 = DIRECTION ( 'NONE',  ( 0.000000000000000000, -1.000000000000000000, 0.000000000000000000 ) ) ;
#6123 = ORIENTED_EDGE ( 'NONE', *, *, #3986, .T. ) ;
#6124 = CARTESIAN_POINT ( 'NONE',  ( 78.89000000000000057, 3.000000000000000000, -84.39000000000000057 ) ) ;
#6125 = AXIS2_PLACEMENT_3D ( 'NONE', #7317, #4594, #5174 ) ;
#6126 = DIRECTION ( 'NONE',  ( 0.000000000000000000, 0.000000000000000000, 1.000000000000000000 ) ) ;
#6127 = AXIS2_PLACEMENT_3D ( 'NONE', #7471, #8235, #3504 ) ;
#6128 = CARTESIAN_POINT ( 'NONE',  ( 117.2239999999999895, 0.000000000000000000, -27.77799999999999869 ) ) ;
#6129 = ORIENTED_EDGE ( 'NONE', *, *, #2058, .T. ) ;
#6130 = AXIS2_PLACEMENT_3D ( 'NONE', #5999, #3232, #5948 ) ;
#6131 = LINE ( 'NONE', #8445, #5089 ) ;
#6132 = CIRCLE ( 'NONE', #2567, 5.499999999999991118 ) ;
#6133 = CARTESIAN_POINT ( 'NONE',  ( 66.11200000000000898, 0.000000000000000000, -15.00000000000000000 ) ) ;
#6134 = AXIS2_PLACEMENT_3D ( 'NONE', #1251, #4514, #1299 ) ;
#6135 = DIRECTION ( 'NONE',  ( 0.000000000000000000, -1.000000000000000000, 0.000000000000000000 ) ) ;
#6136 = AXIS2_PLACEMENT_3D ( 'NONE', #1923, #2507, #4560 ) ;
#6137 = LINE ( 'NONE', #8729, #6625 ) ;
#6138 = CARTESIAN_POINT ( 'NONE',  ( 78.89000000000000057, 0.000000000000000000, -130.0020000000000095 ) ) ;
#6139 = COORDINATED_UNIVERSAL_TIME_OFFSET ( 7, 0, .AHEAD. ) ;
#6140 = CYLINDRICAL_SURFACE ( 'NONE', #3049, 5.500000000000005329 ) ;
#6141 = ORIENTED_EDGE ( 'NONE', *, *, #351, .T. ) ;
#6142 = DIRECTION ( 'NONE',  ( 0.000000000000000000, 0.000000000000000000, -1.000000000000000000 ) ) ;
#6143 = CIRCLE ( 'NONE', #7425, 5.500000000000005329 ) ;
#6144 = ORIENTED_EDGE ( 'NONE', *, *, #6322, .T. ) ;
#6145 = EDGE_CURVE ( 'NONE', #1521, #6778, #5097, .T. ) ;
#6146 = ORIENTED_EDGE ( 'NONE', *, *, #2158, .F. ) ;
#6147 = DIRECTION ( 'NONE',  ( 0.000000000000000000, 1.000000000000000000, 0.000000000000000000 ) ) ;
#6148 = CARTESIAN_POINT ( 'NONE',  ( 53.33399999999999608, 3.000000000000000000, -78.89000000000000057 ) ) ;
#6149 = DIRECTION ( 'NONE',  ( 0.000000000000000000, 0.000000000000000000, 1.000000000000000000 ) ) ;
#6150 = FACE_OUTER_BOUND ( 'NONE', #1554, .T. ) ;
#6151 = ORIENTED_EDGE ( 'NONE', *, *, #3057, .T. ) ;
#6152 = ADVANCED_FACE ( 'NONE', ( #4027 ), #1196, .F. ) ;
#6153 = ORIENTED_EDGE ( 'NONE', *, *, #2220, .T. ) ;
#6154 = DIRECTION ( 'NONE',  ( 0.000000000000000000, 0.000000000000000000, 1.000000000000000000 ) ) ;
#6155 = VERTEX_POINT ( 'NONE', #3978 ) ;
#6156 = EDGE_CURVE ( 'NONE', #8742, #1683, #2684, .T. ) ;
#6157 = CYLINDRICAL_SURFACE ( 'NONE', #1264, 2.250000000000001776 ) ;
#6158 = ORIENTED_EDGE ( 'NONE', *, *, #3220, .T. ) ;
#6159 = CYLINDRICAL_SURFACE ( 'NONE', #3153, 5.500000000000005329 ) ;
#6160 = CARTESIAN_POINT ( 'NONE',  ( 104.4459999999999980, 0.000000000000000000, -46.05599999999999739 ) ) ;
#6161 = DIRECTION ( 'NONE',  ( 0.000000000000000000, -1.000000000000000000, 0.000000000000000000 ) ) ;
#6162 = ORIENTED_EDGE ( 'NONE', *, *, #8401, .T. ) ;
#6163 = EDGE_CURVE ( 'NONE', #5043, #1907, #4121, .T. ) ;
#6164 = CARTESIAN_POINT ( 'NONE',  ( 27.77799999999999869, 0.000000000000000000, -20.49999999999999645 ) ) ;
#6165 = ORIENTED_EDGE ( 'NONE', *, *, #2985, .F. ) ;
#6166 = DIRECTION ( 'NONE',  ( 0.000000000000000000, -1.000000000000000000, 0.000000000000000000 ) ) ;
#6167 = ADVANCED_FACE ( 'NONE', ( #8658 ), #572, .F. ) ;
#6168 = CYLINDRICAL_SURFACE ( 'NONE', #1281, 2.249999999999999556 ) ;
#6169 = ORIENTED_EDGE ( 'NONE', *, *, #7416, .F. ) ;
#6170 = CARTESIAN_POINT ( 'NONE',  ( 15.00000000000000000, 3.000000000000000000, -53.33399999999999608 ) ) ;
#6171 = FACE_OUTER_BOUND ( 'NONE', #5232, .T. ) ;
#6172 = EDGE_CURVE ( 'NONE', #3155, #7027, #958, .T. ) ;
#6173 = DIRECTION ( 'NONE',  ( 0.000000000000000000, 0.000000000000000000, 1.000000000000000000 ) ) ;
#6174 = VERTEX_POINT ( 'NONE', #7948 ) ;
#6175 = CARTESIAN_POINT ( 'NONE',  ( 117.2239999999999895, 0.000000000000000000, -15.00000000000000000 ) ) ;
#6176 = CIRCLE ( 'NONE', #1889, 5.500000000000003553 ) ;
#6177 = CARTESIAN_POINT ( 'NONE',  ( 15.00000000000000000, 3.000000000000000000, -98.94600000000001216 ) ) ;
#6178 = AXIS2_PLACEMENT_3D ( 'NONE', #7711, #1581, #2209 ) ;
#6179 = DIRECTION ( 'NONE',  ( 0.000000000000000000, -1.000000000000000000, 0.000000000000000000 ) ) ;
#6180 = FACE_BOUND ( 'NONE', #3194, .T. ) ;
#6181 = FACE_OUTER_BOUND ( 'NONE', #5030, .T. ) ;
#6182 = DIRECTION ( 'NONE',  ( 0.000000000000000000, -0.000000000000000000, 1.000000000000000000 ) ) ;
#6183 = EDGE_LOOP ( 'NONE', ( #2226, #8498, #4020, #7085 ) ) ;
#6184 = FACE_OUTER_BOUND ( 'NONE', #4689, .T. ) ;
#6185 = AXIS2_PLACEMENT_3D ( 'NONE', #6047, #1310, #4845 ) ;
#6186 = ORIENTED_EDGE ( 'NONE', *, *, #8082, .F. ) ;
#6187 = VERTEX_POINT ( 'NONE', #481 ) ;
#6188 = CARTESIAN_POINT ( 'NONE',  ( 145.0000000000000000, 0.000000000000000000, 0.000000000000000000 ) ) ;
#6189 = CARTESIAN_POINT ( 'NONE',  ( 130.0020000000000095, 3.000000000000000000, -98.94599999999998374 ) ) ;
#6190 = CYLINDRICAL_SURFACE ( 'NONE', #7054, 5.499999999999998224 ) ;
#6191 = CARTESIAN_POINT ( 'NONE',  ( 78.89000000000000057, 3.000000000000000000, -60.61200000000000188 ) ) ;
#6192 = AXIS2_PLACEMENT_3D ( 'NONE', #7492, #6951, #6360 ) ;
#6193 = VERTEX_POINT ( 'NONE', #3172 ) ;
#6194 = ORIENTED_EDGE ( 'NONE', *, *, #895, .T. ) ;
#6195 = CYLINDRICAL_SURFACE ( 'NONE', #268, 5.500000000000005329 ) ;
#6196 = ORIENTED_EDGE ( 'NONE', *, *, #6384, .F. ) ;
#6197 = PLANE ( 'NONE',  #8541 ) ;
#6198 = EDGE_LOOP ( 'NONE', ( #2032, #7694 ) ) ;
#6199 = DIRECTION ( 'NONE',  ( 0.000000000000000000, -0.000000000000000000, 1.000000000000000000 ) ) ;
#6200 = ADVANCED_FACE ( 'NONE', ( #2588 ), #5887, .F. ) ;
#6201 = CARTESIAN_POINT ( 'NONE',  ( 78.89000000000000057, 0.000000000000000000, -117.2239999999999895 ) ) ;
#6202 = CARTESIAN_POINT ( 'NONE',  ( 130.0020000000000095, 0.000000000000000000, -27.77799999999999869 ) ) ;
#6203 = FACE_OUTER_BOUND ( 'NONE', #5649, .T. ) ;
#6204 = ORIENTED_EDGE ( 'NONE', *, *, #5327, .F. ) ;
#6205 = EDGE_CURVE ( 'NONE', #7924, #1378, #2112, .T. ) ;
#6206 = CIRCLE ( 'NONE', #2924, 5.500000000000005329 ) ;
#6207 = CARTESIAN_POINT ( 'NONE',  ( 15.00000000000000000, 3.000000000000000000, -91.66800000000000637 ) ) ;
#6208 = VERTEX_POINT ( 'NONE', #7907 ) ;
#6209 = LINE ( 'NONE', #4735, #8270 ) ;
#6210 = DIRECTION ( 'NONE',  ( 0.000000000000000000, -1.000000000000000000, 0.000000000000000000 ) ) ;
#6211 = AXIS2_PLACEMENT_3D ( 'NONE', #5597, #2321, #7060 ) ;
#6212 = ORIENTED_EDGE ( 'NONE', *, *, #2443, .F. ) ;
#6213 = CARTESIAN_POINT ( 'NONE',  ( 78.89000000000000057, 3.000000000000000000, -73.39000000000000057 ) ) ;
#6214 = EDGE_CURVE ( 'NONE', #3020, #6501, #1776, .T. ) ;
#6215 = CIRCLE ( 'NONE', #7345, 5.500000000000005329 ) ;
#6216 = DIRECTION ( 'NONE',  ( 0.000000000000000000, 1.000000000000000000, 0.000000000000000000 ) ) ;
#6217 = ADVANCED_FACE ( 'NONE', ( #522 ), #1819, .F. ) ;
#6218 = DIRECTION ( 'NONE',  ( 0.000000000000000000, -0.000000000000000000, 1.000000000000000000 ) ) ;
#6219 = EDGE_LOOP ( 'NONE', ( #3794, #4100 ) ) ;
#6220 = DIRECTION ( 'NONE',  ( 0.000000000000000000, 0.000000000000000000, 1.000000000000000000 ) ) ;
#6221 = LOCAL_TIME ( 0, 20, 15.00000000000000000, #5953 ) ;
#6222 = CARTESIAN_POINT ( 'NONE',  ( 91.66800000000000637, 3.000000000000000000, -104.4459999999999980 ) ) ;
#6223 = EDGE_CURVE ( 'NONE', #3799, #6326, #2541, .T. ) ;
#6224 = AXIS2_PLACEMENT_3D ( 'NONE', #140, #3005, #5681 ) ;
#6225 = FACE_BOUND ( 'NONE', #1705, .T. ) ;
#6226 = DIRECTION ( 'NONE',  ( 0.000000000000000000, 1.000000000000000000, 0.000000000000000000 ) ) ;
#6227 = FACE_OUTER_BOUND ( 'NONE', #1856, .T. ) ;
#6228 = ORIENTED_EDGE ( 'NONE', *, *, #3638, .F. ) ;
#6229 = CARTESIAN_POINT ( 'NONE',  ( 130.0020000000000095, 3.000000000000000000, -97.16800000000002058 ) ) ;
#6230 = ORIENTED_EDGE ( 'NONE', *, *, #7702, .T. ) ;
#6231 = CIRCLE ( 'NONE', #2375, 5.500000000000018652 ) ;
#6232 = CARTESIAN_POINT ( 'NONE',  ( 27.77799999999999869, 3.000000000000000000, -86.16799999999999216 ) ) ;
#6233 = DIRECTION ( 'NONE',  ( -1.000000000000000000, 0.000000000000000000, -0.000000000000000000 ) ) ;
#6234 = FACE_OUTER_BOUND ( 'NONE', #2640, .T. ) ;
#6235 = CARTESIAN_POINT ( 'NONE',  ( 27.77799999999999869, 3.000000000000000000, -66.11200000000000898 ) ) ;
#6236 = ORIENTED_EDGE ( 'NONE', *, *, #95, .T. ) ;
#6237 = AXIS2_PLACEMENT_3D ( 'NONE', #2300, #6949, #2926 ) ;
#6238 = EDGE_LOOP ( 'NONE', ( #1419, #6282 ) ) ;
#6239 = CARTESIAN_POINT ( 'NONE',  ( 0.000000000000000000, 0.000000000000000000, 0.000000000000000000 ) ) ;
#6240 = EDGE_LOOP ( 'NONE', ( #7669, #2271 ) ) ;
#6241 = VERTEX_POINT ( 'NONE', #8750 ) ;
#6242 = DIRECTION ( 'NONE',  ( 0.000000000000000000, 1.000000000000000000, 0.000000000000000000 ) ) ;
#6243 = CARTESIAN_POINT ( 'NONE',  ( 130.0020000000000095, 3.000000000000000000, -78.89000000000000057 ) ) ;
#6244 = AXIS2_PLACEMENT_3D ( 'NONE', #3935, #6738, #6605 ) ;
#6245 = CARTESIAN_POINT ( 'NONE',  ( 104.4459999999999980, 3.000000000000000000, -97.16800000000000637 ) ) ;
#6246 = DIRECTION ( 'NONE',  ( 0.000000000000000000, -1.000000000000000000, 0.000000000000000000 ) ) ;
#6247 = EDGE_LOOP ( 'NONE', ( #8407, #4964 ) ) ;
#6248 = ORIENTED_EDGE ( 'NONE', *, *, #409, .F. ) ;
#6249 = ADVANCED_FACE ( 'NONE', ( #1422 ), #1374, .F. ) ;
#6250 = DIRECTION ( 'NONE',  ( 0.000000000000000000, -1.000000000000000000, 0.000000000000000000 ) ) ;
#6251 = CIRCLE ( 'NONE', #3832, 5.500000000000005329 ) ;
#6252 = CARTESIAN_POINT ( 'NONE',  ( 104.4459999999999980, 3.000000000000000000, -71.61200000000000898 ) ) ;
#6253 = ORIENTED_EDGE ( 'NONE', *, *, #3318, .T. ) ;
#6254 = CIRCLE ( 'NONE', #2691, 5.500000000000005329 ) ;
#6255 = CARTESIAN_POINT ( 'NONE',  ( 130.0020000000000095, 3.000000000000000000, -104.4459999999999980 ) ) ;
#6256 = EDGE_CURVE ( 'NONE', #2307, #2720, #6176, .T. ) ;
#6257 = DIRECTION ( 'NONE',  ( 0.000000000000000000, -0.000000000000000000, 1.000000000000000000 ) ) ;
#6258 = AXIS2_PLACEMENT_3D ( 'NONE', #3838, #1050, #1145 ) ;
#6259 = LINE ( 'NONE', #8402, #2934 ) ;
#6260 = VECTOR ( 'NONE', #864, 1000.000000000000000 ) ;
#6261 = VERTEX_POINT ( 'NONE', #1506 ) ;
#6262 = EDGE_CURVE ( 'NONE', #5385, #1984, #3609, .T. ) ;
#6263 = PLANE ( 'NONE',  #6081 ) ;
#6264 = DIRECTION ( 'NONE',  ( 0.000000000000000000, 0.000000000000000000, 1.000000000000000000 ) ) ;
#6265 = EDGE_CURVE ( 'NONE', #2087, #6155, #3178, .T. ) ;
#6266 = AXIS2_PLACEMENT_3D ( 'NONE', #3142, #4520, #6576 ) ;
#6267 = FACE_BOUND ( 'NONE', #5541, .T. ) ;
#6268 = DIRECTION ( 'NONE',  ( 0.000000000000000000, -1.000000000000000000, 0.000000000000000000 ) ) ;
#6269 = AXIS2_PLACEMENT_3D ( 'NONE', #5423, #3186, #5241 ) ;
#6270 = CIRCLE ( 'NONE', #7704, 5.499999999999998224 ) ;
#6271 = CARTESIAN_POINT ( 'NONE',  ( 130.0020000000000095, 0.000000000000000000, -40.55599999999999739 ) ) ;
#6272 = ORIENTED_EDGE ( 'NONE', *, *, #5705, .T. ) ;
#6273 = ADVANCED_FACE ( 'NONE', ( #4870 ), #3445, .F. ) ;
#6274 = CYLINDRICAL_SURFACE ( 'NONE', #700, 5.500000000000005329 ) ;
#6275 = AXIS2_PLACEMENT_3D ( 'NONE', #856, #8285, #6264 ) ;
#6276 = VECTOR ( 'NONE', #4736, 1000.000000000000000 ) ;
#6277 = LINE ( 'NONE', #2340, #8239 ) ;
#6278 = LINE ( 'NONE', #4395, #5177 ) ;
#6279 = PLANE ( 'NONE',  #5904 ) ;
#6280 = CARTESIAN_POINT ( 'NONE',  ( 91.66800000000000637, 0.000000000000000000, -111.7239999999999895 ) ) ;
#6281 = VERTEX_POINT ( 'NONE', #7635 ) ;
#6282 = ORIENTED_EDGE ( 'NONE', *, *, #3652, .F. ) ;
#6283 = ADVANCED_FACE ( 'NONE', ( #8844 ), #2767, .F. ) ;
#6284 = AXIS2_PLACEMENT_3D ( 'NONE', #5795, #3082, #4462 ) ;
#6285 = AXIS2_PLACEMENT_3D ( 'NONE', #5489, #1371, #4112 ) ;
#6286 = ORIENTED_EDGE ( 'NONE', *, *, #1522, .F. ) ;
#6287 = CARTESIAN_POINT ( 'NONE',  ( 15.00000000000000000, 3.000000000000000000, -78.89000000000000057 ) ) ;
#6288 = ORIENTED_EDGE ( 'NONE', *, *, #5771, .F. ) ;
#6289 = ORIENTED_EDGE ( 'NONE', *, *, #511, .F. ) ;
#6290 = CARTESIAN_POINT ( 'NONE',  ( 91.66800000000000637, 3.000000000000000000, -27.77799999999999869 ) ) ;
#6291 = CIRCLE ( 'NONE', #4719, 5.500000000000005329 ) ;
#6292 = DIRECTION ( 'NONE',  ( 0.000000000000000000, -1.000000000000000000, 0.000000000000000000 ) ) ;
#6293 = CARTESIAN_POINT ( 'NONE',  ( 40.55599999999999739, 3.000000000000000000, -109.9459999999999837 ) ) ;
#6294 = DIRECTION ( 'NONE',  ( 0.000000000000000000, 0.000000000000000000, 1.000000000000000000 ) ) ;
#6295 = EDGE_LOOP ( 'NONE', ( #242, #2176, #507, #2809 ) ) ;
#6296 = ORIENTED_EDGE ( 'NONE', *, *, #6256, .T. ) ;
#6297 = DIRECTION ( 'NONE',  ( 0.000000000000000000, 1.000000000000000000, 0.000000000000000000 ) ) ;
#6298 = DIRECTION ( 'NONE',  ( 0.000000000000000000, -1.000000000000000000, 0.000000000000000000 ) ) ;
#6299 = EDGE_LOOP ( 'NONE', ( #791, #1771 ) ) ;
#6300 = DIRECTION ( 'NONE',  ( 0.000000000000000000, -1.000000000000000000, 0.000000000000000000 ) ) ;
#6301 = CARTESIAN_POINT ( 'NONE',  ( 40.55599999999999739, 3.000000000000000000, -78.89000000000000057 ) ) ;
#6302 = DIRECTION ( 'NONE',  ( 0.000000000000000000, -1.000000000000000000, 0.000000000000000000 ) ) ;
#6303 = ORIENTED_EDGE ( 'NONE', *, *, #2058, .F. ) ;
#6304 = DIRECTION ( 'NONE',  ( 0.000000000000000000, -1.000000000000000000, 0.000000000000000000 ) ) ;
#6305 = DIRECTION ( 'NONE',  ( 0.000000000000000000, 1.000000000000000000, 0.000000000000000000 ) ) ;
#6306 = ADVANCED_FACE ( 'NONE', ( #6832 ), #7546, .F. ) ;
#6307 = FACE_BOUND ( 'NONE', #5821, .T. ) ;
#6308 = CARTESIAN_POINT ( 'NONE',  ( 66.11200000000000898, 0.000000000000000000, -66.11200000000000898 ) ) ;
#6309 = AXIS2_PLACEMENT_3D ( 'NONE', #2094, #8130, #6961 ) ;
#6310 = DIRECTION ( 'NONE',  ( 0.000000000000000000, 1.000000000000000000, 0.000000000000000000 ) ) ;
#6311 = VERTEX_POINT ( 'NONE', #8797 ) ;
#6312 = ADVANCED_FACE ( 'NONE', ( #8264 ), #4203, .F. ) ;
#6313 = LINE ( 'NONE', #7831, #976 ) ;
#6314 = AXIS2_PLACEMENT_3D ( 'NONE', #2712, #5388, #8113 ) ;
#6315 = DIRECTION ( 'NONE',  ( 0.000000000000000000, 1.000000000000000000, 0.000000000000000000 ) ) ;
#6316 = EDGE_CURVE ( 'NONE', #1627, #8169, #5169, .T. ) ;
#6317 = DIRECTION ( 'NONE',  ( 0.000000000000000000, 0.000000000000000000, -1.000000000000000000 ) ) ;
#6318 = CARTESIAN_POINT ( 'NONE',  ( 53.33399999999999608, 3.000000000000000000, -111.7239999999999895 ) ) ;
#6319 = DIRECTION ( 'NONE',  ( 0.000000000000000000, 0.000000000000000000, -1.000000000000000000 ) ) ;
#6320 = ORIENTED_EDGE ( 'NONE', *, *, #710, .F. ) ;
#6321 = ORIENTED_EDGE ( 'NONE', *, *, #6355, .F. ) ;
#6322 = EDGE_CURVE ( 'NONE', #170, #8056, #601, .T. ) ;
#6323 = AXIS2_PLACEMENT_3D ( 'NONE', #7767, #1548, #8265 ) ;
#6324 = VERTEX_POINT ( 'NONE', #2140 ) ;
#6325 = PLANE ( 'NONE',  #7122 ) ;
#6326 = VERTEX_POINT ( 'NONE', #6160 ) ;
#6327 = VERTEX_POINT ( 'NONE', #836 ) ;
#6328 = DIRECTION ( 'NONE',  ( 0.000000000000000000, -1.000000000000000000, 0.000000000000000000 ) ) ;
#6329 = EDGE_CURVE ( 'NONE', #7365, #5620, #5604, .T. ) ;
#6330 = CIRCLE ( 'NONE', #5899, 2.250000000000000000 ) ;
#6331 = DIRECTION ( 'NONE',  ( 0.000000000000000000, -1.000000000000000000, 0.000000000000000000 ) ) ;
#6332 = FACE_OUTER_BOUND ( 'NONE', #1834, .T. ) ;
#6333 = LINE ( 'NONE', #5709, #5910 ) ;
#6334 = EDGE_LOOP ( 'NONE', ( #3951, #6954 ) ) ;
#6335 = VECTOR ( 'NONE', #1072, 1000.000000000000000 ) ;
#6336 = ORIENTED_EDGE ( 'NONE', *, *, #5810, .F. ) ;
#6337 = DIRECTION ( 'NONE',  ( 0.000000000000000000, -0.000000000000000000, 1.000000000000000000 ) ) ;
#6338 = AXIS2_PLACEMENT_3D ( 'NONE', #8104, #3236, #1934 ) ;
#6339 = PLANE ( 'NONE',  #4431 ) ;
#6340 = ORIENTED_EDGE ( 'NONE', *, *, #5062, .T. ) ;
#6341 = CYLINDRICAL_SURFACE ( 'NONE', #4163, 5.500000000000005329 ) ;
#6342 = DIRECTION ( 'NONE',  ( 0.000000000000000000, 1.000000000000000000, 0.000000000000000000 ) ) ;
#6343 = VECTOR ( 'NONE', #1970, 1000.000000000000000 ) ;
#6344 = CIRCLE ( 'NONE', #915, 5.500000000000005329 ) ;
#6345 = FACE_OUTER_BOUND ( 'NONE', #3170, .T. ) ;
#6346 = EDGE_LOOP ( 'NONE', ( #5959, #1838, #2752, #5606 ) ) ;
#6347 = CARTESIAN_POINT ( 'NONE',  ( 66.11200000000000898, 3.000000000000000000, -91.66800000000000637 ) ) ;
#6348 = CIRCLE ( 'NONE', #2501, 5.499999999999991118 ) ;
#6349 = CARTESIAN_POINT ( 'NONE',  ( 104.4459999999999980, 3.000000000000000000, -84.39000000000000057 ) ) ;
#6350 = CIRCLE ( 'NONE', #1498, 5.500000000000005329 ) ;
#6351 = DIRECTION ( 'NONE',  ( 0.000000000000000000, -1.000000000000000000, 0.000000000000000000 ) ) ;
#6352 = CARTESIAN_POINT ( 'NONE',  ( 53.33399999999999608, 3.000000000000000000, -40.55599999999999739 ) ) ;
#6353 = ORIENTED_EDGE ( 'NONE', *, *, #1940, .T. ) ;
#6354 = DIRECTION ( 'NONE',  ( 0.000000000000000000, -1.000000000000000000, 0.000000000000000000 ) ) ;
#6355 = EDGE_CURVE ( 'NONE', #7214, #1948, #7455, .T. ) ;
#6356 = DIRECTION ( 'NONE',  ( 0.000000000000000000, -1.000000000000000000, 0.000000000000000000 ) ) ;
#6357 = CARTESIAN_POINT ( 'NONE',  ( 27.77799999999999869, 0.000000000000000000, -15.00000000000000000 ) ) ;
#6358 = ADVANCED_FACE ( 'NONE', ( #1329 ), #6920, .F. ) ;
#6359 = DIRECTION ( 'NONE',  ( 0.000000000000000000, 0.000000000000000000, -1.000000000000000000 ) ) ;
#6360 = DIRECTION ( 'NONE',  ( 0.000000000000000000, 0.000000000000000000, 1.000000000000000000 ) ) ;
#6361 = CARTESIAN_POINT ( 'NONE',  ( 40.55599999999999739, 3.000000000000000000, -97.16800000000000637 ) ) ;
#6362 = ORIENTED_EDGE ( 'NONE', *, *, #3254, .T. ) ;
#6363 = VERTEX_POINT ( 'NONE', #2725 ) ;
#6364 = CARTESIAN_POINT ( 'NONE',  ( 78.89000000000000057, 3.000000000000000000, -117.2239999999999895 ) ) ;
#6365 = ORIENTED_EDGE ( 'NONE', *, *, #2925, .F. ) ;
#6366 = CC_DESIGN_PERSON_AND_ORGANIZATION_ASSIGNMENT ( #3779, #6495, ( #7585 ) ) ;
#6367 = ORIENTED_EDGE ( 'NONE', *, *, #8125, .F. ) ;
#6368 = VERTEX_POINT ( 'NONE', #2676 ) ;
#6369 = FACE_OUTER_BOUND ( 'NONE', #5017, .T. ) ;
#6370 = ADVANCED_FACE ( 'NONE', ( #3526 ), #6786, .F. ) ;
#6371 = EDGE_CURVE ( 'NONE', #4989, #1594, #246, .T. ) ;
#6372 = CARTESIAN_POINT ( 'NONE',  ( 40.55599999999999739, 3.000000000000000000, -124.5019999999999953 ) ) ;
#6373 = DIRECTION ( 'NONE',  ( 0.000000000000000000, 0.000000000000000000, 1.000000000000000000 ) ) ;
#6374 = DIRECTION ( 'NONE',  ( 0.000000000000000000, -1.000000000000000000, 0.000000000000000000 ) ) ;
#6375 = CIRCLE ( 'NONE', #812, 5.500000000000018652 ) ;
#6376 = ORIENTED_EDGE ( 'NONE', *, *, #3499, .T. ) ;
#6377 = ORIENTED_EDGE ( 'NONE', *, *, #5180, .F. ) ;
#6378 = EDGE_CURVE ( 'NONE', #8721, #3603, #1722, .T. ) ;
#6379 = FACE_OUTER_BOUND ( 'NONE', #2582, .T. ) ;
#6380 = FACE_OUTER_BOUND ( 'NONE', #1368, .T. ) ;
#6381 = AXIS2_PLACEMENT_3D ( 'NONE', #1077, #8588, #8634 ) ;
#6382 = VERTEX_POINT ( 'NONE', #3027 ) ;
#6383 = CARTESIAN_POINT ( 'NONE',  ( 117.2239999999999895, 3.000000000000000000, -73.39000000000000057 ) ) ;
#6384 = EDGE_CURVE ( 'NONE', #647, #6858, #3031, .T. ) ;
#6385 = CARTESIAN_POINT ( 'NONE',  ( 130.0020000000000095, 0.000000000000000000, -46.05600000000001160 ) ) ;
#6386 = AXIS2_PLACEMENT_3D ( 'NONE', #8527, #4464, #2410 ) ;
#6387 = DIRECTION ( 'NONE',  ( 0.000000000000000000, 1.000000000000000000, 0.000000000000000000 ) ) ;
#6388 = EDGE_LOOP ( 'NONE', ( #6052, #5486 ) ) ;
#6389 = CARTESIAN_POINT ( 'NONE',  ( 104.4459999999999980, 0.000000000000000000, -58.83400000000000318 ) ) ;
#6390 = VERTEX_POINT ( 'NONE', #4407 ) ;
#6391 = PLANE ( 'NONE',  #278 ) ;
#6392 = AXIS2_PLACEMENT_3D ( 'NONE', #179, #7062, #1020 ) ;
#6393 = AXIS2_PLACEMENT_3D ( 'NONE', #8090, #7364, #1332 ) ;
#6394 = DIRECTION ( 'NONE',  ( 0.000000000000000000, -1.000000000000000000, 0.000000000000000000 ) ) ;
#6395 = CYLINDRICAL_SURFACE ( 'NONE', #4761, 5.500000000000005329 ) ;
#6396 = ORIENTED_EDGE ( 'NONE', *, *, #3966, .F. ) ;
#6397 = CYLINDRICAL_SURFACE ( 'NONE', #4270, 5.499999999999998224 ) ;
#6398 = CIRCLE ( 'NONE', #7977, 5.499999999999996447 ) ;
#6399 = VECTOR ( 'NONE', #151, 1000.000000000000000 ) ;
#6400 = CARTESIAN_POINT ( 'NONE',  ( 15.00000000000000000, 0.000000000000000000, -117.2239999999999895 ) ) ;
#6401 = LINE ( 'NONE', #6232, #5530 ) ;
#6402 = CIRCLE ( 'NONE', #5838, 5.500000000000005329 ) ;
#6403 = CYLINDRICAL_SURFACE ( 'NONE', #3181, 5.499999999999998224 ) ;
#6404 = CIRCLE ( 'NONE', #7560, 5.500000000000005329 ) ;
#6405 = LINE ( 'NONE', #3731, #6481 ) ;
#6406 = FACE_OUTER_BOUND ( 'NONE', #2333, .T. ) ;
#6407 = ORIENTED_EDGE ( 'NONE', *, *, #5387, .F. ) ;
#6408 = VERTEX_POINT ( 'NONE', #7723 ) ;
#6409 = FACE_OUTER_BOUND ( 'NONE', #3854, .T. ) ;
#6410 = ORIENTED_EDGE ( 'NONE', *, *, #3478, .F. ) ;
#6411 = CIRCLE ( 'NONE', #5279, 5.500000000000005329 ) ;
#6412 = CIRCLE ( 'NONE', #3714, 5.499999999999998224 ) ;
#6413 = ORIENTED_EDGE ( 'NONE', *, *, #3709, .F. ) ;
#6414 = ORIENTED_EDGE ( 'NONE', *, *, #8140, .F. ) ;
#6415 = DIRECTION ( 'NONE',  ( 0.000000000000000000, 0.000000000000000000, -1.000000000000000000 ) ) ;
#6416 = DIRECTION ( 'NONE',  ( 0.000000000000000000, -1.000000000000000000, 0.000000000000000000 ) ) ;
#6417 = LINE ( 'NONE', #1003, #1619 ) ;
#6418 = EDGE_CURVE ( 'NONE', #4496, #1893, #6024, .T. ) ;
#6419 = AXIS2_PLACEMENT_3D ( 'NONE', #5600, #180, #6803 ) ;
#6420 = FACE_OUTER_BOUND ( 'NONE', #2345, .T. ) ;
#6421 = AXIS2_PLACEMENT_3D ( 'NONE', #2639, #3225, #3312 ) ;
#6422 = ORIENTED_EDGE ( 'NONE', *, *, #7810, .T. ) ;
#6423 = EDGE_LOOP ( 'NONE', ( #7579, #4014, #8161, #3871 ) ) ;
#6424 = ADVANCED_FACE ( 'NONE', ( #5121, #5626 ), #7853, .F. ) ;
#6425 = DIRECTION ( 'NONE',  ( 0.000000000000000000, 1.000000000000000000, 0.000000000000000000 ) ) ;
#6426 = EDGE_LOOP ( 'NONE', ( #8745, #1271 ) ) ;
#6427 = DIRECTION ( 'NONE',  ( 0.000000000000000000, -1.000000000000000000, 0.000000000000000000 ) ) ;
#6428 = CIRCLE ( 'NONE', #3723, 5.500000000000005329 ) ;
#6429 = ORIENTED_EDGE ( 'NONE', *, *, #5521, .T. ) ;
#6430 = DIRECTION ( 'NONE',  ( 0.000000000000000000, 0.000000000000000000, -1.000000000000000000 ) ) ;
#6431 = DIRECTION ( 'NONE',  ( 0.000000000000000000, -1.000000000000000000, 0.000000000000000000 ) ) ;
#6432 = EDGE_CURVE ( 'NONE', #4299, #213, #1885, .T. ) ;
#6433 = DIRECTION ( 'NONE',  ( 0.000000000000000000, 0.000000000000000000, 1.000000000000000000 ) ) ;
#6434 = ORIENTED_EDGE ( 'NONE', *, *, #2927, .T. ) ;
#6435 = ADVANCED_FACE ( 'NONE', ( #8350 ), #7135, .F. ) ;
#6436 = DIRECTION ( 'NONE',  ( 0.000000000000000000, 0.000000000000000000, 1.000000000000000000 ) ) ;
#6437 = ORIENTED_EDGE ( 'NONE', *, *, #4089, .T. ) ;
#6438 = DIRECTION ( 'NONE',  ( 0.000000000000000000, 0.000000000000000000, -1.000000000000000000 ) ) ;
#6439 = ADVANCED_FACE ( 'NONE', ( #206 ), #7805, .F. ) ;
#6440 = CARTESIAN_POINT ( 'NONE',  ( 5.000000000000000000, 10.00000000000000000, -142.2500000000000284 ) ) ;
#6441 = CARTESIAN_POINT ( 'NONE',  ( 15.00000000000000000, 3.000000000000000000, -86.16799999999999216 ) ) ;
#6442 = ORIENTED_EDGE ( 'NONE', *, *, #1219, .F. ) ;
#6443 = CARTESIAN_POINT ( 'NONE',  ( 91.66800000000000637, 3.000000000000000000, -22.27799999999999159 ) ) ;
#6444 = CARTESIAN_POINT ( 'NONE',  ( 78.89000000000000057, 3.000000000000000000, -47.83399999999999608 ) ) ;
#6445 = FACE_OUTER_BOUND ( 'NONE', #1237, .T. ) ;
#6446 = VECTOR ( 'NONE', #1045, 1000.000000000000000 ) ;
#6447 = CARTESIAN_POINT ( 'NONE',  ( 91.66800000000000637, 0.000000000000000000, -35.05599999999999028 ) ) ;
#6448 = CARTESIAN_POINT ( 'NONE',  ( 140.0000000000000000, 4.000000000000000000, -140.0000000000000000 ) ) ;
#6449 = ORIENTED_EDGE ( 'NONE', *, *, #4965, .F. ) ;
#6450 = ORIENTED_EDGE ( 'NONE', *, *, #6709, .F. ) ;
#6451 = CARTESIAN_POINT ( 'NONE',  ( 66.11200000000000898, 3.000000000000000000, -47.83399999999999608 ) ) ;
#6452 = AXIS2_PLACEMENT_3D ( 'NONE', #3964, #5526, #6233 ) ;
#6453 = EDGE_LOOP ( 'NONE', ( #1175, #4943 ) ) ;
#6454 = ORIENTED_EDGE ( 'NONE', *, *, #766, .F. ) ;
#6455 = PLANE ( 'NONE',  #8430 ) ;
#6456 = DIRECTION ( 'NONE',  ( 0.000000000000000000, -1.000000000000000000, 0.000000000000000000 ) ) ;
#6457 = CARTESIAN_POINT ( 'NONE',  ( 15.00000000000000000, 0.000000000000000000, -66.11200000000000898 ) ) ;
#6458 = CYLINDRICAL_SURFACE ( 'NONE', #2208, 5.500000000000005329 ) ;
#6459 = CIRCLE ( 'NONE', #4193, 5.499999999999998224 ) ;
#6460 = EDGE_LOOP ( 'NONE', ( #6031, #2592, #3292, #829 ) ) ;
#6461 = EDGE_LOOP ( 'NONE', ( #2132, #6731, #5703, #7913 ) ) ;
#6462 = DIRECTION ( 'NONE',  ( 0.000000000000000000, -1.000000000000000000, 0.000000000000000000 ) ) ;
#6463 = AXIS2_PLACEMENT_3D ( 'NONE', #1397, #7614, #1487 ) ;
#6464 = ORIENTED_EDGE ( 'NONE', *, *, #5057, .T. ) ;
#6465 = DIRECTION ( 'NONE',  ( 0.000000000000000000, 1.000000000000000000, 0.000000000000000000 ) ) ;
#6466 = EDGE_CURVE ( 'NONE', #3138, #4849, #7172, .T. ) ;
#6467 = CIRCLE ( 'NONE', #8756, 5.500000000000018652 ) ;
#6468 = EDGE_LOOP ( 'NONE', ( #4459, #8262 ) ) ;
#6469 = PLANE ( 'NONE',  #7281 ) ;
#6470 = FACE_OUTER_BOUND ( 'NONE', #5111, .T. ) ;
#6471 = EDGE_CURVE ( 'NONE', #1986, #5205, #8026, .T. ) ;
#6472 = FACE_BOUND ( 'NONE', #6792, .T. ) ;
#6473 = VECTOR ( 'NONE', #5099, 1000.000000000000000 ) ;
#6474 = AXIS2_PLACEMENT_3D ( 'NONE', #3869, #6582, #5908 ) ;
#6475 = DIRECTION ( 'NONE',  ( 0.000000000000000000, -1.000000000000000000, 0.000000000000000000 ) ) ;
#6476 = ORIENTED_EDGE ( 'NONE', *, *, #3884, .F. ) ;
#6477 = DIRECTION ( 'NONE',  ( 0.000000000000000000, 1.000000000000000000, 0.000000000000000000 ) ) ;
#6478 = EDGE_CURVE ( 'NONE', #2630, #7931, #2601, .T. ) ;
#6479 = ORIENTED_EDGE ( 'NONE', *, *, #2550, .T. ) ;
#6480 = CYLINDRICAL_SURFACE ( 'NONE', #1996, 5.500000000000005329 ) ;
#6481 = VECTOR ( 'NONE', #1799, 1000.000000000000000 ) ;
#6482 = EDGE_CURVE ( 'NONE', #8378, #6324, #5664, .T. ) ;
#6483 = DIRECTION ( 'NONE',  ( 0.000000000000000000, 0.000000000000000000, 1.000000000000000000 ) ) ;
#6484 = DIRECTION ( 'NONE',  ( 0.000000000000000000, 0.000000000000000000, 1.000000000000000000 ) ) ;
#6485 = ORIENTED_EDGE ( 'NONE', *, *, #5569, .F. ) ;
#6486 = CYLINDRICAL_SURFACE ( 'NONE', #7117, 5.500000000000018652 ) ;
#6487 = VECTOR ( 'NONE', #4684, 1000.000000000000000 ) ;
#6488 = EDGE_CURVE ( 'NONE', #3551, #6633, #5467, .T. ) ;
#6489 = CARTESIAN_POINT ( 'NONE',  ( 78.89000000000000057, 3.000000000000000000, -58.83400000000000318 ) ) ;
#6490 = CIRCLE ( 'NONE', #7645, 4.000000000000001776 ) ;
#6491 = CARTESIAN_POINT ( 'NONE',  ( 91.66800000000000637, 3.000000000000000000, -117.2239999999999895 ) ) ;
#6492 = CIRCLE ( 'NONE', #923, 5.500000000000005329 ) ;
#6493 = DIRECTION ( 'NONE',  ( 0.000000000000000000, 0.000000000000000000, -1.000000000000000000 ) ) ;
#6494 = CARTESIAN_POINT ( 'NONE',  ( 27.77799999999999869, 3.000000000000000000, -78.89000000000000057 ) ) ;
#6495 = PERSON_AND_ORGANIZATION_ROLE ( 'design_owner' ) ;
#6496 = VERTEX_POINT ( 'NONE', #7766 ) ;
#6497 = ORIENTED_EDGE ( 'NONE', *, *, #5349, .T. ) ;
#6498 = DIRECTION ( 'NONE',  ( 0.000000000000000000, 1.000000000000000000, 0.000000000000000000 ) ) ;
#6499 = AXIS2_PLACEMENT_3D ( 'NONE', #4397, #5739, #8461 ) ;
#6500 = ORIENTED_EDGE ( 'NONE', *, *, #4303, .T. ) ;
#6501 = VERTEX_POINT ( 'NONE', #4323 ) ;
#6502 = CARTESIAN_POINT ( 'NONE',  ( 66.11200000000000898, 0.000000000000000000, -117.2239999999999895 ) ) ;
#6503 = CARTESIAN_POINT ( 'NONE',  ( 40.55599999999999739, 3.000000000000000000, -117.2239999999999895 ) ) ;
#6504 = CARTESIAN_POINT ( 'NONE',  ( 130.0020000000000095, 0.000000000000000000, -135.5020000000000095 ) ) ;
#6505 = FACE_OUTER_BOUND ( 'NONE', #457, .T. ) ;
#6506 = VERTEX_POINT ( 'NONE', #1547 ) ;
#6507 = ORIENTED_EDGE ( 'NONE', *, *, #3861, .T. ) ;
#6508 = FACE_OUTER_BOUND ( 'NONE', #5903, .T. ) ;
#6509 = ORIENTED_EDGE ( 'NONE', *, *, #2161, .F. ) ;
#6510 = PLANE ( 'NONE',  #4837 ) ;
#6511 = ORIENTED_EDGE ( 'NONE', *, *, #1624, .F. ) ;
#6512 = CARTESIAN_POINT ( 'NONE',  ( 53.33399999999999608, 3.000000000000000000, -73.39000000000001478 ) ) ;
#6513 = DIRECTION ( 'NONE',  ( 0.000000000000000000, 1.000000000000000000, 0.000000000000000000 ) ) ;
#6514 = VECTOR ( 'NONE', #5830, 1000.000000000000000 ) ;
#6515 = FACE_BOUND ( 'NONE', #7138, .T. ) ;
#6516 = CYLINDRICAL_SURFACE ( 'NONE', #4927, 5.500000000000005329 ) ;
#6517 = ORIENTED_EDGE ( 'NONE', *, *, #3085, .F. ) ;
#6518 = CARTESIAN_POINT ( 'NONE',  ( 130.0020000000000095, 3.000000000000000000, -135.5020000000000095 ) ) ;
#6519 = CIRCLE ( 'NONE', #4524, 5.499999999999998224 ) ;
#6520 = ADVANCED_FACE ( 'NONE', ( #4285 ), #2310, .F. ) ;
#6521 = CARTESIAN_POINT ( 'NONE',  ( 27.77799999999999869, 3.000000000000000000, -117.2239999999999895 ) ) ;
#6522 = EDGE_LOOP ( 'NONE', ( #675, #6196 ) ) ;
#6523 = DIRECTION ( 'NONE',  ( 0.000000000000000000, -1.000000000000000000, 0.000000000000000000 ) ) ;
#6524 = AXIS2_PLACEMENT_3D ( 'NONE', #7361, #5359, #6563 ) ;
#6525 = EDGE_CURVE ( 'NONE', #8692, #4214, #3745, .T. ) ;
#6526 = DIRECTION ( 'NONE',  ( 0.000000000000000000, -1.000000000000000000, 0.000000000000000000 ) ) ;
#6527 = EDGE_LOOP ( 'NONE', ( #5618, #4239 ) ) ;
#6528 = CARTESIAN_POINT ( 'NONE',  ( 40.55599999999999739, 3.000000000000000000, -53.33399999999999608 ) ) ;
#6529 = ADVANCED_FACE ( 'NONE', ( #5033 ), #7048, .F. ) ;
#6530 = AXIS2_PLACEMENT_3D ( 'NONE', #4966, #3719, #6436 ) ;
#6531 = DIRECTION ( 'NONE',  ( 0.000000000000000000, -1.000000000000000000, 0.000000000000000000 ) ) ;
#6532 = AXIS2_PLACEMENT_3D ( 'NONE', #2479, #3826, #6673 ) ;
#6533 = CYLINDRICAL_SURFACE ( 'NONE', #4665, 5.500000000000005329 ) ;
#6534 = CARTESIAN_POINT ( 'NONE',  ( 78.89000000000000057, 3.000000000000000000, -122.7240000000000038 ) ) ;
#6535 = CARTESIAN_POINT ( 'NONE',  ( 78.89000000000000057, 0.000000000000000000, -104.4459999999999980 ) ) ;
#6536 = ADVANCED_FACE ( 'NONE', ( #3294 ), #377, .F. ) ;
#6537 = EDGE_CURVE ( 'NONE', #4419, #6368, #4886, .T. ) ;
#6538 = DIRECTION ( 'NONE',  ( 0.000000000000000000, 1.000000000000000000, 0.000000000000000000 ) ) ;
#6539 = AXIS2_PLACEMENT_3D ( 'NONE', #6557, #8701, #5927 ) ;
#6540 = ORIENTED_EDGE ( 'NONE', *, *, #1253, .T. ) ;
#6541 = ORIENTED_EDGE ( 'NONE', *, *, #874, .F. ) ;
#6542 = LINE ( 'NONE', #1985, #968 ) ;
#6543 = CIRCLE ( 'NONE', #1687, 5.500000000000005329 ) ;
#6544 = EDGE_CURVE ( 'NONE', #7045, #7284, #5832, .T. ) ;
#6545 = ORIENTED_EDGE ( 'NONE', *, *, #846, .T. ) ;
#6546 = AXIS2_PLACEMENT_3D ( 'NONE', #4725, #5397, #567 ) ;
#6547 = ORIENTED_EDGE ( 'NONE', *, *, #2844, .T. ) ;
#6548 = DIRECTION ( 'NONE',  ( 0.000000000000000000, 0.000000000000000000, -1.000000000000000000 ) ) ;
#6549 = CARTESIAN_POINT ( 'NONE',  ( 130.0020000000000095, 3.000000000000000000, -27.77799999999999869 ) ) ;
#6550 = CYLINDRICAL_SURFACE ( 'NONE', #7765, 5.499999999999998224 ) ;
#6551 = CIRCLE ( 'NONE', #2273, 5.499999999999996447 ) ;
#6552 = ADVANCED_FACE ( 'NONE', ( #8562 ), #6012, .F. ) ;
#6553 = CARTESIAN_POINT ( 'NONE',  ( 15.00000000000000000, 3.000000000000000000, -27.77799999999999869 ) ) ;
#6554 = ORIENTED_EDGE ( 'NONE', *, *, #8613, .F. ) ;
#6555 = VECTOR ( 'NONE', #5774, 1000.000000000000000 ) ;
#6556 = EDGE_LOOP ( 'NONE', ( #3247, #6876 ) ) ;
#6557 = CARTESIAN_POINT ( 'NONE',  ( 78.89000000000000057, 3.000000000000000000, -66.11200000000000898 ) ) ;
#6558 = VERTEX_POINT ( 'NONE', #8073 ) ;
#6559 = CARTESIAN_POINT ( 'NONE',  ( 40.55599999999999739, 3.000000000000000000, -130.0020000000000095 ) ) ;
#6560 = ORIENTED_EDGE ( 'NONE', *, *, #8834, .T. ) ;
#6561 = FACE_OUTER_BOUND ( 'NONE', #2816, .T. ) ;
#6562 = CIRCLE ( 'NONE', #7129, 5.500000000000005329 ) ;
#6564 = AXIS2_PLACEMENT_3D ( 'NONE', #623, #8093, #4828 ) ;
#6563 = DIRECTION ( 'NONE',  ( 0.000000000000000000, 0.000000000000000000, 1.000000000000000000 ) ) ;
#6565 = FACE_BOUND ( 'NONE', #7556, .T. ) ;
#6566 = FACE_OUTER_BOUND ( 'NONE', #1326, .T. ) ;
#6567 = EDGE_LOOP ( 'NONE', ( #1143, #981, #6765, #2178 ) ) ;
#6568 = CIRCLE ( 'NONE', #4713, 5.500000000000005329 ) ;
#6569 = DIRECTION ( 'NONE',  ( 0.000000000000000000, 1.000000000000000000, 0.000000000000000000 ) ) ;
#6570 = PLANE ( 'NONE',  #8417 ) ;
#6571 = ORIENTED_EDGE ( 'NONE', *, *, #3994, .T. ) ;
#6572 = DIRECTION ( 'NONE',  ( 0.000000000000000000, 0.000000000000000000, 1.000000000000000000 ) ) ;
#6573 = AXIS2_PLACEMENT_3D ( 'NONE', #8575, #1150, #1914 ) ;
#6574 = CARTESIAN_POINT ( 'NONE',  ( 27.77799999999999869, 3.000000000000000000, -46.05599999999999028 ) ) ;
#6575 = ORIENTED_EDGE ( 'NONE', *, *, #644, .F. ) ;
#6576 = DIRECTION ( 'NONE',  ( 0.000000000000000000, 0.000000000000000000, -1.000000000000000000 ) ) ;
#6577 = ORIENTED_EDGE ( 'NONE', *, *, #904, .F. ) ;
#6578 = CARTESIAN_POINT ( 'NONE',  ( 78.89000000000000057, 3.000000000000000000, -27.77799999999999869 ) ) ;
#6579 = EDGE_CURVE ( 'NONE', #7562, #2363, #7313, .T. ) ;
#6580 = DIRECTION ( 'NONE',  ( 0.000000000000000000, -0.000000000000000000, 1.000000000000000000 ) ) ;
#6581 = CARTESIAN_POINT ( 'NONE',  ( 53.33399999999999608, 0.000000000000000000, -130.0020000000000095 ) ) ;
#6582 = DIRECTION ( 'NONE',  ( 0.000000000000000000, -1.000000000000000000, 0.000000000000000000 ) ) ;
#6583 = ADVANCED_FACE ( 'NONE', ( #5254 ), #6679, .F. ) ;
#6584 = ORIENTED_EDGE ( 'NONE', *, *, #5006, .T. ) ;
#6585 = ORIENTED_EDGE ( 'NONE', *, *, #8286, .F. ) ;
#6586 = CARTESIAN_POINT ( 'NONE',  ( 91.66800000000000637, 3.000000000000000000, -9.499999999999996447 ) ) ;
#6587 = EDGE_LOOP ( 'NONE', ( #833, #8247 ) ) ;
#6588 = EDGE_CURVE ( 'NONE', #1594, #8685, #3897, .T. ) ;
#6589 = ORIENTED_EDGE ( 'NONE', *, *, #644, .T. ) ;
#6590 = FACE_OUTER_BOUND ( 'NONE', #2798, .T. ) ;
#6591 = FACE_OUTER_BOUND ( 'NONE', #8673, .T. ) ;
#6592 = CYLINDRICAL_SURFACE ( 'NONE', #622, 5.500000000000005329 ) ;
#6593 = ADVANCED_FACE ( 'NONE', ( #4670 ), #7391, .F. ) ;
#6594 = EDGE_CURVE ( 'NONE', #2040, #8205, #2464, .T. ) ;
#6595 = DIRECTION ( 'NONE',  ( 0.000000000000000000, -0.000000000000000000, 1.000000000000000000 ) ) ;
#6596 = ORIENTED_EDGE ( 'NONE', *, *, #638, .F. ) ;
#6597 = AXIS2_PLACEMENT_3D ( 'NONE', #6549, #2528, #1808 ) ;
#6598 = ORIENTED_EDGE ( 'NONE', *, *, #2079, .T. ) ;
#6599 = DIRECTION ( 'NONE',  ( 0.000000000000000000, 0.000000000000000000, 1.000000000000000000 ) ) ;
#6600 = VERTEX_POINT ( 'NONE', #466 ) ;
#6601 = ADVANCED_FACE ( 'NONE', ( #4492 ), #2577, .F. ) ;
#6602 = DIRECTION ( 'NONE',  ( 0.000000000000000000, 0.000000000000000000, 1.000000000000000000 ) ) ;
#6603 = VERTEX_POINT ( 'NONE', #1089 ) ;
#6604 = CYLINDRICAL_SURFACE ( 'NONE', #7287, 5.500000000000005329 ) ;
#6605 = DIRECTION ( 'NONE',  ( 0.000000000000000000, -0.000000000000000000, 1.000000000000000000 ) ) ;
#6606 = FACE_BOUND ( 'NONE', #2747, .T. ) ;
#6607 = DIRECTION ( 'NONE',  ( 0.000000000000000000, -1.000000000000000000, 0.000000000000000000 ) ) ;
#6608 = ORIENTED_EDGE ( 'NONE', *, *, #3872, .T. ) ;
#6609 = CARTESIAN_POINT ( 'NONE',  ( 53.33399999999999608, 3.000000000000000000, -60.61200000000000898 ) ) ;
#6610 = AXIS2_PLACEMENT_3D ( 'NONE', #1507, #2311, #8351 ) ;
#6611 = FACE_OUTER_BOUND ( 'NONE', #5755, .T. ) ;
#6612 = ORIENTED_EDGE ( 'NONE', *, *, #5047, .T. ) ;
#6613 = LINE ( 'NONE', #5897, #4565 ) ;
#6614 = VECTOR ( 'NONE', #8164, 1000.000000000000000 ) ;
#6615 = CARTESIAN_POINT ( 'NONE',  ( 117.2239999999999895, 3.000000000000000000, -22.27799999999999159 ) ) ;
#6616 = EDGE_LOOP ( 'NONE', ( #5529, #1360, #8268, #6062 ) ) ;
#6617 = DIRECTION ( 'NONE',  ( 0.000000000000000000, 1.000000000000000000, 0.000000000000000000 ) ) ;
#6618 = ORIENTED_EDGE ( 'NONE', *, *, #4136, .T. ) ;
#6619 = AXIS2_PLACEMENT_3D ( 'NONE', #5778, #3821, #4528 ) ;
#6620 = DIRECTION ( 'NONE',  ( 0.000000000000000000, 0.000000000000000000, -1.000000000000000000 ) ) ;
#6621 = DIRECTION ( 'NONE',  ( 0.000000000000000000, 1.000000000000000000, 0.000000000000000000 ) ) ;
#6622 = CARTESIAN_POINT ( 'NONE',  ( 15.00000000000000000, 0.000000000000000000, -91.66800000000000637 ) ) ;
#6623 = FACE_OUTER_BOUND ( 'NONE', #1404, .T. ) ;
#6624 = APPROVAL_ROLE ( '' ) ;
#6625 = VECTOR ( 'NONE', #5952, 1000.000000000000000 ) ;
#6626 = ORIENTED_EDGE ( 'NONE', *, *, #5823, .F. ) ;
#6627 = EDGE_LOOP ( 'NONE', ( #7730, #8444, #7300, #327 ) ) ;
#6628 = ADVANCED_FACE ( 'NONE', ( #3831 ), #424, .F. ) ;
#6629 = DIRECTION ( 'NONE',  ( 0.000000000000000000, 1.000000000000000000, 0.000000000000000000 ) ) ;
#6630 = ORIENTED_EDGE ( 'NONE', *, *, #1940, .F. ) ;
#6631 = EDGE_CURVE ( 'NONE', #2040, #4496, #2486, .T. ) ;
#6632 = AXIS2_PLACEMENT_3D ( 'NONE', #654, #6869, #7444 ) ;
#6633 = VERTEX_POINT ( 'NONE', #4537 ) ;
#6634 = CARTESIAN_POINT ( 'NONE',  ( 104.4459999999999980, 0.000000000000000000, -66.11200000000000898 ) ) ;
#6635 = FACE_OUTER_BOUND ( 'NONE', #6104, .T. ) ;
#6636 = FACE_OUTER_BOUND ( 'NONE', #3199, .T. ) ;
#6637 = CARTESIAN_POINT ( 'NONE',  ( 104.4459999999999980, 3.000000000000000000, -111.7239999999999895 ) ) ;
#6638 = ORIENTED_EDGE ( 'NONE', *, *, #1114, .F. ) ;
#6639 = EDGE_CURVE ( 'NONE', #6858, #8404, #7265, .T. ) ;
#6640 = CIRCLE ( 'NONE', #7209, 5.500000000000005329 ) ;
#6641 = ORIENTED_EDGE ( 'NONE', *, *, #8619, .F. ) ;
#6642 = DIRECTION ( 'NONE',  ( 0.000000000000000000, -1.000000000000000000, 0.000000000000000000 ) ) ;
#6643 = ORIENTED_EDGE ( 'NONE', *, *, #2007, .T. ) ;
#6644 = ADVANCED_FACE ( 'NONE', ( #6635 ), #1138, .F. ) ;
#6645 = CARTESIAN_POINT ( 'NONE',  ( 66.11200000000000898, 0.000000000000000000, -91.66800000000000637 ) ) ;
#6646 = EDGE_LOOP ( 'NONE', ( #4196, #8372 ) ) ;
#6647 = CARTESIAN_POINT ( 'NONE',  ( 15.00000000000000000, 3.000000000000000000, -109.9459999999999837 ) ) ;
#6648 = DIRECTION ( 'NONE',  ( 0.000000000000000000, 0.000000000000000000, -1.000000000000000000 ) ) ;
#6649 = FACE_BOUND ( 'NONE', #4984, .T. ) ;
#6650 = DIRECTION ( 'NONE',  ( 0.000000000000000000, -1.000000000000000000, 0.000000000000000000 ) ) ;
#6651 = ADVANCED_FACE ( 'NONE', ( #6591 ), #7349, .F. ) ;
#6652 = CARTESIAN_POINT ( 'NONE',  ( 91.66800000000000637, 3.000000000000000000, -27.77799999999999869 ) ) ;
#6653 = ORIENTED_EDGE ( 'NONE', *, *, #4366, .T. ) ;
#6654 = CARTESIAN_POINT ( 'NONE',  ( 78.89000000000000057, 3.000000000000000000, -109.9459999999999980 ) ) ;
#6655 = EDGE_CURVE ( 'NONE', #1160, #4888, #4186, .T. ) ;
#6656 = CARTESIAN_POINT ( 'NONE',  ( 117.2239999999999895, 3.000000000000000000, -91.66800000000000637 ) ) ;
#6657 = AXIS2_PLACEMENT_3D ( 'NONE', #4759, #693, #3516 ) ;
#6658 = VERTEX_POINT ( 'NONE', #6189 ) ;
#6659 = LINE ( 'NONE', #8718, #8416 ) ;
#6660 = VECTOR ( 'NONE', #3866, 1000.000000000000000 ) ;
#6661 = DIRECTION ( 'NONE',  ( 0.000000000000000000, 0.000000000000000000, 1.000000000000000000 ) ) ;
#6662 = EDGE_LOOP ( 'NONE', ( #8643, #1469, #2827, #513 ) ) ;
#6663 = DIRECTION ( 'NONE',  ( 0.000000000000000000, -1.000000000000000000, 0.000000000000000000 ) ) ;
#6664 = VERTEX_POINT ( 'NONE', #4809 ) ;
#6665 = DIRECTION ( 'NONE',  ( 0.000000000000000000, 0.000000000000000000, 1.000000000000000000 ) ) ;
#6666 = AXIS2_PLACEMENT_3D ( 'NONE', #4786, #4334, #346 ) ;
#6667 = DIRECTION ( 'NONE',  ( 0.000000000000000000, -1.000000000000000000, 0.000000000000000000 ) ) ;
#6668 = CARTESIAN_POINT ( 'NONE',  ( 53.33399999999999608, 0.000000000000000000, -122.7240000000000038 ) ) ;
#6669 = DATE_AND_TIME ( #1396, #6221 ) ;
#6670 = ORIENTED_EDGE ( 'NONE', *, *, #7418, .F. ) ;
#6671 = ORIENTED_EDGE ( 'NONE', *, *, #1075, .T. ) ;
#6672 = DESIGN_CONTEXT ( 'detailed design', #3586, 'design' ) ;
#6673 = DIRECTION ( 'NONE',  ( 0.000000000000000000, 0.000000000000000000, 1.000000000000000000 ) ) ;
#6674 = AXIS2_PLACEMENT_3D ( 'NONE', #7282, #5143, #7235 ) ;
#6675 = AXIS2_PLACEMENT_3D ( 'NONE', #756, #3308, #619 ) ;
#6676 = ORIENTED_EDGE ( 'NONE', *, *, #900, .F. ) ;
#6677 = EDGE_LOOP ( 'NONE', ( #249, #470, #1718, #891 ) ) ;
#6678 = DIRECTION ( 'NONE',  ( 0.000000000000000000, -1.000000000000000000, 0.000000000000000000 ) ) ;
#6679 = PLANE ( 'NONE',  #1021 ) ;
#6680 = VECTOR ( 'NONE', #4372, 1000.000000000000000 ) ;
#6681 = CARTESIAN_POINT ( 'NONE',  ( 130.0020000000000095, 3.000000000000000000, -104.4459999999999980 ) ) ;
#6682 = DIRECTION ( 'NONE',  ( 0.000000000000000000, 0.000000000000000000, 1.000000000000000000 ) ) ;
#6683 = ORIENTED_EDGE ( 'NONE', *, *, #3109, .F. ) ;
#6684 = AXIS2_PLACEMENT_3D ( 'NONE', #1131, #6007, #1939 ) ;
#6685 = ORIENTED_EDGE ( 'NONE', *, *, #3702, .F. ) ;
#6686 = DIRECTION ( 'NONE',  ( 0.000000000000000000, 0.000000000000000000, 1.000000000000000000 ) ) ;
#6687 = VECTOR ( 'NONE', #8744, 1000.000000000000000 ) ;
#6688 = ORIENTED_EDGE ( 'NONE', *, *, #1120, .T. ) ;
#6689 = CARTESIAN_POINT ( 'NONE',  ( 66.11200000000000898, 3.000000000000000000, -117.2239999999999895 ) ) ;
#6690 = VERTEX_POINT ( 'NONE', #3337 ) ;
#6691 = VECTOR ( 'NONE', #3319, 1000.000000000000000 ) ;
#6692 = PLANE ( 'NONE',  #3873 ) ;
#6693 = EDGE_CURVE ( 'NONE', #701, #777, #3039, .T. ) ;
#6694 = CARTESIAN_POINT ( 'NONE',  ( 78.89000000000000057, 3.000000000000000000, -15.00000000000000000 ) ) ;
#6695 = CIRCLE ( 'NONE', #4412, 5.500000000000005329 ) ;
#6696 = CARTESIAN_POINT ( 'NONE',  ( 15.00000000000000000, 3.000000000000000000, -117.2239999999999895 ) ) ;
#6697 = VECTOR ( 'NONE', #473, 1000.000000000000000 ) ;
#6698 = FACE_OUTER_BOUND ( 'NONE', #6295, .T. ) ;
#6699 = EDGE_CURVE ( 'NONE', #8742, #2630, #2847, .T. ) ;
#6700 = FACE_OUTER_BOUND ( 'NONE', #1479, .T. ) ;
#6701 = EDGE_LOOP ( 'NONE', ( #4757, #7756 ) ) ;
#6702 = DIRECTION ( 'NONE',  ( 0.000000000000000000, -1.000000000000000000, 0.000000000000000000 ) ) ;
#6703 = CARTESIAN_POINT ( 'NONE',  ( 40.55599999999999739, 0.000000000000000000, -15.00000000000000000 ) ) ;
#6704 = AXIS2_PLACEMENT_3D ( 'NONE', #8583, #3314, #1788 ) ;
#6705 = AXIS2_PLACEMENT_3D ( 'NONE', #6521, #2594, #5939 ) ;
#6706 = ORIENTED_EDGE ( 'NONE', *, *, #154, .T. ) ;
#6707 = DIRECTION ( 'NONE',  ( 0.000000000000000000, 1.000000000000000000, 0.000000000000000000 ) ) ;
#6708 = ADVANCED_FACE ( 'NONE', ( #6866 ), #3471, .F. ) ;
#6709 = EDGE_CURVE ( 'NONE', #3410, #4315, #8034, .T. ) ;
#6710 = AXIS2_PLACEMENT_3D ( 'NONE', #8085, #1238, #436 ) ;
#6711 = AXIS2_PLACEMENT_3D ( 'NONE', #2685, #2100, #8227 ) ;
#6712 = DIRECTION ( 'NONE',  ( 0.000000000000000000, 1.000000000000000000, 0.000000000000000000 ) ) ;
#6713 = ORIENTED_EDGE ( 'NONE', *, *, #6979, .T. ) ;
#6714 = FACE_OUTER_BOUND ( 'NONE', #413, .T. ) ;
#6715 = VERTEX_POINT ( 'NONE', #2168 ) ;
#6716 = DIRECTION ( 'NONE',  ( 0.000000000000000000, -1.000000000000000000, 0.000000000000000000 ) ) ;
#6717 = EDGE_CURVE ( 'NONE', #4363, #2491, #893, .T. ) ;
#6718 = AXIS2_PLACEMENT_3D ( 'NONE', #5492, #5448, #8172 ) ;
#6719 = FACE_OUTER_BOUND ( 'NONE', #6838, .T. ) ;
#6720 = CARTESIAN_POINT ( 'NONE',  ( 0.000000000000000000, 10.00000000000000000, 0.000000000000000000 ) ) ;
#6721 = CARTESIAN_POINT ( 'NONE',  ( 140.0000000000000000, 4.000000000000000000, -2.749999999999990674 ) ) ;
#6722 = ORIENTED_EDGE ( 'NONE', *, *, #7674, .F. ) ;
#6723 = ORIENTED_EDGE ( 'NONE', *, *, #6594, .F. ) ;
#6724 = CARTESIAN_POINT ( 'NONE',  ( 53.33399999999999608, 3.000000000000000000, -27.77799999999999869 ) ) ;
#6725 = VERTEX_POINT ( 'NONE', #4894 ) ;
#6726 = VERTEX_POINT ( 'NONE', #4016 ) ;
#6727 = DIRECTION ( 'NONE',  ( 0.000000000000000000, 1.000000000000000000, 0.000000000000000000 ) ) ;
#6728 = CARTESIAN_POINT ( 'NONE',  ( 104.4459999999999980, 3.000000000000000000, -109.9459999999999980 ) ) ;
#6729 = DIRECTION ( 'NONE',  ( 0.000000000000000000, 1.000000000000000000, 0.000000000000000000 ) ) ;
#6730 = DIRECTION ( 'NONE',  ( 0.000000000000000000, -1.000000000000000000, 0.000000000000000000 ) ) ;
#6731 = ORIENTED_EDGE ( 'NONE', *, *, #2069, .T. ) ;
#6732 = ORIENTED_EDGE ( 'NONE', *, *, #1361, .T. ) ;
#6733 = DIRECTION ( 'NONE',  ( 0.000000000000000000, 1.000000000000000000, 0.000000000000000000 ) ) ;
#6734 = ORIENTED_EDGE ( 'NONE', *, *, #8099, .T. ) ;
#6735 = DIRECTION ( 'NONE',  ( 0.000000000000000000, 1.000000000000000000, 0.000000000000000000 ) ) ;
#6736 = ORIENTED_EDGE ( 'NONE', *, *, #1522, .T. ) ;
#6737 = DIRECTION ( 'NONE',  ( 0.000000000000000000, 0.000000000000000000, -1.000000000000000000 ) ) ;
#6738 = DIRECTION ( 'NONE',  ( 0.000000000000000000, 1.000000000000000000, 0.000000000000000000 ) ) ;
#6739 = DIRECTION ( 'NONE',  ( 0.000000000000000000, 0.000000000000000000, -1.000000000000000000 ) ) ;
#6740 = VECTOR ( 'NONE', #5786, 1000.000000000000000 ) ;
#6741 = DIRECTION ( 'NONE',  ( 0.000000000000000000, 0.000000000000000000, 1.000000000000000000 ) ) ;
#6742 = DIRECTION ( 'NONE',  ( 0.000000000000000000, 0.000000000000000000, 1.000000000000000000 ) ) ;
#6743 = ORIENTED_EDGE ( 'NONE', *, *, #4084, .F. ) ;
#6744 = ADVANCED_FACE ( 'NONE', ( #65 ), #7491, .F. ) ;
#6745 = DIRECTION ( 'NONE',  ( 0.000000000000000000, 1.000000000000000000, 0.000000000000000000 ) ) ;
#6746 = CARTESIAN_POINT ( 'NONE',  ( 15.00000000000000000, 3.000000000000000000, -40.55599999999999739 ) ) ;
#6747 = AXIS2_PLACEMENT_3D ( 'NONE', #4311, #3599, #905 ) ;
#6748 = VERTEX_POINT ( 'NONE', #7581 ) ;
#6749 = DIRECTION ( 'NONE',  ( 0.000000000000000000, 0.000000000000000000, -1.000000000000000000 ) ) ;
#6750 = EDGE_CURVE ( 'NONE', #1948, #7214, #3045, .T. ) ;
#6751 = AXIS2_PLACEMENT_3D ( 'NONE', #1978, #8103, #4706 ) ;
#6752 = CARTESIAN_POINT ( 'NONE',  ( 66.11200000000000898, 0.000000000000000000, -22.27799999999999159 ) ) ;
#6753 = EDGE_LOOP ( 'NONE', ( #4444, #6653, #6169, #5485 ) ) ;
#6754 = EDGE_CURVE ( 'NONE', #6327, #6501, #3753, .T. ) ;
#6755 = CARTESIAN_POINT ( 'NONE',  ( 104.4459999999999980, 3.000000000000000000, -98.94599999999999795 ) ) ;
#6756 = VECTOR ( 'NONE', #4887, 1000.000000000000000 ) ;
#6757 = CYLINDRICAL_SURFACE ( 'NONE', #1272, 5.500000000000005329 ) ;
#6758 = ADVANCED_FACE ( 'NONE', ( #2084 ), #3429, .F. ) ;
#6759 = AXIS2_PLACEMENT_3D ( 'NONE', #2355, #5787, #7309 ) ;
#6760 = CARTESIAN_POINT ( 'NONE',  ( 53.33399999999999608, 3.000000000000000000, -15.00000000000000000 ) ) ;
#6761 = DIRECTION ( 'NONE',  ( 0.000000000000000000, 0.000000000000000000, 1.000000000000000000 ) ) ;
#6762 = DIRECTION ( 'NONE',  ( 0.000000000000000000, 1.000000000000000000, 0.000000000000000000 ) ) ;
#6763 = APPROVAL_STATUS ( 'not_yet_approved' ) ;
#6764 = DIRECTION ( 'NONE',  ( 0.000000000000000000, 0.000000000000000000, -1.000000000000000000 ) ) ;
#6765 = ORIENTED_EDGE ( 'NONE', *, *, #1719, .F. ) ;
#6766 = ADVANCED_FACE ( 'NONE', ( #8828 ), #8251, .F. ) ;
#6767 = DIRECTION ( 'NONE',  ( 0.000000000000000000, 0.000000000000000000, 1.000000000000000000 ) ) ;
#6768 = AXIS2_PLACEMENT_3D ( 'NONE', #5653, #4233, #157 ) ;
#6769 = EDGE_LOOP ( 'NONE', ( #7273, #6340, #7037, #5348 ) ) ;
#6770 = EDGE_CURVE ( 'NONE', #7679, #7778, #6905, .T. ) ;
#6771 = EDGE_CURVE ( 'NONE', #8169, #1627, #5469, .T. ) ;
#6772 = ORIENTED_EDGE ( 'NONE', *, *, #4452, .T. ) ;
#6773 = FACE_OUTER_BOUND ( 'NONE', #1898, .T. ) ;
#6774 = VECTOR ( 'NONE', #7819, 1000.000000000000000 ) ;
#6775 = CARTESIAN_POINT ( 'NONE',  ( 78.89000000000000057, 0.000000000000000000, -53.33399999999999608 ) ) ;
#6776 = DIRECTION ( 'NONE',  ( 0.000000000000000000, 0.000000000000000000, 1.000000000000000000 ) ) ;
#6777 = FACE_OUTER_BOUND ( 'NONE', #4633, .T. ) ;
#6778 = VERTEX_POINT ( 'NONE', #6818 ) ;
#6779 = VERTEX_POINT ( 'NONE', #4760 ) ;
#6780 = DIRECTION ( 'NONE',  ( 0.000000000000000000, 1.000000000000000000, 0.000000000000000000 ) ) ;
#6781 = CIRCLE ( 'NONE', #4925, 5.500000000000005329 ) ;
#6782 = ORIENTED_EDGE ( 'NONE', *, *, #2461, .F. ) ;
#6783 = CYLINDRICAL_SURFACE ( 'NONE', #2997, 5.500000000000005329 ) ;
#6784 = ORIENTED_EDGE ( 'NONE', *, *, #4457, .F. ) ;
#6785 = DIRECTION ( 'NONE',  ( 0.000000000000000000, 1.000000000000000000, 0.000000000000000000 ) ) ;
#6786 = PLANE ( 'NONE',  #1742 ) ;
#6787 = CIRCLE ( 'NONE', #7502, 5.500000000000005329 ) ;
#6789 = PLANE ( 'NONE',  #2206 ) ;
#6788 = LOCAL_TIME ( 0, 20, 15.00000000000000000, #4799 ) ;
#6790 = DIRECTION ( 'NONE',  ( 0.000000000000000000, 0.000000000000000000, 1.000000000000000000 ) ) ;
#6791 = DIRECTION ( 'NONE',  ( 0.000000000000000000, 1.000000000000000000, 0.000000000000000000 ) ) ;
#6792 = EDGE_LOOP ( 'NONE', ( #610, #3069 ) ) ;
#6793 = CARTESIAN_POINT ( 'NONE',  ( 117.2239999999999895, 3.000000000000000000, -47.83399999999999608 ) ) ;
#6794 = DIRECTION ( 'NONE',  ( 0.000000000000000000, -1.000000000000000000, 0.000000000000000000 ) ) ;
#6795 = VERTEX_POINT ( 'NONE', #1364 ) ;
#6796 = CARTESIAN_POINT ( 'NONE',  ( 27.77799999999999869, 3.000000000000000000, -104.4459999999999980 ) ) ;
#6797 = PLANE ( 'NONE',  #1247 ) ;
#6798 = DIRECTION ( 'NONE',  ( 0.000000000000000000, -0.000000000000000000, 1.000000000000000000 ) ) ;
#6799 = VERTEX_POINT ( 'NONE', #4103 ) ;
#6800 = ADVANCED_FACE ( 'NONE', ( #694 ), #2127, .F. ) ;
#6801 = DIRECTION ( 'NONE',  ( 0.000000000000000000, 1.000000000000000000, 0.000000000000000000 ) ) ;
#6802 = CIRCLE ( 'NONE', #7518, 5.500000000000005329 ) ;
#6803 = DIRECTION ( 'NONE',  ( 0.000000000000000000, 0.000000000000000000, 1.000000000000000000 ) ) ;
#6804 = EDGE_CURVE ( 'NONE', #3664, #8685, #6278, .T. ) ;
#6805 = CYLINDRICAL_SURFACE ( 'NONE', #1031, 5.500000000000005329 ) ;
#6806 = AXIS2_PLACEMENT_3D ( 'NONE', #1275, #2617, #2083 ) ;
#6807 = DIRECTION ( 'NONE',  ( 0.000000000000000000, 1.000000000000000000, 0.000000000000000000 ) ) ;
#6808 = CARTESIAN_POINT ( 'NONE',  ( 104.4459999999999980, 3.000000000000000000, -40.55599999999999739 ) ) ;
#6809 = PLANE ( 'NONE',  #7324 ) ;
#6810 = EDGE_LOOP ( 'NONE', ( #1224, #8702 ) ) ;
#6811 = EDGE_CURVE ( 'NONE', #2520, #7359, #8183, .T. ) ;
#6812 = DIRECTION ( 'NONE',  ( 0.000000000000000000, -0.000000000000000000, 1.000000000000000000 ) ) ;
#6813 = AXIS2_PLACEMENT_3D ( 'NONE', #6491, #2472, #1751 ) ;
#6814 = EDGE_LOOP ( 'NONE', ( #283, #820 ) ) ;
#6815 = VERTEX_POINT ( 'NONE', #3558 ) ;
#6816 = CARTESIAN_POINT ( 'NONE',  ( 117.2239999999999895, 3.000000000000000000, -27.77799999999999869 ) ) ;
#6817 = EDGE_CURVE ( 'NONE', #8021, #2922, #1606, .T. ) ;
#6818 = CARTESIAN_POINT ( 'NONE',  ( 5.000000000000000888, 4.000000000000000000, -136.0000000000000000 ) ) ;
#6819 = DIRECTION ( 'NONE',  ( 0.000000000000000000, -1.000000000000000000, 0.000000000000000000 ) ) ;
#6820 = DIRECTION ( 'NONE',  ( 0.000000000000000000, 1.000000000000000000, 0.000000000000000000 ) ) ;
#6821 = CIRCLE ( 'NONE', #6524, 2.250000000000001776 ) ;
#6822 = VERTEX_POINT ( 'NONE', #6447 ) ;
#6823 = EDGE_CURVE ( 'NONE', #1403, #948, #1174, .T. ) ;
#6824 = VERTEX_POINT ( 'NONE', #5652 ) ;
#6825 = DIRECTION ( 'NONE',  ( 0.000000000000000000, 1.000000000000000000, 0.000000000000000000 ) ) ;
#6826 = ORIENTED_EDGE ( 'NONE', *, *, #516, .F. ) ;
#6827 = CARTESIAN_POINT ( 'NONE',  ( 53.33399999999999608, 3.000000000000000000, -40.55599999999999739 ) ) ;
#6828 = CIRCLE ( 'NONE', #5812, 5.500000000000005329 ) ;
#6829 = ORIENTED_EDGE ( 'NONE', *, *, #6865, .T. ) ;
#6830 = CARTESIAN_POINT ( 'NONE',  ( 66.11200000000000898, 0.000000000000000000, -84.39000000000000057 ) ) ;
#6831 = EDGE_CURVE ( 'NONE', #3231, #8598, #7168, .T. ) ;
#6832 = FACE_OUTER_BOUND ( 'NONE', #5668, .T. ) ;
#6833 = AXIS2_PLACEMENT_3D ( 'NONE', #7758, #1629, #239 ) ;
#6834 = CARTESIAN_POINT ( 'NONE',  ( 140.0000000000000000, 4.000000000000000000, -136.0000000000000000 ) ) ;
#6835 = ORIENTED_EDGE ( 'NONE', *, *, #2262, .F. ) ;
#6836 = AXIS2_PLACEMENT_3D ( 'NONE', #128, #8436, #7682 ) ;
#6837 = DIRECTION ( 'NONE',  ( 0.000000000000000000, -1.000000000000000000, 0.000000000000000000 ) ) ;
#6838 = EDGE_LOOP ( 'NONE', ( #8732, #4541 ) ) ;
#6839 = DIRECTION ( 'NONE',  ( 0.000000000000000000, 0.000000000000000000, 1.000000000000000000 ) ) ;
#6840 = DIRECTION ( 'NONE',  ( 0.000000000000000000, 0.000000000000000000, 1.000000000000000000 ) ) ;
#6841 = VERTEX_POINT ( 'NONE', #6950 ) ;
#6842 = CARTESIAN_POINT ( 'NONE',  ( 78.89000000000000057, 0.000000000000000000, -40.55599999999999739 ) ) ;
#6843 = AXIS2_PLACEMENT_3D ( 'NONE', #1597, #6465, #4249 ) ;
#6845 = AXIS2_PLACEMENT_3D ( 'NONE', #340, #3078, #6154 ) ;
#6844 = CARTESIAN_POINT ( 'NONE',  ( 27.77799999999999869, 3.000000000000000000, -91.66800000000000637 ) ) ;
#6846 = AXIS2_PLACEMENT_3D ( 'NONE', #5466, #2024, #4745 ) ;
#6847 = DIRECTION ( 'NONE',  ( 0.000000000000000000, -1.000000000000000000, 0.000000000000000000 ) ) ;
#6848 = ORIENTED_EDGE ( 'NONE', *, *, #8624, .T. ) ;
#6849 = CIRCLE ( 'NONE', #1697, 5.500000000000005329 ) ;
#6850 = CARTESIAN_POINT ( 'NONE',  ( 104.4459999999999980, 3.000000000000000000, -40.55599999999999739 ) ) ;
#6851 = DIRECTION ( 'NONE',  ( 0.000000000000000000, 1.000000000000000000, 0.000000000000000000 ) ) ;
#6852 = VECTOR ( 'NONE', #7566, 1000.000000000000000 ) ;
#6853 = DIRECTION ( 'NONE',  ( 0.000000000000000000, 1.000000000000000000, 0.000000000000000000 ) ) ;
#6854 = CIRCLE ( 'NONE', #1997, 5.499999999999996447 ) ;
#6855 = FACE_BOUND ( 'NONE', #7299, .T. ) ;
#6856 = DIRECTION ( 'NONE',  ( 0.000000000000000000, -0.000000000000000000, 1.000000000000000000 ) ) ;
#6857 = DIRECTION ( 'NONE',  ( 0.000000000000000000, -1.000000000000000000, 0.000000000000000000 ) ) ;
#6858 = VERTEX_POINT ( 'NONE', #993 ) ;
#6859 = CYLINDRICAL_SURFACE ( 'NONE', #1832, 5.500000000000005329 ) ;
#6860 = EDGE_CURVE ( 'NONE', #5636, #3348, #7749, .T. ) ;
#6861 = VECTOR ( 'NONE', #1599, 1000.000000000000000 ) ;
#6862 = EDGE_LOOP ( 'NONE', ( #7464, #528, #3185, #8832 ) ) ;
#6863 = ORIENTED_EDGE ( 'NONE', *, *, #7578, .T. ) ;
#6864 = DIRECTION ( 'NONE',  ( 0.000000000000000000, 0.000000000000000000, 1.000000000000000000 ) ) ;
#6865 = EDGE_CURVE ( 'NONE', #7214, #8833, #3061, .T. ) ;
#6866 = FACE_OUTER_BOUND ( 'NONE', #1213, .T. ) ;
#6867 = DIRECTION ( 'NONE',  ( 0.000000000000000000, -1.000000000000000000, 0.000000000000000000 ) ) ;
#6868 = VECTOR ( 'NONE', #1056, 1000.000000000000000 ) ;
#6869 = DIRECTION ( 'NONE',  ( 0.000000000000000000, -1.000000000000000000, 0.000000000000000000 ) ) ;
#6870 = ORIENTED_EDGE ( 'NONE', *, *, #8843, .F. ) ;
#6871 = ORIENTED_EDGE ( 'NONE', *, *, #7973, .T. ) ;
#6872 = ADVANCED_FACE ( 'NONE', ( #8459 ), #5777, .F. ) ;
#6873 = DIRECTION ( 'NONE',  ( 0.000000000000000000, -1.000000000000000000, 0.000000000000000000 ) ) ;
#6874 = ORIENTED_EDGE ( 'NONE', *, *, #6811, .F. ) ;
#6875 = CARTESIAN_POINT ( 'NONE',  ( 53.33399999999999608, 3.000000000000000000, -73.39000000000001478 ) ) ;
#6876 = ORIENTED_EDGE ( 'NONE', *, *, #7517, .T. ) ;
#6877 = CARTESIAN_POINT ( 'NONE',  ( 66.11200000000000898, 0.000000000000000000, -73.39000000000000057 ) ) ;
#6878 = EDGE_CURVE ( 'NONE', #2001, #8353, #1745, .T. ) ;
#6879 = DIRECTION ( 'NONE',  ( 0.000000000000000000, 0.000000000000000000, 1.000000000000000000 ) ) ;
#6880 = DIRECTION ( 'NONE',  ( 0.000000000000000000, -0.000000000000000000, -1.000000000000000000 ) ) ;
#6881 = ORIENTED_EDGE ( 'NONE', *, *, #4394, .T. ) ;
#6882 = DIRECTION ( 'NONE',  ( 0.000000000000000000, 0.000000000000000000, -1.000000000000000000 ) ) ;
#6883 = EDGE_LOOP ( 'NONE', ( #18, #7041 ) ) ;
#6884 = EDGE_CURVE ( 'NONE', #5075, #1938, #2039, .T. ) ;
#6885 = FACE_OUTER_BOUND ( 'NONE', #4382, .T. ) ;
#6886 = DIRECTION ( 'NONE',  ( 0.000000000000000000, -1.000000000000000000, 0.000000000000000000 ) ) ;
#6887 = VERTEX_POINT ( 'NONE', #869 ) ;
#6888 = CARTESIAN_POINT ( 'NONE',  ( 91.66800000000000637, 3.000000000000000000, -84.39000000000000057 ) ) ;
#6889 = VECTOR ( 'NONE', #6416, 1000.000000000000000 ) ;
#6890 = DIRECTION ( 'NONE',  ( 0.000000000000000000, 1.000000000000000000, 0.000000000000000000 ) ) ;
#6891 = CARTESIAN_POINT ( 'NONE',  ( 117.2239999999999895, 3.000000000000000000, -27.77799999999999869 ) ) ;
#6892 = EDGE_LOOP ( 'NONE', ( #3299, #6060, #7440, #3007 ) ) ;
#6893 = DIRECTION ( 'NONE',  ( 0.000000000000000000, 1.000000000000000000, 0.000000000000000000 ) ) ;
#6894 = CARTESIAN_POINT ( 'NONE',  ( 53.33399999999999608, 3.000000000000000000, -35.05599999999999739 ) ) ;
#6895 = VECTOR ( 'NONE', #5211, 1000.000000000000000 ) ;
#6896 = FACE_BOUND ( 'NONE', #7727, .T. ) ;
#6897 = DIRECTION ( 'NONE',  ( 0.000000000000000000, -1.000000000000000000, 0.000000000000000000 ) ) ;
#6898 = DIRECTION ( 'NONE',  ( 0.000000000000000000, 0.000000000000000000, -1.000000000000000000 ) ) ;
#6899 = ORIENTED_EDGE ( 'NONE', *, *, #2105, .T. ) ;
#6900 = DIRECTION ( 'NONE',  ( 0.000000000000000000, 0.000000000000000000, 1.000000000000000000 ) ) ;
#6901 = CIRCLE ( 'NONE', #5040, 5.500000000000005329 ) ;
#6902 = AXIS2_PLACEMENT_3D ( 'NONE', #8549, #7210, #2473 ) ;
#6903 = ORIENTED_EDGE ( 'NONE', *, *, #2613, .F. ) ;
#6904 = FACE_OUTER_BOUND ( 'NONE', #2288, .T. ) ;
#6905 = LINE ( 'NONE', #3517, #461 ) ;
#6906 = AXIS2_PLACEMENT_3D ( 'NONE', #725, #3457, #6173 ) ;
#6907 = DIRECTION ( 'NONE',  ( 0.000000000000000000, -1.000000000000000000, 0.000000000000000000 ) ) ;
#6908 = EDGE_CURVE ( 'NONE', #6324, #6603, #8597, .T. ) ;
#6909 = CARTESIAN_POINT ( 'NONE',  ( 15.00000000000000000, 3.000000000000000000, -78.89000000000000057 ) ) ;
#6910 = CIRCLE ( 'NONE', #1758, 5.500000000000005329 ) ;
#6911 = ORIENTED_EDGE ( 'NONE', *, *, #4969, .T. ) ;
#6912 = ORIENTED_EDGE ( 'NONE', *, *, #4630, .T. ) ;
#6913 = EDGE_CURVE ( 'NONE', #5800, #8228, #4935, .T. ) ;
#6914 = FACE_BOUND ( 'NONE', #3957, .T. ) ;
#6915 = ORIENTED_EDGE ( 'NONE', *, *, #2062, .F. ) ;
#6916 = CYLINDRICAL_SURFACE ( 'NONE', #1561, 5.500000000000005329 ) ;
#6917 = AXIS2_PLACEMENT_3D ( 'NONE', #4005, #8018, #4658 ) ;
#6918 = EDGE_LOOP ( 'NONE', ( #5222, #3605, #4986, #5474 ) ) ;
#6919 = CARTESIAN_POINT ( 'NONE',  ( 91.66800000000000637, 3.000000000000000000, -98.94599999999999795 ) ) ;
#6920 = PLANE ( 'NONE',  #7742 ) ;
#6921 = DIRECTION ( 'NONE',  ( 0.000000000000000000, 1.000000000000000000, 0.000000000000000000 ) ) ;
#6922 = ADVANCED_FACE ( 'NONE', ( #1622 ), #3641, .F. ) ;
#6923 = DIRECTION ( 'NONE',  ( 0.000000000000000000, -1.000000000000000000, 0.000000000000000000 ) ) ;
#6924 = EDGE_LOOP ( 'NONE', ( #2521, #3079, #6320, #6186 ) ) ;
#6925 = VECTOR ( 'NONE', #5516, 1000.000000000000000 ) ;
#6926 = ORIENTED_EDGE ( 'NONE', *, *, #2613, .T. ) ;
#6927 = EDGE_CURVE ( 'NONE', #2710, #8384, #3900, .T. ) ;
#6928 = CARTESIAN_POINT ( 'NONE',  ( 27.77799999999999869, 3.000000000000000000, -130.0020000000000095 ) ) ;
#6929 = DIRECTION ( 'NONE',  ( 0.000000000000000000, -1.000000000000000000, 0.000000000000000000 ) ) ;
#6930 = AXIS2_PLACEMENT_3D ( 'NONE', #2459, #7870, #1738 ) ;
#6931 = ORIENTED_EDGE ( 'NONE', *, *, #5014, .F. ) ;
#6932 = CARTESIAN_POINT ( 'NONE',  ( 15.00000000000000000, 3.000000000000000000, -117.2239999999999895 ) ) ;
#6933 = CIRCLE ( 'NONE', #3640, 5.500000000000005329 ) ;
#6934 = CARTESIAN_POINT ( 'NONE',  ( 53.33399999999999608, 0.000000000000000000, -35.05599999999999739 ) ) ;
#6935 = EDGE_CURVE ( 'NONE', #995, #5858, #5036, .T. ) ;
#6936 = CARTESIAN_POINT ( 'NONE',  ( 140.0000000000000000, 10.00000000000000000, -140.0000000000000000 ) ) ;
#6937 = VERTEX_POINT ( 'NONE', #944 ) ;
#6938 = ADVANCED_FACE ( 'NONE', ( #3681 ), #6403, .F. ) ;
#6939 = CARTESIAN_POINT ( 'NONE',  ( 66.11200000000000898, 3.000000000000000000, -117.2239999999999895 ) ) ;
#6940 = CC_DESIGN_APPROVAL ( #5608, ( #2938 ) ) ;
#6941 = DIRECTION ( 'NONE',  ( 0.000000000000000000, -1.000000000000000000, 0.000000000000000000 ) ) ;
#6942 = EDGE_CURVE ( 'NONE', #3155, #744, #5067, .T. ) ;
#6943 = LINE ( 'NONE', #4884, #6774 ) ;
#6944 = DIRECTION ( 'NONE',  ( 0.000000000000000000, -1.000000000000000000, 0.000000000000000000 ) ) ;
#6945 = DIRECTION ( 'NONE',  ( 0.000000000000000000, 0.000000000000000000, -1.000000000000000000 ) ) ;
#6946 = ORIENTED_EDGE ( 'NONE', *, *, #6322, .F. ) ;
#6947 = DIRECTION ( 'NONE',  ( 0.000000000000000000, 1.000000000000000000, 0.000000000000000000 ) ) ;
#6948 = AXIS2_PLACEMENT_3D ( 'NONE', #5960, #2527, #4585 ) ;
#6949 = DIRECTION ( 'NONE',  ( 0.000000000000000000, -1.000000000000000000, 0.000000000000000000 ) ) ;
#6950 = CARTESIAN_POINT ( 'NONE',  ( 66.11200000000000898, 3.000000000000000000, -58.83400000000000318 ) ) ;
#6951 = DIRECTION ( 'NONE',  ( 0.000000000000000000, 1.000000000000000000, 0.000000000000000000 ) ) ;
#6952 = CARTESIAN_POINT ( 'NONE',  ( 130.0020000000000095, 3.000000000000000000, -104.4459999999999980 ) ) ;
#6953 = ORIENTED_EDGE ( 'NONE', *, *, #5323, .T. ) ;
#6954 = ORIENTED_EDGE ( 'NONE', *, *, #3986, .F. ) ;
#6955 = AXIS2_PLACEMENT_3D ( 'NONE', #3819, #6621, #6580 ) ;
#6956 = ORIENTED_EDGE ( 'NONE', *, *, #3318, .F. ) ;
#6957 = CARTESIAN_POINT ( 'NONE',  ( 104.4459999999999980, 0.000000000000000000, -109.9459999999999980 ) ) ;
#6958 = ORIENTED_EDGE ( 'NONE', *, *, #4961, .T. ) ;
#6959 = ORIENTED_EDGE ( 'NONE', *, *, #6823, .F. ) ;
#6960 = CARTESIAN_POINT ( 'NONE',  ( 140.0000000000000000, 4.000000000000000000, -140.0000000000000000 ) ) ;
#6961 = DIRECTION ( 'NONE',  ( 0.000000000000000000, -0.000000000000000000, 1.000000000000000000 ) ) ;
#6962 = VECTOR ( 'NONE', #6022, 1000.000000000000000 ) ;
#6963 = CARTESIAN_POINT ( 'NONE',  ( 27.77799999999999869, 3.000000000000000000, -40.55599999999999739 ) ) ;
#6964 = DIRECTION ( 'NONE',  ( 0.000000000000000000, -1.000000000000000000, 0.000000000000000000 ) ) ;
#6965 = ORIENTED_EDGE ( 'NONE', *, *, #5014, .T. ) ;
#6966 = ORIENTED_EDGE ( 'NONE', *, *, #2949, .F. ) ;
#6967 = CARTESIAN_POINT ( 'NONE',  ( 15.00000000000000000, 3.000000000000000000, -98.94600000000001216 ) ) ;
#6968 = AXIS2_PLACEMENT_3D ( 'NONE', #1246, #2099, #8802 ) ;
#6969 = CYLINDRICAL_SURFACE ( 'NONE', #6980, 5.499999999999998224 ) ;
#6970 = EDGE_CURVE ( 'NONE', #2602, #1984, #4482, .T. ) ;
#6971 = ORIENTED_EDGE ( 'NONE', *, *, #6860, .T. ) ;
#6972 = FACE_OUTER_BOUND ( 'NONE', #2096, .T. ) ;
#6973 = FACE_OUTER_BOUND ( 'NONE', #4877, .T. ) ;
#6974 = EDGE_CURVE ( 'NONE', #4454, #6261, #8728, .T. ) ;
#6975 = AXIS2_PLACEMENT_3D ( 'NONE', #3795, #431, #5219 ) ;
#6976 = DIRECTION ( 'NONE',  ( 0.000000000000000000, 0.000000000000000000, 1.000000000000000000 ) ) ;
#6977 = ORIENTED_EDGE ( 'NONE', *, *, #7312, .T. ) ;
#6978 = CARTESIAN_POINT ( 'NONE',  ( 53.33399999999999608, 0.000000000000000000, -130.0020000000000095 ) ) ;
#6979 = EDGE_CURVE ( 'NONE', #2497, #2735, #1473, .T. ) ;
#6980 = AXIS2_PLACEMENT_3D ( 'NONE', #5041, #7772, #2274 ) ;
#6981 = DIRECTION ( 'NONE',  ( 0.000000000000000000, -0.000000000000000000, 1.000000000000000000 ) ) ;
#6982 = AXIS2_PLACEMENT_3D ( 'NONE', #5996, #3862, #2600 ) ;
#6983 = ADVANCED_FACE ( 'NONE', ( #4575 ), #1079, .F. ) ;
#6984 = EDGE_CURVE ( 'NONE', #6799, #1446, #8749, .T. ) ;
#6985 = DIRECTION ( 'NONE',  ( 0.000000000000000000, 1.000000000000000000, 0.000000000000000000 ) ) ;
#6986 = DIRECTION ( 'NONE',  ( 0.000000000000000000, 1.000000000000000000, 0.000000000000000000 ) ) ;
#6987 = AXIS2_PLACEMENT_3D ( 'NONE', #3098, #1749, #2380 ) ;
#6988 = VECTOR ( 'NONE', #8089, 1000.000000000000000 ) ;
#6989 = DIRECTION ( 'NONE',  ( 0.000000000000000000, 0.000000000000000000, 1.000000000000000000 ) ) ;
#6990 = ORIENTED_EDGE ( 'NONE', *, *, #6817, .F. ) ;
#6991 = CARTESIAN_POINT ( 'NONE',  ( 130.0020000000000095, 3.000000000000000000, -97.16800000000002058 ) ) ;
#6992 = EDGE_CURVE ( 'NONE', #4957, #7862, #5245, .T. ) ;
#6993 = VECTOR ( 'NONE', #4302, 1000.000000000000000 ) ;
#6994 = AXIS2_PLACEMENT_3D ( 'NONE', #6656, #532, #3177 ) ;
#6995 = DIRECTION ( 'NONE',  ( 0.000000000000000000, -0.000000000000000000, 1.000000000000000000 ) ) ;
#6996 = DIRECTION ( 'NONE',  ( 0.000000000000000000, 0.000000000000000000, 1.000000000000000000 ) ) ;
#6997 = CARTESIAN_POINT ( 'NONE',  ( 117.2239999999999895, 3.000000000000000000, -40.55599999999999739 ) ) ;
#6998 = FACE_OUTER_BOUND ( 'NONE', #8697, .T. ) ;
#6999 = VERTEX_POINT ( 'NONE', #3776 ) ;
#7000 = ORIENTED_EDGE ( 'NONE', *, *, #8509, .T. ) ;
#7001 = CIRCLE ( 'NONE', #4860, 5.499999999999998224 ) ;
#7002 = EDGE_LOOP ( 'NONE', ( #4251, #1802, #1851, #4513 ) ) ;
#7003 = CARTESIAN_POINT ( 'NONE',  ( 130.0020000000000095, 0.000000000000000000, -84.39000000000001478 ) ) ;
#7004 = VERTEX_POINT ( 'NONE', #5817 ) ;
#7005 = ORIENTED_EDGE ( 'NONE', *, *, #2451, .T. ) ;
#7006 = CARTESIAN_POINT ( 'NONE',  ( 117.2239999999999895, 0.000000000000000000, -78.89000000000000057 ) ) ;
#7007 = VECTOR ( 'NONE', #2631, 1000.000000000000000 ) ;
#7008 = DIRECTION ( 'NONE',  ( 0.000000000000000000, 0.000000000000000000, -1.000000000000000000 ) ) ;
#7009 = CARTESIAN_POINT ( 'NONE',  ( 140.0000000000000000, 4.000000000000000000, -140.0000000000000000 ) ) ;
#7010 = DIRECTION ( 'NONE',  ( 0.000000000000000000, 0.000000000000000000, -1.000000000000000000 ) ) ;
#7011 = VERTEX_POINT ( 'NONE', #3909 ) ;
#7012 = ORIENTED_EDGE ( 'NONE', *, *, #6811, .T. ) ;
#7013 = CARTESIAN_POINT ( 'NONE',  ( 91.66800000000000637, 3.000000000000000000, -46.05599999999999739 ) ) ;
#7014 = CARTESIAN_POINT ( 'NONE',  ( 53.33399999999999608, 3.000000000000000000, -86.16799999999999216 ) ) ;
#7015 = ORIENTED_EDGE ( 'NONE', *, *, #2525, .T. ) ;
#7016 = CARTESIAN_POINT ( 'NONE',  ( 130.0020000000000095, 0.000000000000000000, -73.38999999999998636 ) ) ;
#7017 = CARTESIAN_POINT ( 'NONE',  ( 130.0020000000000095, 3.000000000000000000, -20.50000000000001776 ) ) ;
#7018 = ADVANCED_FACE ( 'NONE', ( #7839 ), #7252, .F. ) ;
#7019 = DIRECTION ( 'NONE',  ( 0.000000000000000000, -1.000000000000000000, 0.000000000000000000 ) ) ;
#7020 = ORIENTED_EDGE ( 'NONE', *, *, #529, .T. ) ;
#7021 = FACE_OUTER_BOUND ( 'NONE', #5867, .T. ) ;
#7022 = ADVANCED_FACE ( 'NONE', ( #5153 ), #3820, .F. ) ;
#7023 = LINE ( 'NONE', #1571, #3433 ) ;
#7024 = DIRECTION ( 'NONE',  ( 0.000000000000000000, -0.000000000000000000, 1.000000000000000000 ) ) ;
#7025 = EDGE_CURVE ( 'NONE', #4315, #3410, #6459, .T. ) ;
#7026 = CARTESIAN_POINT ( 'NONE',  ( 15.00000000000000000, 3.000000000000000000, -135.5020000000000095 ) ) ;
#7027 = VERTEX_POINT ( 'NONE', #7336 ) ;
#7028 = LINE ( 'NONE', #7115, #7981 ) ;
#7029 = EDGE_CURVE ( 'NONE', #2359, #178, #4055, .T. ) ;
#7030 = EDGE_CURVE ( 'NONE', #3348, #5636, #7468, .T. ) ;
#7031 = AXIS2_PLACEMENT_3D ( 'NONE', #4855, #1450, #1662 ) ;
#7032 = PLANE ( 'NONE',  #6093 ) ;
#7033 = DIRECTION ( 'NONE',  ( 0.000000000000000000, 0.000000000000000000, 1.000000000000000000 ) ) ;
#7034 = DIRECTION ( 'NONE',  ( 0.000000000000000000, 0.000000000000000000, 1.000000000000000000 ) ) ;
#7035 = EDGE_CURVE ( 'NONE', #4814, #7450, #3333, .T. ) ;
#7036 = DIRECTION ( 'NONE',  ( 0.000000000000000000, -1.000000000000000000, 0.000000000000000000 ) ) ;
#7037 = ORIENTED_EDGE ( 'NONE', *, *, #6482, .T. ) ;
#7038 = VERTEX_POINT ( 'NONE', #2517 ) ;
#7039 = DIRECTION ( 'NONE',  ( 0.000000000000000000, -1.000000000000000000, 0.000000000000000000 ) ) ;
#7040 = AXIS2_PLACEMENT_3D ( 'NONE', #2862, #7724, #837 ) ;
#7041 = ORIENTED_EDGE ( 'NONE', *, *, #1288, .T. ) ;
#7042 = EDGE_CURVE ( 'NONE', #8046, #4101, #1752, .T. ) ;
#7043 = ORIENTED_EDGE ( 'NONE', *, *, #7523, .T. ) ;
#7044 = AXIS2_PLACEMENT_3D ( 'NONE', #7514, #6712, #1386 ) ;
#7045 = VERTEX_POINT ( 'NONE', #8636 ) ;
#7046 = DIRECTION ( 'NONE',  ( 0.000000000000000000, -0.000000000000000000, 1.000000000000000000 ) ) ;
#7047 = CIRCLE ( 'NONE', #4211, 5.500000000000005329 ) ;
#7048 = PLANE ( 'NONE',  #8736 ) ;
#7049 = DIRECTION ( 'NONE',  ( 0.000000000000000000, 1.000000000000000000, 0.000000000000000000 ) ) ;
#7050 = CARTESIAN_POINT ( 'NONE',  ( 53.33399999999999608, 3.000000000000000000, -111.7239999999999895 ) ) ;
#7051 = ORIENTED_EDGE ( 'NONE', *, *, #1219, .T. ) ;
#7052 = VERTEX_POINT ( 'NONE', #1846 ) ;
#7053 = FACE_OUTER_BOUND ( 'NONE', #5533, .T. ) ;
#7054 = AXIS2_PLACEMENT_3D ( 'NONE', #2849, #234, #66 ) ;
#7055 = CYLINDRICAL_SURFACE ( 'NONE', #855, 5.500000000000005329 ) ;
#7056 = EDGE_LOOP ( 'NONE', ( #5442, #5356 ) ) ;
#7057 = DIRECTION ( 'NONE',  ( 0.000000000000000000, -1.000000000000000000, 0.000000000000000000 ) ) ;
#7058 = DIRECTION ( 'NONE',  ( 0.000000000000000000, 0.000000000000000000, 1.000000000000000000 ) ) ;
#7059 = AXIS2_PLACEMENT_3D ( 'NONE', #3326, #1216, #6761 ) ;
#7060 = DIRECTION ( 'NONE',  ( 0.000000000000000000, 0.000000000000000000, 1.000000000000000000 ) ) ;
#7061 = ORIENTED_EDGE ( 'NONE', *, *, #3424, .T. ) ;
#7062 = DIRECTION ( 'NONE',  ( 0.000000000000000000, 1.000000000000000000, 0.000000000000000000 ) ) ;
#7063 = AXIS2_PLACEMENT_3D ( 'NONE', #527, #5273, #4427 ) ;
#7064 = AXIS2_PLACEMENT_3D ( 'NONE', #5876, #5964, #6595 ) ;
#7065 = ORIENTED_EDGE ( 'NONE', *, *, #1789, .F. ) ;
#7066 = FACE_OUTER_BOUND ( 'NONE', #1218, .T. ) ;
#7067 = DIRECTION ( 'NONE',  ( 0.000000000000000000, 0.000000000000000000, -1.000000000000000000 ) ) ;
#7068 = CARTESIAN_POINT ( 'NONE',  ( 78.89000000000000057, 3.000000000000000000, -66.11200000000000898 ) ) ;
#7069 = VERTEX_POINT ( 'NONE', #4441 ) ;
#7070 = DIRECTION ( 'NONE',  ( 0.000000000000000000, -1.000000000000000000, 0.000000000000000000 ) ) ;
#7071 = DIRECTION ( 'NONE',  ( 0.000000000000000000, 1.000000000000000000, 0.000000000000000000 ) ) ;
#7072 = ADVANCED_FACE ( 'NONE', ( #1033 ), #5863, .F. ) ;
#7073 = FACE_OUTER_BOUND ( 'NONE', #666, .T. ) ;
#7074 = DIRECTION ( 'NONE',  ( 0.000000000000000000, 0.000000000000000000, 1.000000000000000000 ) ) ;
#7075 = CARTESIAN_POINT ( 'NONE',  ( 130.0020000000000095, 3.000000000000000000, -33.27800000000001290 ) ) ;
#7076 = EDGE_CURVE ( 'NONE', #4584, #3799, #7759, .T. ) ;
#7077 = CARTESIAN_POINT ( 'NONE',  ( 140.0000000000000000, 4.000000000000000000, -5.000000000000000000 ) ) ;
#7078 = EDGE_LOOP ( 'NONE', ( #7577, #7630, #1989, #138 ) ) ;
#7079 = ORIENTED_EDGE ( 'NONE', *, *, #8796, .F. ) ;
#7080 = FACE_OUTER_BOUND ( 'NONE', #4478, .T. ) ;
#7081 = ORIENTED_EDGE ( 'NONE', *, *, #6913, .F. ) ;
#7082 = CIRCLE ( 'NONE', #7949, 5.500000000000005329 ) ;
#7083 = VERTEX_POINT ( 'NONE', #5200 ) ;
#7084 = EDGE_CURVE ( 'NONE', #1322, #5025, #8189, .T. ) ;
#7085 = ORIENTED_EDGE ( 'NONE', *, *, #6631, .F. ) ;
#7086 = DIRECTION ( 'NONE',  ( 0.000000000000000000, 1.000000000000000000, 0.000000000000000000 ) ) ;
#7087 = DIRECTION ( 'NONE',  ( 0.000000000000000000, 0.000000000000000000, 1.000000000000000000 ) ) ;
#7088 = FACE_OUTER_BOUND ( 'NONE', #7985, .T. ) ;
#7089 = EDGE_CURVE ( 'NONE', #7004, #5966, #8048, .T. ) ;
#7090 = ADVANCED_FACE ( 'NONE', ( #593 ), #4656, .F. ) ;
#7091 = CARTESIAN_POINT ( 'NONE',  ( 91.66800000000000637, 3.000000000000000000, -97.16800000000000637 ) ) ;
#7092 = AXIS2_PLACEMENT_3D ( 'NONE', #1580, #1661, #3598 ) ;
#7093 = ORIENTED_EDGE ( 'NONE', *, *, #2294, .T. ) ;
#7094 = ORIENTED_EDGE ( 'NONE', *, *, #1888, .F. ) ;
#7095 = CARTESIAN_POINT ( 'NONE',  ( 5.000000000000000000, 10.00000000000000000, -5.000000000000000000 ) ) ;
#7096 = ADVANCED_FACE ( 'NONE', ( #5515 ), #3461, .F. ) ;
#7097 = CARTESIAN_POINT ( 'NONE',  ( 130.0020000000000095, 0.000000000000000000, -91.66800000000000637 ) ) ;
#7098 = VECTOR ( 'NONE', #7408, 1000.000000000000000 ) ;
#7099 = ORIENTED_EDGE ( 'NONE', *, *, #6878, .T. ) ;
#7100 = DIRECTION ( 'NONE',  ( 0.000000000000000000, 0.000000000000000000, 1.000000000000000000 ) ) ;
#7101 = CARTESIAN_POINT ( 'NONE',  ( 5.000000000000000000, 4.000000000000000000, -140.0000000000000000 ) ) ;
#7102 = AXIS2_PLACEMENT_3D ( 'NONE', #1151, #8042, #2499 ) ;
#7103 = DIRECTION ( 'NONE',  ( 0.000000000000000000, 1.000000000000000000, 0.000000000000000000 ) ) ;
#7104 = VERTEX_POINT ( 'NONE', #2026 ) ;
#7105 = DIRECTION ( 'NONE',  ( 0.000000000000000000, -1.000000000000000000, 0.000000000000000000 ) ) ;
#7106 = CIRCLE ( 'NONE', #3836, 5.499999999999998224 ) ;
#7107 = VERTEX_POINT ( 'NONE', #3414 ) ;
#7108 = DIRECTION ( 'NONE',  ( 0.000000000000000000, -1.000000000000000000, 0.000000000000000000 ) ) ;
#7109 = AXIS2_PLACEMENT_3D ( 'NONE', #4338, #7823, #4924 ) ;
#7110 = CIRCLE ( 'NONE', #8266, 5.499999999999996447 ) ;
#7111 = DIRECTION ( 'NONE',  ( 0.000000000000000000, 1.000000000000000000, 0.000000000000000000 ) ) ;
#7112 = DIRECTION ( 'NONE',  ( 0.000000000000000000, 0.000000000000000000, 1.000000000000000000 ) ) ;
#7113 = EDGE_LOOP ( 'NONE', ( #241, #707, #5995, #4320 ) ) ;
#7114 = VECTOR ( 'NONE', #4330, 1000.000000000000000 ) ;
#7115 = CARTESIAN_POINT ( 'NONE',  ( 5.000000000000000000, 4.000000000000000000, -9.000000000000001776 ) ) ;
#7116 = AXIS2_PLACEMENT_3D ( 'NONE', #2187, #252, #4248 ) ;
#7117 = AXIS2_PLACEMENT_3D ( 'NONE', #362, #3096, #5811 ) ;
#7118 = LINE ( 'NONE', #6489, #5700 ) ;
#7119 = CARTESIAN_POINT ( 'NONE',  ( 53.33399999999999608, 3.000000000000000000, -104.4459999999999980 ) ) ;
#7120 = CIRCLE ( 'NONE', #5420, 5.500000000000005329 ) ;
#7121 = CARTESIAN_POINT ( 'NONE',  ( 104.4459999999999980, 3.000000000000000000, -117.2239999999999895 ) ) ;
#7122 = AXIS2_PLACEMENT_3D ( 'NONE', #6287, #4942, #2257 ) ;
#7123 = DIRECTION ( 'NONE',  ( 0.000000000000000000, -1.000000000000000000, 0.000000000000000000 ) ) ;
#7124 = CARTESIAN_POINT ( 'NONE',  ( 117.2239999999999895, 0.000000000000000000, -15.00000000000000000 ) ) ;
#7125 = EDGE_LOOP ( 'NONE', ( #6064, #3375 ) ) ;
#7126 = EDGE_LOOP ( 'NONE', ( #8766, #8519 ) ) ;
#7127 = EDGE_CURVE ( 'NONE', #8127, #317, #2697, .T. ) ;
#7128 = DIRECTION ( 'NONE',  ( 0.000000000000000000, -1.000000000000000000, 0.000000000000000000 ) ) ;
#7129 = AXIS2_PLACEMENT_3D ( 'NONE', #1439, #4967, #7875 ) ;
#7130 = AXIS2_PLACEMENT_3D ( 'NONE', #7156, #4685, #7413 ) ;
#7131 = ORIENTED_EDGE ( 'NONE', *, *, #5001, .T. ) ;
#7132 = EDGE_CURVE ( 'NONE', #3342, #4776, #3760, .T. ) ;
#7133 = ORIENTED_EDGE ( 'NONE', *, *, #2012, .T. ) ;
#7134 = FACE_OUTER_BOUND ( 'NONE', #4364, .T. ) ;
#7135 = PLANE ( 'NONE',  #4042 ) ;
#7136 = DIRECTION ( 'NONE',  ( 0.000000000000000000, 0.000000000000000000, 1.000000000000000000 ) ) ;
#7137 = DIRECTION ( 'NONE',  ( 0.000000000000000000, 0.000000000000000000, -1.000000000000000000 ) ) ;
#7138 = EDGE_LOOP ( 'NONE', ( #1588, #6547 ) ) ;
#7139 = ADVANCED_FACE ( 'NONE', ( #2790 ), #6805, .F. ) ;
#7140 = ORIENTED_EDGE ( 'NONE', *, *, #5276, .T. ) ;
#7141 = DIRECTION ( 'NONE',  ( 0.000000000000000000, 1.000000000000000000, 0.000000000000000000 ) ) ;
#7142 = ORIENTED_EDGE ( 'NONE', *, *, #1065, .T. ) ;
#7143 = EDGE_CURVE ( 'NONE', #8825, #2196, #2070, .T. ) ;
#7144 = DIRECTION ( 'NONE',  ( 0.000000000000000000, 0.000000000000000000, 1.000000000000000000 ) ) ;
#7145 = CIRCLE ( 'NONE', #579, 5.499999999999991118 ) ;
#7146 = VERTEX_POINT ( 'NONE', #2743 ) ;
#7147 = DIRECTION ( 'NONE',  ( 0.000000000000000000, 1.000000000000000000, 0.000000000000000000 ) ) ;
#7148 = DIRECTION ( 'NONE',  ( 0.000000000000000000, -0.000000000000000000, 1.000000000000000000 ) ) ;
#7149 = FACE_BOUND ( 'NONE', #2935, .T. ) ;
#7150 = EDGE_CURVE ( 'NONE', #2718, #288, #2651, .T. ) ;
#7151 = LINE ( 'NONE', #7912, #8212 ) ;
#7152 = ORIENTED_EDGE ( 'NONE', *, *, #4099, .T. ) ;
#7153 = CARTESIAN_POINT ( 'NONE',  ( 91.66800000000000637, 0.000000000000000000, -58.83400000000000318 ) ) ;
#7154 = ORIENTED_EDGE ( 'NONE', *, *, #4406, .T. ) ;
#7155 = CARTESIAN_POINT ( 'NONE',  ( 91.66800000000000637, 3.000000000000000000, -66.11200000000000898 ) ) ;
#7156 = CARTESIAN_POINT ( 'NONE',  ( 27.77799999999999869, 3.000000000000000000, -117.2239999999999895 ) ) ;
#7157 = FACE_OUTER_BOUND ( 'NONE', #5384, .T. ) ;
#7158 = ORIENTED_EDGE ( 'NONE', *, *, #3538, .T. ) ;
#7159 = FACE_OUTER_BOUND ( 'NONE', #1725, .T. ) ;
#7160 = CARTESIAN_POINT ( 'NONE',  ( 66.11200000000000898, 0.000000000000000000, -27.77799999999999869 ) ) ;
#7161 = CARTESIAN_POINT ( 'NONE',  ( 78.89000000000000057, 0.000000000000000000, -53.33399999999999608 ) ) ;
#7162 = AXIS2_PLACEMENT_3D ( 'NONE', #3244, #1901, #2444 ) ;
#7163 = DIRECTION ( 'NONE',  ( 0.000000000000000000, 0.000000000000000000, 1.000000000000000000 ) ) ;
#7164 = CYLINDRICAL_SURFACE ( 'NONE', #8203, 5.500000000000005329 ) ;
#7165 = ORIENTED_EDGE ( 'NONE', *, *, #4577, .F. ) ;
#7166 = ORIENTED_EDGE ( 'NONE', *, *, #8764, .F. ) ;
#7167 = DIRECTION ( 'NONE',  ( 0.000000000000000000, 0.000000000000000000, -1.000000000000000000 ) ) ;
#7168 = CIRCLE ( 'NONE', #3324, 5.500000000000005329 ) ;
#7169 = ORIENTED_EDGE ( 'NONE', *, *, #3687, .F. ) ;
#7170 = ORIENTED_EDGE ( 'NONE', *, *, #2069, .F. ) ;
#7171 = DIRECTION ( 'NONE',  ( 0.000000000000000000, 0.000000000000000000, -1.000000000000000000 ) ) ;
#7172 = LINE ( 'NONE', #6372, #6889 ) ;
#7173 = DIRECTION ( 'NONE',  ( 0.000000000000000000, 0.000000000000000000, 1.000000000000000000 ) ) ;
#7174 = DIRECTION ( 'NONE',  ( 0.000000000000000000, 1.000000000000000000, 0.000000000000000000 ) ) ;
#7175 = AXIS2_PLACEMENT_3D ( 'NONE', #6622, #3282, #3234 ) ;
#7176 = ORIENTED_EDGE ( 'NONE', *, *, #1140, .F. ) ;
#7177 = ADVANCED_FACE ( 'NONE', ( #6719 ), #8059, .F. ) ;
#7178 = ORIENTED_EDGE ( 'NONE', *, *, #7967, .F. ) ;
#7179 = FACE_OUTER_BOUND ( 'NONE', #655, .T. ) ;
#7180 = ORIENTED_EDGE ( 'NONE', *, *, #5224, .F. ) ;
#7181 = DIRECTION ( 'NONE',  ( 0.000000000000000000, 1.000000000000000000, 0.000000000000000000 ) ) ;
#7182 = ORIENTED_EDGE ( 'NONE', *, *, #1993, .F. ) ;
#7183 = DIRECTION ( 'NONE',  ( 0.000000000000000000, -0.000000000000000000, 1.000000000000000000 ) ) ;
#7184 = EDGE_CURVE ( 'NONE', #5836, #5100, #6034, .T. ) ;
#7185 = CARTESIAN_POINT ( 'NONE',  ( 117.2239999999999895, 3.000000000000000000, -40.55599999999999739 ) ) ;
#7186 = FACE_BOUND ( 'NONE', #6556, .T. ) ;
#7187 = AXIS2_PLACEMENT_3D ( 'NONE', #1159, #3228, #1881 ) ;
#7188 = ADVANCED_FACE ( 'NONE', ( #4003 ), #4796, .F. ) ;
#7189 = VECTOR ( 'NONE', #8154, 1000.000000000000000 ) ;
#7190 = DIRECTION ( 'NONE',  ( 0.000000000000000000, 1.000000000000000000, 0.000000000000000000 ) ) ;
#7191 = ORIENTED_EDGE ( 'NONE', *, *, #4564, .T. ) ;
#7192 = DIRECTION ( 'NONE',  ( 0.000000000000000000, 1.000000000000000000, 0.000000000000000000 ) ) ;
#7193 = DIRECTION ( 'NONE',  ( 0.000000000000000000, 1.000000000000000000, 0.000000000000000000 ) ) ;
#7194 = AXIS2_PLACEMENT_3D ( 'NONE', #8097, #1436, #5463 ) ;
#7195 = ORIENTED_EDGE ( 'NONE', *, *, #1358, .T. ) ;
#7196 = EDGE_CURVE ( 'NONE', #17, #8525, #4471, .T. ) ;
#7197 = DIRECTION ( 'NONE',  ( 0.000000000000000000, -0.000000000000000000, 1.000000000000000000 ) ) ;
#7198 = EDGE_CURVE ( 'NONE', #834, #3020, #896, .T. ) ;
#7199 = EDGE_CURVE ( 'NONE', #8692, #1878, #4993, .T. ) ;
#7200 = AXIS2_PLACEMENT_3D ( 'NONE', #8369, #3755, #2201 ) ;
#7201 = ADVANCED_FACE ( 'NONE', ( #247 ), #3571, .F. ) ;
#7202 = CARTESIAN_POINT ( 'NONE',  ( 40.55599999999999739, 3.000000000000000000, -9.500000000000003553 ) ) ;
#7203 = ORIENTED_EDGE ( 'NONE', *, *, #2716, .T. ) ;
#7204 = LINE ( 'NONE', #588, #6691 ) ;
#7205 = VECTOR ( 'NONE', #6374, 1000.000000000000000 ) ;
#7206 = DIRECTION ( 'NONE',  ( 0.000000000000000000, -1.000000000000000000, 0.000000000000000000 ) ) ;
#7207 = ADVANCED_FACE ( 'NONE', ( #7595 ), #5539, .F. ) ;
#7208 = DIRECTION ( 'NONE',  ( 0.000000000000000000, 1.000000000000000000, 0.000000000000000000 ) ) ;
#7209 = AXIS2_PLACEMENT_3D ( 'NONE', #3019, #2386, #3822 ) ;
#7210 = DIRECTION ( 'NONE',  ( 0.000000000000000000, 1.000000000000000000, 0.000000000000000000 ) ) ;
#7211 = CARTESIAN_POINT ( 'NONE',  ( 104.4459999999999980, 0.000000000000000000, -40.55599999999999739 ) ) ;
#7212 =( NAMED_UNIT ( * ) SI_UNIT ( $, .STERADIAN. ) SOLID_ANGLE_UNIT ( ) );
#7213 = ORIENTED_EDGE ( 'NONE', *, *, #4616, .T. ) ;
#7214 = VERTEX_POINT ( 'NONE', #2902 ) ;
#7215 = LINE ( 'NONE', #6451, #258 ) ;
#7216 = ORIENTED_EDGE ( 'NONE', *, *, #8505, .F. ) ;
#7217 = EDGE_LOOP ( 'NONE', ( #7483, #7246 ) ) ;
#7218 = CARTESIAN_POINT ( 'NONE',  ( 91.66800000000000637, 3.000000000000000000, -15.00000000000000000 ) ) ;
#7219 = CARTESIAN_POINT ( 'NONE',  ( 104.4459999999999980, 3.000000000000000000, -53.33399999999999608 ) ) ;
#7220 = PLANE ( 'NONE',  #5484 ) ;
#7221 = FACE_OUTER_BOUND ( 'NONE', #2957, .T. ) ;
#7222 = ORIENTED_EDGE ( 'NONE', *, *, #1607, .T. ) ;
#7223 = VERTEX_POINT ( 'NONE', #2181 ) ;
#7224 = DIRECTION ( 'NONE',  ( 0.000000000000000000, 0.000000000000000000, -1.000000000000000000 ) ) ;
#7225 = VERTEX_POINT ( 'NONE', #6245 ) ;
#7226 = CARTESIAN_POINT ( 'NONE',  ( 40.55599999999999739, 0.000000000000000000, -27.77799999999999869 ) ) ;
#7227 = ORIENTED_EDGE ( 'NONE', *, *, #6639, .F. ) ;
#7228 = FACE_OUTER_BOUND ( 'NONE', #1595, .T. ) ;
#7229 = CARTESIAN_POINT ( 'NONE',  ( 104.4459999999999980, 3.000000000000000000, -104.4459999999999980 ) ) ;
#7230 = AXIS2_PLACEMENT_3D ( 'NONE', #7218, #2576, #558 ) ;
#7231 = FACE_BOUND ( 'NONE', #2030, .T. ) ;
#7232 = DIRECTION ( 'NONE',  ( 0.000000000000000000, -1.000000000000000000, 0.000000000000000000 ) ) ;
#7233 = ORIENTED_EDGE ( 'NONE', *, *, #5443, .T. ) ;
#7234 = ADVANCED_FACE ( 'NONE', ( #5707 ), #5665, .F. ) ;
#7235 = DIRECTION ( 'NONE',  ( 0.000000000000000000, -0.000000000000000000, 1.000000000000000000 ) ) ;
#7236 = CIRCLE ( 'NONE', #4381, 5.500000000000005329 ) ;
#7237 = DIRECTION ( 'NONE',  ( 0.000000000000000000, 0.000000000000000000, -1.000000000000000000 ) ) ;
#7238 = ORIENTED_EDGE ( 'NONE', *, *, #5158, .F. ) ;
#7239 = DIRECTION ( 'NONE',  ( 0.000000000000000000, 0.000000000000000000, -1.000000000000000000 ) ) ;
#7240 = EDGE_CURVE ( 'NONE', #1096, #3458, #2471, .T. ) ;
#7241 = CIRCLE ( 'NONE', #8524, 5.500000000000005329 ) ;
#7242 = DIRECTION ( 'NONE',  ( 0.000000000000000000, 0.000000000000000000, 1.000000000000000000 ) ) ;
#7243 = EDGE_LOOP ( 'NONE', ( #5970, #420 ) ) ;
#7244 = EDGE_CURVE ( 'NONE', #5553, #1924, #4331, .T. ) ;
#7245 = FACE_OUTER_BOUND ( 'NONE', #7719, .T. ) ;
#7246 = ORIENTED_EDGE ( 'NONE', *, *, #2823, .T. ) ;
#7247 = AXIS2_PLACEMENT_3D ( 'NONE', #1876, #7192, #2147 ) ;
#7248 = DIRECTION ( 'NONE',  ( 0.000000000000000000, -1.000000000000000000, 0.000000000000000000 ) ) ;
#7249 = EDGE_CURVE ( 'NONE', #5620, #7365, #469, .T. ) ;
#7250 = EDGE_CURVE ( 'NONE', #5477, #328, #47, .T. ) ;
#7251 = LINE ( 'NONE', #5152, #1959 ) ;
#7252 = CYLINDRICAL_SURFACE ( 'NONE', #5894, 5.500000000000005329 ) ;
#7253 = CARTESIAN_POINT ( 'NONE',  ( 66.11200000000000898, 3.000000000000000000, -58.83400000000000318 ) ) ;
#7254 = DIRECTION ( 'NONE',  ( 0.000000000000000000, 0.000000000000000000, 1.000000000000000000 ) ) ;
#7255 = VECTOR ( 'NONE', #3928, 1000.000000000000000 ) ;
#7256 = ORIENTED_EDGE ( 'NONE', *, *, #6114, .F. ) ;
#7257 = VERTEX_POINT ( 'NONE', #2141 ) ;
#7258 = EDGE_CURVE ( 'NONE', #8292, #448, #3527, .T. ) ;
#7259 = PLANE ( 'NONE',  #3125 ) ;
#7260 = EDGE_LOOP ( 'NONE', ( #6230, #2948, #1454, #5826 ) ) ;
#7261 = VECTOR ( 'NONE', #5593, 1000.000000000000000 ) ;
#7262 = AXIS2_PLACEMENT_3D ( 'NONE', #1415, #657, #6017 ) ;
#7263 = EDGE_LOOP ( 'NONE', ( #5630, #7332 ) ) ;
#7264 = DIRECTION ( 'NONE',  ( 0.000000000000000000, -0.000000000000000000, 1.000000000000000000 ) ) ;
#7265 = LINE ( 'NONE', #1226, #2325 ) ;
#7266 = CARTESIAN_POINT ( 'NONE',  ( 27.77799999999999869, 0.000000000000000000, -66.11200000000000898 ) ) ;
#7267 = CIRCLE ( 'NONE', #1270, 2.250000000000001776 ) ;
#7268 = CARTESIAN_POINT ( 'NONE',  ( 66.11200000000000898, 3.000000000000000000, -109.9459999999999980 ) ) ;
#7269 = ORIENTED_EDGE ( 'NONE', *, *, #2110, .F. ) ;
#7270 = CIRCLE ( 'NONE', #4146, 5.500000000000005329 ) ;
#7271 = VERTEX_POINT ( 'NONE', #920 ) ;
#7272 = CARTESIAN_POINT ( 'NONE',  ( 66.11200000000000898, 3.000000000000000000, -47.83399999999999608 ) ) ;
#7273 = ORIENTED_EDGE ( 'NONE', *, *, #5720, .F. ) ;
#7274 = CYLINDRICAL_SURFACE ( 'NONE', #8835, 5.500000000000005329 ) ;
#7275 = ORIENTED_EDGE ( 'NONE', *, *, #2277, .T. ) ;
#7276 = CARTESIAN_POINT ( 'NONE',  ( 104.4459999999999980, 3.000000000000000000, -66.11200000000000898 ) ) ;
#7277 = DIRECTION ( 'NONE',  ( 0.000000000000000000, 1.000000000000000000, 0.000000000000000000 ) ) ;
#7278 = FACE_BOUND ( 'NONE', #2003, .T. ) ;
#7279 = FACE_OUTER_BOUND ( 'NONE', #7439, .T. ) ;
#7280 = EDGE_LOOP ( 'NONE', ( #6410, #4025, #2533, #4119 ) ) ;
#7281 = AXIS2_PLACEMENT_3D ( 'NONE', #1734, #888, #174 ) ;
#7282 = CARTESIAN_POINT ( 'NONE',  ( 130.0020000000000095, 3.000000000000000000, -78.89000000000000057 ) ) ;
#7283 = CARTESIAN_POINT ( 'NONE',  ( 104.4459999999999980, 0.000000000000000000, -124.5019999999999953 ) ) ;
#7284 = VERTEX_POINT ( 'NONE', #3656 ) ;
#7285 = LINE ( 'NONE', #490, #5432 ) ;
#7286 = ADVANCED_FACE ( 'NONE', ( #7088 ), #2812, .F. ) ;
#7287 = AXIS2_PLACEMENT_3D ( 'NONE', #7998, #4596, #1956 ) ;
#7288 = CARTESIAN_POINT ( 'NONE',  ( 130.0020000000000095, 3.000000000000000000, -60.61199999999998766 ) ) ;
#7289 = ORIENTED_EDGE ( 'NONE', *, *, #5062, .F. ) ;
#7290 = EDGE_CURVE ( 'NONE', #7223, #5740, #5339, .T. ) ;
#7291 = DIRECTION ( 'NONE',  ( 0.000000000000000000, -0.000000000000000000, 1.000000000000000000 ) ) ;
#7292 = ORIENTED_EDGE ( 'NONE', *, *, #1108, .T. ) ;
#7293 = FACE_OUTER_BOUND ( 'NONE', #5188, .T. ) ;
#7294 = CYLINDRICAL_SURFACE ( 'NONE', #4956, 5.499999999999998224 ) ;
#7295 = EDGE_CURVE ( 'NONE', #754, #8035, #7047, .T. ) ;
#7296 = DIRECTION ( 'NONE',  ( 0.000000000000000000, 0.000000000000000000, -1.000000000000000000 ) ) ;
#7297 = CARTESIAN_POINT ( 'NONE',  ( 104.4459999999999980, 3.000000000000000000, -27.77799999999999869 ) ) ;
#7298 = CARTESIAN_POINT ( 'NONE',  ( 78.89000000000000057, 0.000000000000000000, -98.94599999999999795 ) ) ;
#7299 = EDGE_LOOP ( 'NONE', ( #5697, #5351 ) ) ;
#7300 = ORIENTED_EDGE ( 'NONE', *, *, #8546, .T. ) ;
#7301 = EDGE_CURVE ( 'NONE', #4806, #742, #4286, .T. ) ;
#7302 = ADVANCED_FACE ( 'NONE', ( #6332 ), #78, .F. ) ;
#7303 = DIRECTION ( 'NONE',  ( 0.000000000000000000, 0.000000000000000000, 1.000000000000000000 ) ) ;
#7304 = ORIENTED_EDGE ( 'NONE', *, *, #8789, .T. ) ;
#7305 = EDGE_LOOP ( 'NONE', ( #7843, #2317, #8522, #503 ) ) ;
#7306 = DIRECTION ( 'NONE',  ( 0.000000000000000000, 1.000000000000000000, 0.000000000000000000 ) ) ;
#7307 = EDGE_CURVE ( 'NONE', #1886, #236, #4476, .T. ) ;
#7308 = DIRECTION ( 'NONE',  ( 0.000000000000000000, -1.000000000000000000, 0.000000000000000000 ) ) ;
#7309 = DIRECTION ( 'NONE',  ( 0.000000000000000000, 0.000000000000000000, -1.000000000000000000 ) ) ;
#7310 = DIRECTION ( 'NONE',  ( 0.000000000000000000, 0.000000000000000000, -1.000000000000000000 ) ) ;
#7311 = ORIENTED_EDGE ( 'NONE', *, *, #2603, .F. ) ;
#7312 = EDGE_CURVE ( 'NONE', #6603, #6324, #3340, .T. ) ;
#7313 = CIRCLE ( 'NONE', #7162, 4.000000000000001776 ) ;
#7314 = ORIENTED_EDGE ( 'NONE', *, *, #582, .F. ) ;
#7315 = DIRECTION ( 'NONE',  ( 0.000000000000000000, 0.000000000000000000, 1.000000000000000000 ) ) ;
#7316 = VERTEX_POINT ( 'NONE', #1723 ) ;
#7317 = CARTESIAN_POINT ( 'NONE',  ( 5.000000000000000000, 0.000000000000000000, -140.0000000000000000 ) ) ;
#7318 = ORIENTED_EDGE ( 'NONE', *, *, #6163, .F. ) ;
#7319 = DIRECTION ( 'NONE',  ( 0.000000000000000000, 1.000000000000000000, 0.000000000000000000 ) ) ;
#7320 = AXIS2_PLACEMENT_3D ( 'NONE', #1276, #2663, #3382 ) ;
#7321 = DIRECTION ( 'NONE',  ( 0.000000000000000000, 0.000000000000000000, 1.000000000000000000 ) ) ;
#7322 = FACE_BOUND ( 'NONE', #7858, .T. ) ;
#7323 = CARTESIAN_POINT ( 'NONE',  ( 104.4459999999999980, 3.000000000000000000, -60.61200000000000188 ) ) ;
#7324 = AXIS2_PLACEMENT_3D ( 'NONE', #3464, #14, #2795 ) ;
#7325 = CARTESIAN_POINT ( 'NONE',  ( 40.55599999999999739, 0.000000000000000000, -109.9459999999999837 ) ) ;
#7326 = EDGE_LOOP ( 'NONE', ( #6464, #6612 ) ) ;
#7327 = LINE ( 'NONE', #6518, #6109 ) ;
#7328 = DIRECTION ( 'NONE',  ( 0.000000000000000000, 1.000000000000000000, 0.000000000000000000 ) ) ;
#7329 = ORIENTED_EDGE ( 'NONE', *, *, #7674, .T. ) ;
#7330 = LINE ( 'NONE', #5855, #4154 ) ;
#7331 = DIRECTION ( 'NONE',  ( 0.000000000000000000, 1.000000000000000000, 0.000000000000000000 ) ) ;
#7332 = ORIENTED_EDGE ( 'NONE', *, *, #7184, .T. ) ;
#7333 = CARTESIAN_POINT ( 'NONE',  ( 27.77799999999999869, 3.000000000000000000, -109.9459999999999837 ) ) ;
#7334 = ORIENTED_EDGE ( 'NONE', *, *, #8293, .T. ) ;
#7335 = DIRECTION ( 'NONE',  ( 1.000000000000000000, -0.000000000000000000, 0.000000000000000000 ) ) ;
#7336 = CARTESIAN_POINT ( 'NONE',  ( 15.00000000000000000, 3.000000000000000000, -73.39000000000001478 ) ) ;
#7337 = CARTESIAN_POINT ( 'NONE',  ( 53.33399999999999608, 3.000000000000000000, -109.9459999999999837 ) ) ;
#7338 = ORIENTED_EDGE ( 'NONE', *, *, #4165, .T. ) ;
#7339 = ORIENTED_EDGE ( 'NONE', *, *, #6884, .T. ) ;
#7340 = CARTESIAN_POINT ( 'NONE',  ( 15.00000000000000000, 3.000000000000000000, -97.16800000000000637 ) ) ;
#7341 = ADVANCED_FACE ( 'NONE', ( #4493 ), #6592, .F. ) ;
#7342 = AXIS2_PLACEMENT_3D ( 'NONE', #3174, #6475, #8621 ) ;
#7343 = VERTEX_POINT ( 'NONE', #6504 ) ;
#7344 = VECTOR ( 'NONE', #4824, 1000.000000000000000 ) ;
#7345 = AXIS2_PLACEMENT_3D ( 'NONE', #2086, #4720, #7493 ) ;
#7346 = ORIENTED_EDGE ( 'NONE', *, *, #5921, .T. ) ;
#7347 = CARTESIAN_POINT ( 'NONE',  ( 104.4459999999999980, 3.000000000000000000, -122.7240000000000038 ) ) ;
#7348 = EDGE_CURVE ( 'NONE', #3668, #6193, #6467, .T. ) ;
#7349 = PLANE ( 'NONE',  #6452 ) ;
#7350 = CARTESIAN_POINT ( 'NONE',  ( 53.33399999999999608, 3.000000000000000000, -40.55599999999999739 ) ) ;
#7351 = CARTESIAN_POINT ( 'NONE',  ( 91.66800000000000637, 0.000000000000000000, -91.66800000000000637 ) ) ;
#7352 = ORIENTED_EDGE ( 'NONE', *, *, #6115, .F. ) ;
#7353 = AXIS2_PLACEMENT_3D ( 'NONE', #6952, #3560, #159 ) ;
#7354 = VERTEX_POINT ( 'NONE', #5078 ) ;
#7355 = EDGE_CURVE ( 'NONE', #6999, #6187, #6417, .T. ) ;
#7356 = DIRECTION ( 'NONE',  ( 0.000000000000000000, 0.000000000000000000, -1.000000000000000000 ) ) ;
#7357 = ORIENTED_EDGE ( 'NONE', *, *, #3149, .T. ) ;
#7358 = CARTESIAN_POINT ( 'NONE',  ( 117.2239999999999895, 0.000000000000000000, -20.50000000000000355 ) ) ;
#7359 = VERTEX_POINT ( 'NONE', #8515 ) ;
#7360 = CARTESIAN_POINT ( 'NONE',  ( 27.77799999999999869, 3.000000000000000000, -122.7240000000000038 ) ) ;
#7361 = CARTESIAN_POINT ( 'NONE',  ( 5.000000000000000000, 4.000000000000000000, -140.0000000000000000 ) ) ;
#7362 = FACE_BOUND ( 'NONE', #3024, .T. ) ;
#7363 = CARTESIAN_POINT ( 'NONE',  ( 104.4459999999999980, 3.000000000000000000, -130.0020000000000095 ) ) ;
#7364 = DIRECTION ( 'NONE',  ( 0.000000000000000000, -1.000000000000000000, 0.000000000000000000 ) ) ;
#7365 = VERTEX_POINT ( 'NONE', #7806 ) ;
#7366 = EDGE_CURVE ( 'NONE', #1194, #3030, #8614, .T. ) ;
#7367 = CARTESIAN_POINT ( 'NONE',  ( 27.77799999999999869, 3.000000000000000000, -104.4459999999999980 ) ) ;
#7368 = LINE ( 'NONE', #5853, #8142 ) ;
#7369 = AXIS2_PLACEMENT_3D ( 'NONE', #333, #5746, #835 ) ;
#7370 = ORIENTED_EDGE ( 'NONE', *, *, #5158, .T. ) ;
#7371 = CARTESIAN_POINT ( 'NONE',  ( 66.11200000000000898, 0.000000000000000000, -58.83400000000000318 ) ) ;
#7372 = CIRCLE ( 'NONE', #1240, 5.499999999999991118 ) ;
#7373 = DIRECTION ( 'NONE',  ( 0.000000000000000000, -1.000000000000000000, 0.000000000000000000 ) ) ;
#7374 = ORIENTED_EDGE ( 'NONE', *, *, #2779, .T. ) ;
#7375 = DIRECTION ( 'NONE',  ( 0.000000000000000000, 0.000000000000000000, 1.000000000000000000 ) ) ;
#7376 = VERTEX_POINT ( 'NONE', #5875 ) ;
#7377 = LINE ( 'NONE', #4655, #4987 ) ;
#7378 = AXIS2_PLACEMENT_3D ( 'NONE', #6694, #616, #3255 ) ;
#7379 = CARTESIAN_POINT ( 'NONE',  ( 117.2239999999999895, 3.000000000000000000, -91.66800000000000637 ) ) ;
#7380 = CARTESIAN_POINT ( 'NONE',  ( 117.2239999999999895, 3.000000000000000000, -104.4459999999999980 ) ) ;
#7381 = FACE_OUTER_BOUND ( 'NONE', #2759, .T. ) ;
#7382 = PERSON_AND_ORGANIZATION_ROLE ( 'design_supplier' ) ;
#7383 = ORIENTED_EDGE ( 'NONE', *, *, #516, .T. ) ;
#7384 = ORIENTED_EDGE ( 'NONE', *, *, #4389, .F. ) ;
#7385 = CARTESIAN_POINT ( 'NONE',  ( 130.0020000000000095, 0.000000000000000000, -78.89000000000000057 ) ) ;
#7386 = AXIS2_PLACEMENT_3D ( 'NONE', #6347, #224, #2958 ) ;
#7387 = CIRCLE ( 'NONE', #7686, 5.499999999999996447 ) ;
#7388 = ORIENTED_EDGE ( 'NONE', *, *, #2431, .T. ) ;
#7389 = VERTEX_POINT ( 'NONE', #3881 ) ;
#7390 = DIRECTION ( 'NONE',  ( 0.000000000000000000, -1.000000000000000000, 0.000000000000000000 ) ) ;
#7391 = CYLINDRICAL_SURFACE ( 'NONE', #5029, 5.499999999999991118 ) ;
#7392 = CIRCLE ( 'NONE', #6975, 5.499999999999991118 ) ;
#7393 = FACE_OUTER_BOUND ( 'NONE', #2460, .T. ) ;
#7394 = ADVANCED_FACE ( 'NONE', ( #2529 ), #3114, .F. ) ;
#7395 = DIRECTION ( 'NONE',  ( 0.000000000000000000, 1.000000000000000000, 0.000000000000000000 ) ) ;
#7396 = ORIENTED_EDGE ( 'NONE', *, *, #8382, .F. ) ;
#7397 = VECTOR ( 'NONE', #4973, 1000.000000000000000 ) ;
#7398 = VERTEX_POINT ( 'NONE', #5212 ) ;
#7399 = EDGE_CURVE ( 'NONE', #5792, #7809, #5833, .T. ) ;
#7401 = CARTESIAN_POINT ( 'NONE',  ( 104.4459999999999980, 0.000000000000000000, -130.0020000000000095 ) ) ;
#7400 = AXIS2_PLACEMENT_3D ( 'NONE', #8397, #172, #3578 ) ;
#7402 = AXIS2_PLACEMENT_3D ( 'NONE', #637, #2114, #5428 ) ;
#7403 = ORIENTED_EDGE ( 'NONE', *, *, #4868, .F. ) ;
#7404 = CARTESIAN_POINT ( 'NONE',  ( 104.4459999999999980, 3.000000000000000000, -15.00000000000000000 ) ) ;
#7405 = EDGE_LOOP ( 'NONE', ( #7811, #8569, #1474, #8850 ) ) ;
#7406 = AXIS2_PLACEMENT_3D ( 'NONE', #4041, #8284, #2156 ) ;
#7407 = CARTESIAN_POINT ( 'NONE',  ( 78.89000000000000057, 3.000000000000000000, -20.50000000000000355 ) ) ;
#7408 = DIRECTION ( 'NONE',  ( 0.000000000000000000, -1.000000000000000000, 0.000000000000000000 ) ) ;
#7409 = EDGE_CURVE ( 'NONE', #2196, #8228, #8196, .T. ) ;
#7410 = CIRCLE ( 'NONE', #410, 5.499999999999991118 ) ;
#7411 = DIRECTION ( 'NONE',  ( 0.000000000000000000, -0.000000000000000000, 1.000000000000000000 ) ) ;
#7412 = CIRCLE ( 'NONE', #3853, 5.500000000000005329 ) ;
#7413 = DIRECTION ( 'NONE',  ( 0.000000000000000000, 0.000000000000000000, -1.000000000000000000 ) ) ;
#7414 = CARTESIAN_POINT ( 'NONE',  ( 78.89000000000000057, 3.000000000000000000, -58.83400000000000318 ) ) ;
#7415 = VERTEX_POINT ( 'NONE', #8563 ) ;
#7416 = EDGE_CURVE ( 'NONE', #5003, #1443, #5625, .T. ) ;
#7417 = CYLINDRICAL_SURFACE ( 'NONE', #8821, 5.500000000000005329 ) ;
#7418 = EDGE_CURVE ( 'NONE', #3183, #1083, #2622, .T. ) ;
#7419 = DIRECTION ( 'NONE',  ( 0.000000000000000000, 1.000000000000000000, 0.000000000000000000 ) ) ;
#7420 = VECTOR ( 'NONE', #8368, 1000.000000000000000 ) ;
#7421 = AXIS2_PLACEMENT_3D ( 'NONE', #7957, #4472, #1109 ) ;
#7422 = ORIENTED_EDGE ( 'NONE', *, *, #4854, .F. ) ;
#7423 = CARTESIAN_POINT ( 'NONE',  ( 91.66800000000000637, 3.000000000000000000, -53.33399999999999608 ) ) ;
#7424 = ADVANCED_FACE ( 'NONE', ( #3833 ), #7220, .F. ) ;
#7425 = AXIS2_PLACEMENT_3D ( 'NONE', #2276, #7687, #7100 ) ;
#7426 = AXIS2_PLACEMENT_3D ( 'NONE', #476, #2406, #2536 ) ;
#7427 = DIRECTION ( 'NONE',  ( 0.000000000000000000, 1.000000000000000000, 0.000000000000000000 ) ) ;
#7428 = ORIENTED_EDGE ( 'NONE', *, *, #8789, .F. ) ;
#7429 = DIRECTION ( 'NONE',  ( 0.000000000000000000, 0.000000000000000000, 1.000000000000000000 ) ) ;
#7430 = DIRECTION ( 'NONE',  ( 0.000000000000000000, 0.000000000000000000, 1.000000000000000000 ) ) ;
#7431 = AXIS2_PLACEMENT_3D ( 'NONE', #7451, #2810, #6065 ) ;
#7432 = CARTESIAN_POINT ( 'NONE',  ( 27.77799999999999869, 3.000000000000000000, -40.55599999999999739 ) ) ;
#7433 = DIRECTION ( 'NONE',  ( 0.000000000000000000, 0.000000000000000000, 1.000000000000000000 ) ) ;
#7434 = CARTESIAN_POINT ( 'NONE',  ( 140.0000000000000000, 4.000000000000000000, -144.0000000000000284 ) ) ;
#7435 = PERSON_AND_ORGANIZATION ( #609, #1786 ) ;
#7436 = CARTESIAN_POINT ( 'NONE',  ( 66.11200000000000898, 3.000000000000000000, -97.16800000000000637 ) ) ;
#7437 = ORIENTED_EDGE ( 'NONE', *, *, #254, .F. ) ;
#7438 = CARTESIAN_POINT ( 'NONE',  ( 78.89000000000000057, 3.000000000000000000, -15.00000000000000000 ) ) ;
#7439 = EDGE_LOOP ( 'NONE', ( #4267, #4624, #2468, #8428 ) ) ;
#7440 = ORIENTED_EDGE ( 'NONE', *, *, #759, .F. ) ;
#7441 = CARTESIAN_POINT ( 'NONE',  ( 130.0020000000000095, 3.000000000000000000, -86.16799999999997794 ) ) ;
#7442 = DIRECTION ( 'NONE',  ( 0.000000000000000000, 0.000000000000000000, -1.000000000000000000 ) ) ;
#7443 = DIRECTION ( 'NONE',  ( 0.000000000000000000, 0.000000000000000000, 1.000000000000000000 ) ) ;
#7444 = DIRECTION ( 'NONE',  ( 0.000000000000000000, 0.000000000000000000, -1.000000000000000000 ) ) ;
#7445 = EDGE_LOOP ( 'NONE', ( #4370, #2267, #3379, #5195 ) ) ;
#7446 = EDGE_LOOP ( 'NONE', ( #8475, #6303 ) ) ;
#7447 = DIRECTION ( 'NONE',  ( 0.000000000000000000, 0.000000000000000000, 1.000000000000000000 ) ) ;
#7448 = ORIENTED_EDGE ( 'NONE', *, *, #4035, .T. ) ;
#7449 = DIRECTION ( 'NONE',  ( 0.000000000000000000, 1.000000000000000000, 0.000000000000000000 ) ) ;
#7450 = VERTEX_POINT ( 'NONE', #293 ) ;
#7451 = CARTESIAN_POINT ( 'NONE',  ( 91.66800000000000637, 3.000000000000000000, -15.00000000000000000 ) ) ;
#7452 = CARTESIAN_POINT ( 'NONE',  ( 53.33399999999999608, 3.000000000000000000, -104.4459999999999980 ) ) ;
#7453 = EDGE_CURVE ( 'NONE', #4649, #1372, #6910, .T. ) ;
#7454 = DIRECTION ( 'NONE',  ( 0.000000000000000000, 1.000000000000000000, 0.000000000000000000 ) ) ;
#7455 = CIRCLE ( 'NONE', #3468, 5.500000000000005329 ) ;
#7456 = DIRECTION ( 'NONE',  ( 0.000000000000000000, -1.000000000000000000, 0.000000000000000000 ) ) ;
#7457 = LINE ( 'NONE', #2010, #7344 ) ;
#7458 = ORIENTED_EDGE ( 'NONE', *, *, #3597, .F. ) ;
#7459 = DIRECTION ( 'NONE',  ( 0.000000000000000000, 1.000000000000000000, 0.000000000000000000 ) ) ;
#7460 = CC_DESIGN_PERSON_AND_ORGANIZATION_ASSIGNMENT ( #4007, #7382, ( #1645 ) ) ;
#7461 = CARTESIAN_POINT ( 'NONE',  ( 130.0020000000000095, 3.000000000000000000, -84.39000000000001478 ) ) ;
#7462 = ADVANCED_FACE ( 'NONE', ( #1676 ), #1764, .F. ) ;
#7463 = VECTOR ( 'NONE', #5293, 1000.000000000000000 ) ;
#7464 = ORIENTED_EDGE ( 'NONE', *, *, #1054, .F. ) ;
#7465 = DIRECTION ( 'NONE',  ( 0.000000000000000000, 0.000000000000000000, 1.000000000000000000 ) ) ;
#7466 = CARTESIAN_POINT ( 'NONE',  ( 53.33399999999999608, 3.000000000000000000, -117.2239999999999895 ) ) ;
#7467 = EDGE_CURVE ( 'NONE', #6633, #3551, #1040, .T. ) ;
#7468 = CIRCLE ( 'NONE', #2766, 5.500000000000005329 ) ;
#7469 = CARTESIAN_POINT ( 'NONE',  ( 91.66800000000000637, 3.000000000000000000, -98.94599999999999795 ) ) ;
#7470 = EDGE_LOOP ( 'NONE', ( #620, #6103 ) ) ;
#7471 = CARTESIAN_POINT ( 'NONE',  ( 140.0000000000000000, 10.00000000000000000, -5.000000000000000000 ) ) ;
#7472 = ADVANCED_FACE ( 'NONE', ( #3698 ), #6550, .F. ) ;
#7473 = AXIS2_PLACEMENT_3D ( 'NONE', #5551, #8281, #586 ) ;
#7474 = CARTESIAN_POINT ( 'NONE',  ( 53.33399999999999608, 3.000000000000000000, -130.0020000000000095 ) ) ;
#7475 = AXIS2_PLACEMENT_3D ( 'NONE', #7350, #3965, #3338 ) ;
#7476 = EDGE_CURVE ( 'NONE', #6311, #2805, #1336, .T. ) ;
#7477 = ADVANCED_FACE ( 'NONE', ( #4017 ), #1318, .F. ) ;
#7478 = DIRECTION ( 'NONE',  ( 0.000000000000000000, 0.000000000000000000, 1.000000000000000000 ) ) ;
#7479 = DIRECTION ( 'NONE',  ( 0.000000000000000000, 0.000000000000000000, -1.000000000000000000 ) ) ;
#7480 = CARTESIAN_POINT ( 'NONE',  ( 91.66800000000000637, 0.000000000000000000, -15.00000000000000000 ) ) ;
#7481 = CIRCLE ( 'NONE', #1342, 5.500000000000005329 ) ;
#7482 = DIRECTION ( 'NONE',  ( 0.000000000000000000, 1.000000000000000000, 0.000000000000000000 ) ) ;
#7483 = ORIENTED_EDGE ( 'NONE', *, *, #766, .T. ) ;
#7484 = CARTESIAN_POINT ( 'NONE',  ( 130.0020000000000095, 3.000000000000000000, -15.00000000000000000 ) ) ;
#7485 = CIRCLE ( 'NONE', #5490, 5.500000000000005329 ) ;
#7486 = EDGE_CURVE ( 'NONE', #8648, #4306, #7618, .T. ) ;
#7487 = ORIENTED_EDGE ( 'NONE', *, *, #7089, .F. ) ;
#7488 = ORIENTED_EDGE ( 'NONE', *, *, #7290, .T. ) ;
#7489 = DIRECTION ( 'NONE',  ( 0.000000000000000000, 0.000000000000000000, -1.000000000000000000 ) ) ;
#7490 = AXIS2_PLACEMENT_3D ( 'NONE', #4928, #6985, #5090 ) ;
#7491 = CYLINDRICAL_SURFACE ( 'NONE', #2758, 5.500000000000018652 ) ;
#7492 = CARTESIAN_POINT ( 'NONE',  ( 130.0020000000000095, 3.000000000000000000, -53.33399999999999608 ) ) ;
#7493 = DIRECTION ( 'NONE',  ( 0.000000000000000000, 0.000000000000000000, 1.000000000000000000 ) ) ;
#7494 = EDGE_LOOP ( 'NONE', ( #1670, #2050 ) ) ;
#7495 = EDGE_LOOP ( 'NONE', ( #4675, #83 ) ) ;
#7496 = FACE_OUTER_BOUND ( 'NONE', #7260, .T. ) ;
#7497 = ORIENTED_EDGE ( 'NONE', *, *, #8076, .T. ) ;
#7498 = CYLINDRICAL_SURFACE ( 'NONE', #6285, 5.500000000000005329 ) ;
#7499 = EDGE_LOOP ( 'NONE', ( #5726, #8282, #1628, #4021 ) ) ;
#7500 = CARTESIAN_POINT ( 'NONE',  ( 15.00000000000000000, 3.000000000000000000, -66.11200000000000898 ) ) ;
#7501 = DIRECTION ( 'NONE',  ( 0.000000000000000000, 0.000000000000000000, 1.000000000000000000 ) ) ;
#7502 = AXIS2_PLACEMENT_3D ( 'NONE', #91, #2826, #4336 ) ;
#7504 = PLANE ( 'NONE',  #3209 ) ;
#7503 = LOCAL_TIME ( 0, 20, 15.00000000000000000, #6139 ) ;
#7505 = EDGE_LOOP ( 'NONE', ( #4570, #7304, #4779, #8574 ) ) ;
#7506 = CARTESIAN_POINT ( 'NONE',  ( 66.11200000000000898, 0.000000000000000000, -60.61200000000000188 ) ) ;
#7507 = ORIENTED_EDGE ( 'NONE', *, *, #3394, .F. ) ;
#7508 = DIRECTION ( 'NONE',  ( 0.000000000000000000, 0.000000000000000000, 1.000000000000000000 ) ) ;
#7509 = FACE_OUTER_BOUND ( 'NONE', #1503, .T. ) ;
#7510 = ORIENTED_EDGE ( 'NONE', *, *, #158, .T. ) ;
#7511 = DIRECTION ( 'NONE',  ( 0.000000000000000000, -1.000000000000000000, 0.000000000000000000 ) ) ;
#7512 = DIRECTION ( 'NONE',  ( 0.000000000000000000, 0.000000000000000000, 1.000000000000000000 ) ) ;
#7513 = EDGE_CURVE ( 'NONE', #1984, #5385, #334, .T. ) ;
#7514 = CARTESIAN_POINT ( 'NONE',  ( 27.77799999999999869, 3.000000000000000000, -66.11200000000000898 ) ) ;
#7515 = EDGE_LOOP ( 'NONE', ( #614, #5447, #6248, #2773 ) ) ;
#7516 = LINE ( 'NONE', #8150, #4142 ) ;
#7517 = EDGE_CURVE ( 'NONE', #780, #3032, #5331, .T. ) ;
#7518 = AXIS2_PLACEMENT_3D ( 'NONE', #727, #676, #3411 ) ;
#7519 = CARTESIAN_POINT ( 'NONE',  ( 78.89000000000000057, 3.000000000000000000, -124.5019999999999953 ) ) ;
#7520 = DIRECTION ( 'NONE',  ( 0.000000000000000000, 1.000000000000000000, 0.000000000000000000 ) ) ;
#7521 = CARTESIAN_POINT ( 'NONE',  ( 130.0020000000000095, 3.000000000000000000, -15.00000000000000000 ) ) ;
#7522 = CYLINDRICAL_SURFACE ( 'NONE', #4696, 5.499999999999991118 ) ;
#7523 = EDGE_CURVE ( 'NONE', #2602, #7552, #53, .T. ) ;
#7524 = DATE_AND_TIME ( #8817, #4088 ) ;
#7525 = CYLINDRICAL_SURFACE ( 'NONE', #2329, 5.500000000000005329 ) ;
#7526 = ORIENTED_EDGE ( 'NONE', *, *, #40, .T. ) ;
#7527 = LINE ( 'NONE', #6229, #6121 ) ;
#7528 = EDGE_CURVE ( 'NONE', #6795, #3691, #5304, .T. ) ;
#7529 = ADVANCED_FACE ( 'NONE', ( #6636 ), #2713, .F. ) ;
#7530 = CIRCLE ( 'NONE', #6381, 5.500000000000005329 ) ;
#7531 = EDGE_LOOP ( 'NONE', ( #6956, #269, #6272, #1286 ) ) ;
#7532 = ORIENTED_EDGE ( 'NONE', *, *, #3533, .F. ) ;
#7533 = CARTESIAN_POINT ( 'NONE',  ( 91.66800000000000637, 3.000000000000000000, -117.2239999999999895 ) ) ;
#7534 = DIRECTION ( 'NONE',  ( 0.000000000000000000, 1.000000000000000000, 0.000000000000000000 ) ) ;
#7535 = CARTESIAN_POINT ( 'NONE',  ( 15.00000000000000000, 0.000000000000000000, -35.05599999999999739 ) ) ;
#7536 = EDGE_CURVE ( 'NONE', #3748, #4957, #4060, .T. ) ;
#7537 = CYLINDRICAL_SURFACE ( 'NONE', #6632, 5.500000000000005329 ) ;
#7538 = CIRCLE ( 'NONE', #4827, 5.500000000000005329 ) ;
#7539 = ORIENTED_EDGE ( 'NONE', *, *, #6083, .T. ) ;
#7540 = EDGE_LOOP ( 'NONE', ( #6596, #7005, #5306, #2350 ) ) ;
#7541 = DIRECTION ( 'NONE',  ( 0.000000000000000000, -1.000000000000000000, 0.000000000000000000 ) ) ;
#7542 = EDGE_LOOP ( 'NONE', ( #2173, #430 ) ) ;
#7543 = FACE_OUTER_BOUND ( 'NONE', #1559, .T. ) ;
#7544 = ORIENTED_EDGE ( 'NONE', *, *, #2339, .F. ) ;
#7545 = CARTESIAN_POINT ( 'NONE',  ( 40.55599999999999739, 3.000000000000000000, -35.05599999999999739 ) ) ;
#7546 = CYLINDRICAL_SURFACE ( 'NONE', #4455, 5.500000000000005329 ) ;
#7547 = CIRCLE ( 'NONE', #5105, 5.499999999999996447 ) ;
#7548 = FACE_OUTER_BOUND ( 'NONE', #6238, .T. ) ;
#7549 = VERTEX_POINT ( 'NONE', #8209 ) ;
#7550 = AXIS2_PLACEMENT_3D ( 'NONE', #1555, #3577, #3661 ) ;
#7551 = CARTESIAN_POINT ( 'NONE',  ( 40.55599999999999739, 0.000000000000000000, -9.500000000000003553 ) ) ;
#7552 = VERTEX_POINT ( 'NONE', #652 ) ;
#7553 = PLANE ( 'NONE',  #2841 ) ;
#7554 = AXIS2_PLACEMENT_3D ( 'NONE', #2118, #735, #6767 ) ;
#7555 = CARTESIAN_POINT ( 'NONE',  ( 27.77799999999999869, 3.000000000000000000, -117.2239999999999895 ) ) ;
#7556 = EDGE_LOOP ( 'NONE', ( #5464, #1042 ) ) ;
#7557 = LINE ( 'NONE', #6888, #2579 ) ;
#7558 = AXIS2_PLACEMENT_3D ( 'NONE', #6040, #5374, #6665 ) ;
#7560 = AXIS2_PLACEMENT_3D ( 'NONE', #7401, #6780, #8168 ) ;
#7559 = DIRECTION ( 'NONE',  ( 0.000000000000000000, 1.000000000000000000, 0.000000000000000000 ) ) ;
#7561 = FACE_OUTER_BOUND ( 'NONE', #5399, .T. ) ;
#7562 = VERTEX_POINT ( 'NONE', #8830 ) ;
#7563 = CIRCLE ( 'NONE', #5424, 5.500000000000005329 ) ;
#7564 = DIRECTION ( 'NONE',  ( 0.000000000000000000, 0.000000000000000000, 1.000000000000000000 ) ) ;
#7565 = AXIS2_PLACEMENT_3D ( 'NONE', #3766, #5981, #5807 ) ;
#7566 = DIRECTION ( 'NONE',  ( 0.000000000000000000, -1.000000000000000000, 0.000000000000000000 ) ) ;
#7567 = EDGE_CURVE ( 'NONE', #5112, #2814, #21, .T. ) ;
#7568 = CIRCLE ( 'NONE', #6419, 5.499999999999998224 ) ;
#7569 = VECTOR ( 'NONE', #6794, 1000.000000000000000 ) ;
#7570 = FACE_BOUND ( 'NONE', #7761, .T. ) ;
#7571 = CARTESIAN_POINT ( 'NONE',  ( 53.33399999999999608, 3.000000000000000000, -104.4459999999999980 ) ) ;
#7572 = ADVANCED_FACE ( 'NONE', ( #4810 ), #2755, .F. ) ;
#7573 = DIRECTION ( 'NONE',  ( 0.000000000000000000, -1.000000000000000000, 0.000000000000000000 ) ) ;
#7574 = EDGE_LOOP ( 'NONE', ( #7346, #3205, #6289, #4456 ) ) ;
#7575 = CARTESIAN_POINT ( 'NONE',  ( 53.33399999999999608, 3.000000000000000000, -58.83399999999999608 ) ) ;
#7576 = AXIS2_PLACEMENT_3D ( 'NONE', #1818, #7319, #8748 ) ;
#7577 = ORIENTED_EDGE ( 'NONE', *, *, #1361, .F. ) ;
#7578 = EDGE_CURVE ( 'NONE', #2441, #350, #6330, .T. ) ;
#7579 = ORIENTED_EDGE ( 'NONE', *, *, #3810, .T. ) ;
#7580 = DIRECTION ( 'NONE',  ( 0.000000000000000000, 0.000000000000000000, 1.000000000000000000 ) ) ;
#7581 = CARTESIAN_POINT ( 'NONE',  ( 40.55599999999999739, 3.000000000000000000, -33.27799999999999159 ) ) ;
#7582 = LINE ( 'NONE', #1451, #3500 ) ;
#7583 = EDGE_CURVE ( 'NONE', #4299, #2001, #3430, .T. ) ;
#7584 = DIRECTION ( 'NONE',  ( 0.000000000000000000, -1.000000000000000000, 0.000000000000000000 ) ) ;
#7586 = VERTEX_POINT ( 'NONE', #3383 ) ;
#7585 = PRODUCT ( 'JIG-MOT097Z001-0_AP203', 'JIG-MOT097Z001-0_AP203', '', ( #1800 ) ) ;
#7587 = ORIENTED_EDGE ( 'NONE', *, *, #5562, .F. ) ;
#7588 = FACE_OUTER_BOUND ( 'NONE', #6453, .T. ) ;
#7589 = ORIENTED_EDGE ( 'NONE', *, *, #691, .F. ) ;
#7590 = ADVANCED_FACE ( 'NONE', ( #4104 ), #3295, .F. ) ;
#7591 = DIRECTION ( 'NONE',  ( 0.000000000000000000, -0.000000000000000000, 1.000000000000000000 ) ) ;
#7592 = VERTEX_POINT ( 'NONE', #8740 ) ;
#7593 = CARTESIAN_POINT ( 'NONE',  ( 53.33399999999999608, 3.000000000000000000, -97.16800000000000637 ) ) ;
#7594 = DIRECTION ( 'NONE',  ( 0.000000000000000000, 0.000000000000000000, 1.000000000000000000 ) ) ;
#7595 = FACE_OUTER_BOUND ( 'NONE', #3627, .T. ) ;
#7596 = ADVANCED_FACE ( 'NONE', ( #6056, #7393 ), #4718, .F. ) ;
#7597 = CARTESIAN_POINT ( 'NONE',  ( 91.66800000000000637, 0.000000000000000000, -40.55599999999999739 ) ) ;
#7598 = EDGE_LOOP ( 'NONE', ( #8014, #5209 ) ) ;
#7599 = ORIENTED_EDGE ( 'NONE', *, *, #632, .F. ) ;
#7600 = DIRECTION ( 'NONE',  ( 0.000000000000000000, -1.000000000000000000, 0.000000000000000000 ) ) ;
#7601 = EDGE_CURVE ( 'NONE', #5433, #7755, #8115, .T. ) ;
#7602 = CARTESIAN_POINT ( 'NONE',  ( 91.66800000000000637, 3.000000000000000000, -71.61200000000000898 ) ) ;
#7603 = ORIENTED_EDGE ( 'NONE', *, *, #1455, .T. ) ;
#7604 = DIRECTION ( 'NONE',  ( 0.000000000000000000, 0.000000000000000000, 1.000000000000000000 ) ) ;
#7605 = AXIS2_PLACEMENT_3D ( 'NONE', #4367, #6456, #7008 ) ;
#7606 = DIRECTION ( 'NONE',  ( 0.000000000000000000, 0.000000000000000000, 1.000000000000000000 ) ) ;
#7607 = DIRECTION ( 'NONE',  ( 0.000000000000000000, 0.000000000000000000, 1.000000000000000000 ) ) ;
#7608 = VERTEX_POINT ( 'NONE', #4762 ) ;
#7609 = CARTESIAN_POINT ( 'NONE',  ( 78.89000000000000057, 3.000000000000000000, -35.05599999999999028 ) ) ;
#7610 = CARTESIAN_POINT ( 'NONE',  ( 78.89000000000000057, 3.000000000000000000, -27.77799999999999869 ) ) ;
#7611 = VECTOR ( 'NONE', #3370, 1000.000000000000000 ) ;
#7612 = FACE_BOUND ( 'NONE', #5311, .T. ) ;
#7613 = DIRECTION ( 'NONE',  ( 0.000000000000000000, 1.000000000000000000, 0.000000000000000000 ) ) ;
#7614 = DIRECTION ( 'NONE',  ( 0.000000000000000000, 1.000000000000000000, 0.000000000000000000 ) ) ;
#7615 = ORIENTED_EDGE ( 'NONE', *, *, #2048, .F. ) ;
#7616 = CARTESIAN_POINT ( 'NONE',  ( 27.77799999999999869, 3.000000000000000000, -109.9459999999999837 ) ) ;
#7617 = AXIS2_PLACEMENT_3D ( 'NONE', #776, #685, #6182 ) ;
#7618 = CIRCLE ( 'NONE', #5191, 5.499999999999991118 ) ;
#7619 = LINE ( 'NONE', #1491, #1092 ) ;
#7620 = CARTESIAN_POINT ( 'NONE',  ( 5.000000000000000000, 10.00000000000000000, -140.0000000000000000 ) ) ;
#7621 = AXIS2_PLACEMENT_3D ( 'NONE', #6352, #6310, #4436 ) ;
#7622 = CARTESIAN_POINT ( 'NONE',  ( 40.55599999999999739, 3.000000000000000000, -46.05599999999999028 ) ) ;
#7623 = DIRECTION ( 'NONE',  ( 0.000000000000000000, -1.000000000000000000, 0.000000000000000000 ) ) ;
#7624 = AXIS2_PLACEMENT_3D ( 'NONE', #1623, #3018, #5738 ) ;
#7625 = ORIENTED_EDGE ( 'NONE', *, *, #86, .T. ) ;
#7626 = EDGE_CURVE ( 'NONE', #6824, #6281, #1193, .T. ) ;
#7627 = ORIENTED_EDGE ( 'NONE', *, *, #8599, .T. ) ;
#7628 = FACE_OUTER_BOUND ( 'NONE', #5300, .T. ) ;
#7629 = VECTOR ( 'NONE', #7373, 1000.000000000000000 ) ;
#7630 = ORIENTED_EDGE ( 'NONE', *, *, #3606, .T. ) ;
#7631 = EDGE_CURVE ( 'NONE', #2260, #3743, #870, .T. ) ;
#7632 = VECTOR ( 'NONE', #2072, 1000.000000000000000 ) ;
#7633 = ORIENTED_EDGE ( 'NONE', *, *, #7355, .T. ) ;
#7634 = DIRECTION ( 'NONE',  ( 0.000000000000000000, 1.000000000000000000, 0.000000000000000000 ) ) ;
#7635 = CARTESIAN_POINT ( 'NONE',  ( 130.0020000000000095, 3.000000000000000000, -58.83400000000001739 ) ) ;
#7636 = DIRECTION ( 'NONE',  ( 0.000000000000000000, 0.000000000000000000, 1.000000000000000000 ) ) ;
#7637 = DIRECTION ( 'NONE',  ( -1.000000000000000000, -0.000000000000000000, -0.000000000000000000 ) ) ;
#7638 = ORIENTED_EDGE ( 'NONE', *, *, #4351, .T. ) ;
#7639 = ADVANCED_FACE ( 'NONE', ( #7664 ), #740, .F. ) ;
#7640 = AXIS2_PLACEMENT_3D ( 'NONE', #4426, #1527, #5471 ) ;
#7641 = EDGE_LOOP ( 'NONE', ( #297, #3529, #8600, #6117 ) ) ;
#7642 = DIRECTION ( 'NONE',  ( 0.000000000000000000, 0.000000000000000000, 1.000000000000000000 ) ) ;
#7643 = EDGE_CURVE ( 'NONE', #1714, #3488, #1409, .T. ) ;
#7644 = FACE_OUTER_BOUND ( 'NONE', #1149, .T. ) ;
#7645 = AXIS2_PLACEMENT_3D ( 'NONE', #7777, #1647, #975 ) ;
#7646 = VERTEX_POINT ( 'NONE', #1494 ) ;
#7647 = CARTESIAN_POINT ( 'NONE',  ( 91.66800000000000637, 3.000000000000000000, -33.27799999999999869 ) ) ;
#7648 = VECTOR ( 'NONE', #8647, 1000.000000000000000 ) ;
#7649 = DIRECTION ( 'NONE',  ( 0.000000000000000000, 0.000000000000000000, 1.000000000000000000 ) ) ;
#7650 = EDGE_CURVE ( 'NONE', #2314, #5591, #196, .T. ) ;
#7651 = CARTESIAN_POINT ( 'NONE',  ( 27.77799999999999869, 0.000000000000000000, -130.0020000000000095 ) ) ;
#7652 = ORIENTED_EDGE ( 'NONE', *, *, #7745, .T. ) ;
#7653 = FACE_OUTER_BOUND ( 'NONE', #5941, .T. ) ;
#7654 = AXIS2_PLACEMENT_3D ( 'NONE', #5614, #235, #2803 ) ;
#7655 = DIRECTION ( 'NONE',  ( 0.000000000000000000, 1.000000000000000000, 0.000000000000000000 ) ) ;
#7656 = CARTESIAN_POINT ( 'NONE',  ( 66.11200000000000898, 3.000000000000000000, -109.9459999999999980 ) ) ;
#7657 = CARTESIAN_POINT ( 'NONE',  ( 53.33399999999999608, 3.000000000000000000, -27.77799999999999869 ) ) ;
#7658 = DIRECTION ( 'NONE',  ( 0.000000000000000000, -1.000000000000000000, 0.000000000000000000 ) ) ;
#7659 = ORIENTED_EDGE ( 'NONE', *, *, #8058, .F. ) ;
#7660 = DIRECTION ( 'NONE',  ( 0.000000000000000000, 1.000000000000000000, 0.000000000000000000 ) ) ;
#7661 = VECTOR ( 'NONE', #3293, 1000.000000000000000 ) ;
#7662 = CYLINDRICAL_SURFACE ( 'NONE', #6237, 2.250000000000009770 ) ;
#7663 = CARTESIAN_POINT ( 'NONE',  ( 27.77799999999999869, 3.000000000000000000, -73.39000000000001478 ) ) ;
#7664 = FACE_OUTER_BOUND ( 'NONE', #6753, .T. ) ;
#7665 = DIRECTION ( 'NONE',  ( 0.000000000000000000, 1.000000000000000000, 0.000000000000000000 ) ) ;
#7666 = VERTEX_POINT ( 'NONE', #2302 ) ;
#7667 = VERTEX_POINT ( 'NONE', #7535 ) ;
#7668 = AXIS2_PLACEMENT_3D ( 'NONE', #4525, #5106, #3729 ) ;
#7669 = ORIENTED_EDGE ( 'NONE', *, *, #6525, .F. ) ;
#7670 = DIRECTION ( 'NONE',  ( 0.000000000000000000, 0.000000000000000000, -1.000000000000000000 ) ) ;
#7671 = ORIENTED_EDGE ( 'NONE', *, *, #6262, .T. ) ;
#7672 = EDGE_LOOP ( 'NONE', ( #2964, #2933, #3562, #6365 ) ) ;
#7673 = CYLINDRICAL_SURFACE ( 'NONE', #373, 2.250000000000001776 ) ;
#7674 = EDGE_CURVE ( 'NONE', #1948, #3863, #4150, .T. ) ;
#7675 = DIRECTION ( 'NONE',  ( 0.000000000000000000, 0.000000000000000000, 1.000000000000000000 ) ) ;
#7676 = AXIS2_PLACEMENT_3D ( 'NONE', #3713, #7818, #7148 ) ;
#7677 = CARTESIAN_POINT ( 'NONE',  ( 66.11200000000000898, 3.000000000000000000, -71.61200000000000898 ) ) ;
#7678 = LINE ( 'NONE', #1550, #2642 ) ;
#7679 = VERTEX_POINT ( 'NONE', #3642 ) ;
#7680 = ADVANCED_FACE ( 'NONE', ( #5575 ), #6190, .F. ) ;
#7681 = ORIENTED_EDGE ( 'NONE', *, *, #8019, .T. ) ;
#7682 = DIRECTION ( 'NONE',  ( 0.000000000000000000, 0.000000000000000000, -1.000000000000000000 ) ) ;
#7683 = CIRCLE ( 'NONE', #8530, 5.499999999999998224 ) ;
#7684 = LINE ( 'NONE', #7014, #4861 ) ;
#7685 = ORIENTED_EDGE ( 'NONE', *, *, #6057, .T. ) ;
#7686 = AXIS2_PLACEMENT_3D ( 'NONE', #5913, #8778, #598 ) ;
#7687 = DIRECTION ( 'NONE',  ( 0.000000000000000000, 1.000000000000000000, 0.000000000000000000 ) ) ;
#7688 = ADVANCED_FACE ( 'NONE', ( #2802 ), #5527, .F. ) ;
#7689 = PLANE ( 'NONE',  #6102 ) ;
#7690 = CIRCLE ( 'NONE', #7116, 2.250000000000000000 ) ;
#7691 = ADVANCED_FACE ( 'NONE', ( #3518 ), #2970, .F. ) ;
#7692 = DIRECTION ( 'NONE',  ( 0.000000000000000000, -1.000000000000000000, 0.000000000000000000 ) ) ;
#7693 = AXIS2_PLACEMENT_3D ( 'NONE', #1706, #4268, #3770 ) ;
#7694 = ORIENTED_EDGE ( 'NONE', *, *, #3994, .F. ) ;
#7695 = DIRECTION ( 'NONE',  ( 0.000000000000000000, 1.000000000000000000, 0.000000000000000000 ) ) ;
#7696 = AXIS2_PLACEMENT_3D ( 'NONE', #7863, #4547, #3841 ) ;
#7697 = AXIS2_PLACEMENT_3D ( 'NONE', #2745, #8199, #8772 ) ;
#7698 = DIRECTION ( 'NONE',  ( 0.000000000000000000, -0.000000000000000000, 1.000000000000000000 ) ) ;
#7699 = EDGE_CURVE ( 'NONE', #6119, #8782, #4770, .T. ) ;
#7700 = AXIS2_PLACEMENT_3D ( 'NONE', #6528, #1256, #7291 ) ;
#7701 = DIRECTION ( 'NONE',  ( 0.000000000000000000, 1.000000000000000000, 0.000000000000000000 ) ) ;
#7702 = EDGE_CURVE ( 'NONE', #4595, #4580, #2635, .T. ) ;
#7703 = EDGE_CURVE ( 'NONE', #3458, #7946, #7582, .T. ) ;
#7704 = AXIS2_PLACEMENT_3D ( 'NONE', #4385, #7701, #313 ) ;
#7705 = DIRECTION ( 'NONE',  ( 0.000000000000000000, 0.000000000000000000, 1.000000000000000000 ) ) ;
#7706 = ORIENTED_EDGE ( 'NONE', *, *, #1078, .F. ) ;
#7707 = DIRECTION ( 'NONE',  ( 0.000000000000000000, 0.000000000000000000, -1.000000000000000000 ) ) ;
#7708 = CIRCLE ( 'NONE', #3718, 5.500000000000005329 ) ;
#7709 = AXIS2_PLACEMENT_3D ( 'NONE', #3851, #4648, #7916 ) ;
#7710 = CARTESIAN_POINT ( 'NONE',  ( 53.33399999999999608, 3.000000000000000000, -98.94600000000001216 ) ) ;
#7711 = CARTESIAN_POINT ( 'NONE',  ( 117.2239999999999895, 0.000000000000000000, -117.2239999999999895 ) ) ;
#7712 = DIRECTION ( 'NONE',  ( 0.000000000000000000, 1.000000000000000000, 0.000000000000000000 ) ) ;
#7713 = DIRECTION ( 'NONE',  ( 0.000000000000000000, 1.000000000000000000, 0.000000000000000000 ) ) ;
#7714 = ORIENTED_EDGE ( 'NONE', *, *, #4868, .T. ) ;
#7715 = EDGE_LOOP ( 'NONE', ( #1794, #6123, #3425, #8276 ) ) ;
#7716 = VECTOR ( 'NONE', #6300, 1000.000000000000000 ) ;
#7717 = CARTESIAN_POINT ( 'NONE',  ( 91.66800000000000637, 3.000000000000000000, -22.27799999999999159 ) ) ;
#7718 = EDGE_LOOP ( 'NONE', ( #8180, #1539, #8079, #8758 ) ) ;
#7719 = EDGE_LOOP ( 'NONE', ( #2296, #3320 ) ) ;
#7720 = ORIENTED_EDGE ( 'NONE', *, *, #2954, .F. ) ;
#7721 = CARTESIAN_POINT ( 'NONE',  ( 27.77799999999999869, 3.000000000000000000, -130.0020000000000095 ) ) ;
#7722 = AXIS2_PLACEMENT_3D ( 'NONE', #2309, #3738, #6415 ) ;
#7723 = CARTESIAN_POINT ( 'NONE',  ( 27.77799999999999869, 3.000000000000000000, -22.27799999999999869 ) ) ;
#7724 = DIRECTION ( 'NONE',  ( 0.000000000000000000, -1.000000000000000000, 0.000000000000000000 ) ) ;
#7725 = CARTESIAN_POINT ( 'NONE',  ( 117.2239999999999895, 3.000000000000000000, -58.83400000000000318 ) ) ;
#7726 = VERTEX_POINT ( 'NONE', #783 ) ;
#7727 = EDGE_LOOP ( 'NONE', ( #4498, #287 ) ) ;
#7728 = DIRECTION ( 'NONE',  ( 0.000000000000000000, -1.000000000000000000, 0.000000000000000000 ) ) ;
#7729 = DIRECTION ( 'NONE',  ( 0.000000000000000000, -0.000000000000000000, 1.000000000000000000 ) ) ;
#7730 = ORIENTED_EDGE ( 'NONE', *, *, #3752, .F. ) ;
#7731 = CYLINDRICAL_SURFACE ( 'NONE', #1435, 5.499999999999998224 ) ;
#7732 = ADVANCED_FACE ( 'NONE', ( #6234 ), #6279, .F. ) ;
#7733 = DIRECTION ( 'NONE',  ( 0.000000000000000000, 1.000000000000000000, 0.000000000000000000 ) ) ;
#7734 = FACE_OUTER_BOUND ( 'NONE', #5441, .T. ) ;
#7735 = ORIENTED_EDGE ( 'NONE', *, *, #8719, .F. ) ;
#7736 = EDGE_CURVE ( 'NONE', #5800, #8825, #3772, .T. ) ;
#7737 = CARTESIAN_POINT ( 'NONE',  ( 104.4459999999999980, 3.000000000000000000, -53.33399999999999608 ) ) ;
#7738 = VERTEX_POINT ( 'NONE', #6318 ) ;
#7739 = DIRECTION ( 'NONE',  ( 0.000000000000000000, -1.000000000000000000, 0.000000000000000000 ) ) ;
#7740 = ADVANCED_FACE ( 'NONE', ( #2889 ), #8337, .F. ) ;
#7741 = LINE ( 'NONE', #2881, #8699 ) ;
#7742 = AXIS2_PLACEMENT_3D ( 'NONE', #8174, #794, #4072 ) ;
#7743 = DIRECTION ( 'NONE',  ( 0.000000000000000000, -1.000000000000000000, 0.000000000000000000 ) ) ;
#7744 = ORIENTED_EDGE ( 'NONE', *, *, #3805, .T. ) ;
#7745 = EDGE_CURVE ( 'NONE', #3378, #7354, #2629, .T. ) ;
#7746 = CARTESIAN_POINT ( 'NONE',  ( 53.33399999999999608, 0.000000000000000000, -91.66800000000000637 ) ) ;
#7747 = DIRECTION ( 'NONE',  ( 0.000000000000000000, 1.000000000000000000, 0.000000000000000000 ) ) ;
#7748 = EDGE_CURVE ( 'NONE', #2718, #8127, #4915, .T. ) ;
#7749 = CIRCLE ( 'NONE', #4463, 5.500000000000005329 ) ;
#7750 = FACE_OUTER_BOUND ( 'NONE', #1857, .T. ) ;
#7751 = CARTESIAN_POINT ( 'NONE',  ( 104.4459999999999980, 0.000000000000000000, -130.0020000000000095 ) ) ;
#7752 = FACE_OUTER_BOUND ( 'NONE', #2436, .T. ) ;
#7753 = DIRECTION ( 'NONE',  ( 0.000000000000000000, 0.000000000000000000, 1.000000000000000000 ) ) ;
#7754 = CIRCLE ( 'NONE', #3905, 5.500000000000003553 ) ;
#7755 = VERTEX_POINT ( 'NONE', #5154 ) ;
#7756 = ORIENTED_EDGE ( 'NONE', *, *, #2347, .T. ) ;
#7757 = ADVANCED_FACE ( 'NONE', ( #8637 ), #7164, .F. ) ;
#7758 = CARTESIAN_POINT ( 'NONE',  ( 53.33399999999999608, 3.000000000000000000, -15.00000000000000000 ) ) ;
#7759 = CIRCLE ( 'NONE', #6902, 5.500000000000005329 ) ;
#7760 = ORIENTED_EDGE ( 'NONE', *, *, #2505, .F. ) ;
#7761 = EDGE_LOOP ( 'NONE', ( #8632, #1921 ) ) ;
#7762 = VECTOR ( 'NONE', #8672, 1000.000000000000000 ) ;
#7763 = ORIENTED_EDGE ( 'NONE', *, *, #5810, .T. ) ;
#7764 = FACE_OUTER_BOUND ( 'NONE', #2275, .T. ) ;
#7765 = AXIS2_PLACEMENT_3D ( 'NONE', #2487, #1090, #1809 ) ;
#7766 = CARTESIAN_POINT ( 'NONE',  ( 91.66800000000000637, 0.000000000000000000, -84.39000000000000057 ) ) ;
#7767 = CARTESIAN_POINT ( 'NONE',  ( 40.55599999999999739, 3.000000000000000000, -66.11200000000000898 ) ) ;
#7768 = CARTESIAN_POINT ( 'NONE',  ( 15.00000000000000000, 3.000000000000000000, -9.500000000000003553 ) ) ;
#7769 = ORIENTED_EDGE ( 'NONE', *, *, #2488, .F. ) ;
#7770 = ORIENTED_EDGE ( 'NONE', *, *, #7631, .F. ) ;
#7771 = CARTESIAN_POINT ( 'NONE',  ( 53.33399999999999608, 0.000000000000000000, -78.89000000000000057 ) ) ;
#7772 = DIRECTION ( 'NONE',  ( 0.000000000000000000, -1.000000000000000000, 0.000000000000000000 ) ) ;
#7773 = ORIENTED_EDGE ( 'NONE', *, *, #5019, .F. ) ;
#7774 = CARTESIAN_POINT ( 'NONE',  ( 40.55599999999999739, 3.000000000000000000, -53.33399999999999608 ) ) ;
#7775 = CARTESIAN_POINT ( 'NONE',  ( 40.55599999999999739, 3.000000000000000000, -53.33399999999999608 ) ) ;
#7776 = CIRCLE ( 'NONE', #7200, 4.000000000000003553 ) ;
#7777 = CARTESIAN_POINT ( 'NONE',  ( 5.000000000000000000, 4.000000000000000000, -5.000000000000000000 ) ) ;
#7778 = VERTEX_POINT ( 'NONE', #1712 ) ;
#7779 = DIRECTION ( 'NONE',  ( 0.000000000000000000, 0.000000000000000000, 1.000000000000000000 ) ) ;
#7780 = CIRCLE ( 'NONE', #5214, 5.500000000000018652 ) ;
#7781 = CIRCLE ( 'NONE', #1059, 5.500000000000005329 ) ;
#7782 = VERTEX_POINT ( 'NONE', #1753 ) ;
#7783 = PLANE ( 'NONE',  #3004 ) ;
#7784 = EDGE_CURVE ( 'NONE', #6368, #7223, #4483, .T. ) ;
#7785 = DIRECTION ( 'NONE',  ( 0.000000000000000000, -1.000000000000000000, 0.000000000000000000 ) ) ;
#7786 = CC_DESIGN_APPROVAL ( #7793, ( #2115 ) ) ;
#7787 = DIRECTION ( 'NONE',  ( 0.000000000000000000, 0.000000000000000000, 1.000000000000000000 ) ) ;
#7788 = EDGE_LOOP ( 'NONE', ( #909, #4247 ) ) ;
#7789 = EDGE_CURVE ( 'NONE', #533, #6326, #5055, .T. ) ;
#7790 = DIRECTION ( 'NONE',  ( 0.000000000000000000, 0.000000000000000000, -1.000000000000000000 ) ) ;
#7791 = DIRECTION ( 'NONE',  ( 0.000000000000000000, 0.000000000000000000, -1.000000000000000000 ) ) ;
#7792 = CARTESIAN_POINT ( 'NONE',  ( 40.55599999999999739, 3.000000000000000000, -20.49999999999999645 ) ) ;
#7793 = APPROVAL ( #4529, 'UNSPECIFIED' ) ;
#7794 = CARTESIAN_POINT ( 'NONE',  ( 15.00000000000000000, 3.000000000000000000, -84.38999999999998636 ) ) ;
#7795 = DIRECTION ( 'NONE',  ( 0.000000000000000000, 0.000000000000000000, 1.000000000000000000 ) ) ;
#7796 = EDGE_LOOP ( 'NONE', ( #2022, #3449, #3997, #3065 ) ) ;
#7797 = EDGE_LOOP ( 'NONE', ( #6931, #6449 ) ) ;
#7798 = EDGE_CURVE ( 'NONE', #8111, #3551, #1034, .T. ) ;
#7799 = CYLINDRICAL_SURFACE ( 'NONE', #4834, 5.500000000000005329 ) ;
#7800 = AXIS2_PLACEMENT_3D ( 'NONE', #2442, #3470, #7580 ) ;
#7801 = VERTEX_POINT ( 'NONE', #324 ) ;
#7802 = ORIENTED_EDGE ( 'NONE', *, *, #5010, .T. ) ;
#7803 = FACE_OUTER_BOUND ( 'NONE', #81, .T. ) ;
#7804 = ADVANCED_FACE ( 'NONE', ( #4396 ), #3778, .F. ) ;
#7805 = CYLINDRICAL_SURFACE ( 'NONE', #4746, 2.250000000000009770 ) ;
#7806 = CARTESIAN_POINT ( 'NONE',  ( 53.33399999999999608, 3.000000000000000000, -109.9459999999999837 ) ) ;
#7807 = CARTESIAN_POINT ( 'NONE',  ( 130.0020000000000095, 3.000000000000000000, -27.77799999999999869 ) ) ;
#7808 = AXIS2_PLACEMENT_3D ( 'NONE', #5596, #3406, #6126 ) ;
#7809 = VERTEX_POINT ( 'NONE', #3062 ) ;
#7810 = EDGE_CURVE ( 'NONE', #8404, #2219, #7485, .T. ) ;
#7811 = ORIENTED_EDGE ( 'NONE', *, *, #4613, .T. ) ;
#7812 = DIRECTION ( 'NONE',  ( 0.000000000000000000, 0.000000000000000000, -1.000000000000000000 ) ) ;
#7813 = ORIENTED_EDGE ( 'NONE', *, *, #4044, .T. ) ;
#7814 = CYLINDRICAL_SURFACE ( 'NONE', #7857, 5.500000000000005329 ) ;
#7815 = AXIS2_PLACEMENT_3D ( 'NONE', #5676, #8400, #2279 ) ;
#7816 = ORIENTED_EDGE ( 'NONE', *, *, #4098, .F. ) ;
#7817 = FACE_OUTER_BOUND ( 'NONE', #1863, .T. ) ;
#7818 = DIRECTION ( 'NONE',  ( 0.000000000000000000, 1.000000000000000000, 0.000000000000000000 ) ) ;
#7819 = DIRECTION ( 'NONE',  ( 1.000000000000000000, 0.000000000000000000, 0.000000000000000000 ) ) ;
#7820 = CIRCLE ( 'NONE', #111, 5.499999999999991118 ) ;
#7821 = CARTESIAN_POINT ( 'NONE',  ( 27.77799999999999869, 3.000000000000000000, -104.4459999999999980 ) ) ;
#7822 = ORIENTED_EDGE ( 'NONE', *, *, #3825, .T. ) ;
#7823 = DIRECTION ( 'NONE',  ( 0.000000000000000000, 1.000000000000000000, 0.000000000000000000 ) ) ;
#7824 = VERTEX_POINT ( 'NONE', #1080 ) ;
#7825 = CARTESIAN_POINT ( 'NONE',  ( 66.11200000000000898, 3.000000000000000000, -53.33399999999999608 ) ) ;
#7826 = VECTOR ( 'NONE', #7728, 1000.000000000000000 ) ;
#7827 = CIRCLE ( 'NONE', #5825, 5.500000000000005329 ) ;
#7828 = FACE_OUTER_BOUND ( 'NONE', #3480, .T. ) ;
#7829 = CARTESIAN_POINT ( 'NONE',  ( 53.33399999999999608, 3.000000000000000000, -91.66800000000000637 ) ) ;
#7830 = ORIENTED_EDGE ( 'NONE', *, *, #2564, .T. ) ;
#7831 = CARTESIAN_POINT ( 'NONE',  ( 78.89000000000000057, 3.000000000000000000, -35.05599999999999028 ) ) ;
#7832 = CIRCLE ( 'NONE', #5828, 5.500000000000005329 ) ;
#7833 = EDGE_CURVE ( 'NONE', #4356, #7782, #6405, .T. ) ;
#7834 = AXIS2_PLACEMENT_3D ( 'NONE', #6175, #1389, #7429 ) ;
#7835 = CARTESIAN_POINT ( 'NONE',  ( 91.66800000000000637, 3.000000000000000000, -66.11200000000000898 ) ) ;
#7836 = DIRECTION ( 'NONE',  ( 0.000000000000000000, -1.000000000000000000, 0.000000000000000000 ) ) ;
#7837 = EDGE_CURVE ( 'NONE', #1378, #7924, #1626, .T. ) ;
#7838 = CIRCLE ( 'NONE', #5127, 5.499999999999991118 ) ;
#7839 = FACE_OUTER_BOUND ( 'NONE', #8754, .T. ) ;
#7840 = AXIS2_PLACEMENT_3D ( 'NONE', #5517, #8241, #7024 ) ;
#7841 = DIRECTION ( 'NONE',  ( 0.000000000000000000, 0.000000000000000000, 1.000000000000000000 ) ) ;
#7842 =( LENGTH_UNIT ( ) NAMED_UNIT ( * ) SI_UNIT ( .MILLI., .METRE. ) );
#7843 = ORIENTED_EDGE ( 'NONE', *, *, #8362, .T. ) ;
#7844 = EDGE_LOOP ( 'NONE', ( #1666, #237, #5037, #2212 ) ) ;
#7845 = CARTESIAN_POINT ( 'NONE',  ( 104.4459999999999980, 0.000000000000000000, -15.00000000000000000 ) ) ;
#7846 = ADVANCED_FACE ( 'NONE', ( #8504 ), #2385, .F. ) ;
#7847 = CIRCLE ( 'NONE', #5571, 5.500000000000005329 ) ;
#7848 = VECTOR ( 'NONE', #1242, 1000.000000000000000 ) ;
#7849 = EDGE_LOOP ( 'NONE', ( #6479, #2150 ) ) ;
#7850 = ORIENTED_EDGE ( 'NONE', *, *, #136, .T. ) ;
#7851 = FACE_OUTER_BOUND ( 'NONE', #7797, .T. ) ;
#7852 = EDGE_CURVE ( 'NONE', #3863, #8833, #1199, .T. ) ;
#7853 = PLANE ( 'NONE',  #4604 ) ;
#7854 = DIRECTION ( 'NONE',  ( 0.000000000000000000, 0.000000000000000000, 1.000000000000000000 ) ) ;
#7855 = CIRCLE ( 'NONE', #8706, 5.500000000000005329 ) ;
#7856 = LINE ( 'NONE', #1047, #3937 ) ;
#7857 = AXIS2_PLACEMENT_3D ( 'NONE', #5754, #1515, #2316 ) ;
#7858 = EDGE_LOOP ( 'NONE', ( #6618, #3364 ) ) ;
#7859 = VERTEX_POINT ( 'NONE', #412 ) ;
#7860 = EDGE_CURVE ( 'NONE', #6841, #4437, #5023, .T. ) ;
#7861 = PLANE ( 'NONE',  #6539 ) ;
#7862 = VERTEX_POINT ( 'NONE', #3148 ) ;
#7863 = CARTESIAN_POINT ( 'NONE',  ( 53.33399999999999608, 3.000000000000000000, -53.33399999999999608 ) ) ;
#7864 = VECTOR ( 'NONE', #8842, 1000.000000000000000 ) ;
#7865 = EDGE_LOOP ( 'NONE', ( #5207, #5911, #3287, #4823 ) ) ;
#7866 = CARTESIAN_POINT ( 'NONE',  ( 53.33399999999999608, 0.000000000000000000, -66.11200000000000898 ) ) ;
#7867 = ADVANCED_FACE ( 'NONE', ( #5864 ), #5201, .F. ) ;
#7868 = PLANE ( 'NONE',  #2538 ) ;
#7869 = FACE_BOUND ( 'NONE', #3214, .T. ) ;
#7870 = DIRECTION ( 'NONE',  ( 0.000000000000000000, -1.000000000000000000, 0.000000000000000000 ) ) ;
#7871 = ORIENTED_EDGE ( 'NONE', *, *, #2733, .F. ) ;
#7872 = ADVANCED_FACE ( 'NONE', ( #7752 ), #3102, .F. ) ;
#7873 = DIRECTION ( 'NONE',  ( 0.000000000000000000, 0.000000000000000000, 1.000000000000000000 ) ) ;
#7874 = ORIENTED_EDGE ( 'NONE', *, *, #2431, .F. ) ;
#7875 = DIRECTION ( 'NONE',  ( 0.000000000000000000, 0.000000000000000000, 1.000000000000000000 ) ) ;
#7876 = DIRECTION ( 'NONE',  ( 0.000000000000000000, 0.000000000000000000, 1.000000000000000000 ) ) ;
#7877 = ORIENTED_EDGE ( 'NONE', *, *, #8356, .F. ) ;
#7878 = CARTESIAN_POINT ( 'NONE',  ( 15.00000000000000000, 3.000000000000000000, -20.49999999999999645 ) ) ;
#7879 = DIRECTION ( 'NONE',  ( 0.000000000000000000, 1.000000000000000000, 0.000000000000000000 ) ) ;
#7880 = DIRECTION ( 'NONE',  ( 0.000000000000000000, 0.000000000000000000, 1.000000000000000000 ) ) ;
#7881 = AXIS2_PLACEMENT_3D ( 'NONE', #5164, #3788, #509 ) ;
#7882 = DIRECTION ( 'NONE',  ( 0.000000000000000000, 1.000000000000000000, 0.000000000000000000 ) ) ;
#7883 = CARTESIAN_POINT ( 'NONE',  ( 27.77799999999999869, 3.000000000000000000, -130.0020000000000095 ) ) ;
#7884 = FACE_OUTER_BOUND ( 'NONE', #5341, .T. ) ;
#7885 = ORIENTED_EDGE ( 'NONE', *, *, #1301, .T. ) ;
#7886 = EDGE_LOOP ( 'NONE', ( #8487, #1324, #6881, #7905 ) ) ;
#7887 = CARTESIAN_POINT ( 'NONE',  ( 130.0020000000000095, 3.000000000000000000, -117.2239999999999895 ) ) ;
#7888 = AXIS2_PLACEMENT_3D ( 'NONE', #233, #5693, #8419 ) ;
#7889 = ORIENTED_EDGE ( 'NONE', *, *, #7919, .F. ) ;
#7890 = ORIENTED_EDGE ( 'NONE', *, *, #8297, .F. ) ;
#7891 = DIRECTION ( 'NONE',  ( 0.000000000000000000, 0.000000000000000000, 1.000000000000000000 ) ) ;
#7892 = DIRECTION ( 'NONE',  ( 0.000000000000000000, -1.000000000000000000, 0.000000000000000000 ) ) ;
#7893 = DIRECTION ( 'NONE',  ( 0.000000000000000000, 1.000000000000000000, 0.000000000000000000 ) ) ;
#7894 = EDGE_CURVE ( 'NONE', #1468, #3530, #2344, .T. ) ;
#7895 = CARTESIAN_POINT ( 'NONE',  ( 78.89000000000000057, 0.000000000000000000, -27.77799999999999869 ) ) ;
#7896 = VECTOR ( 'NONE', #7974, 1000.000000000000000 ) ;
#7897 = ORIENTED_EDGE ( 'NONE', *, *, #6804, .T. ) ;
#7898 = ORIENTED_EDGE ( 'NONE', *, *, #4212, .F. ) ;
#7899 = EDGE_CURVE ( 'NONE', #8579, #1650, #779, .T. ) ;
#7900 = DIRECTION ( 'NONE',  ( 0.000000000000000000, 0.000000000000000000, 1.000000000000000000 ) ) ;
#7901 = AXIS2_PLACEMENT_3D ( 'NONE', #1575, #8497, #819 ) ;
#7902 = ORIENTED_EDGE ( 'NONE', *, *, #5933, .T. ) ;
#7903 = CARTESIAN_POINT ( 'NONE',  ( 53.33399999999999608, 3.000000000000000000, -53.33399999999999608 ) ) ;
#7904 = AXIS2_PLACEMENT_3D ( 'NONE', #3160, #3072, #7938 ) ;
#7905 = ORIENTED_EDGE ( 'NONE', *, *, #2936, .F. ) ;
#7906 = DIRECTION ( 'NONE',  ( 0.000000000000000000, -1.000000000000000000, 0.000000000000000000 ) ) ;
#7907 = CARTESIAN_POINT ( 'NONE',  ( 117.2239999999999895, 3.000000000000000000, -60.61200000000000188 ) ) ;
#7908 = EDGE_CURVE ( 'NONE', #6725, #8081, #1919, .T. ) ;
#7909 = FACE_BOUND ( 'NONE', #7326, .T. ) ;
#7910 = AXIS2_PLACEMENT_3D ( 'NONE', #1027, #1791, #1833 ) ;
#7911 = VECTOR ( 'NONE', #2698, 1000.000000000000000 ) ;
#7912 = CARTESIAN_POINT ( 'NONE',  ( 130.0020000000000095, 3.000000000000000000, -122.7240000000000180 ) ) ;
#7913 = ORIENTED_EDGE ( 'NONE', *, *, #4667, .F. ) ;
#7914 = EDGE_CURVE ( 'NONE', #8360, #3030, #1308, .T. ) ;
#7915 = CARTESIAN_POINT ( 'NONE',  ( 27.77799999999999869, 0.000000000000000000, -104.4459999999999980 ) ) ;
#7916 = DIRECTION ( 'NONE',  ( 0.000000000000000000, 0.000000000000000000, 1.000000000000000000 ) ) ;
#7917 = ORIENTED_EDGE ( 'NONE', *, *, #8234, .T. ) ;
#7918 = CYLINDRICAL_SURFACE ( 'NONE', #8283, 5.500000000000005329 ) ;
#7919 = EDGE_CURVE ( 'NONE', #746, #8721, #4069, .T. ) ;
#7920 = CARTESIAN_POINT ( 'NONE',  ( 27.77799999999999869, 0.000000000000000000, -27.77799999999999869 ) ) ;
#7921 = VERTEX_POINT ( 'NONE', #6668 ) ;
#7922 = CARTESIAN_POINT ( 'NONE',  ( 5.000000000000000888, 0.000000000000000000, -0.9999999999999983347 ) ) ;
#7923 = AXIS2_PLACEMENT_3D ( 'NONE', #2211, #4355, #1452 ) ;
#7924 = VERTEX_POINT ( 'NONE', #7975 ) ;
#7925 = CARTESIAN_POINT ( 'NONE',  ( 66.11200000000000898, 3.000000000000000000, -124.5019999999999953 ) ) ;
#7926 = VECTOR ( 'NONE', #263, 1000.000000000000000 ) ;
#7927 = CARTESIAN_POINT ( 'NONE',  ( 117.2239999999999895, 3.000000000000000000, -117.2239999999999895 ) ) ;
#7928 = CARTESIAN_POINT ( 'NONE',  ( 145.0000000000000000, 10.00000000000000000, 0.000000000000000000 ) ) ;
#7929 = DIRECTION ( 'NONE',  ( 0.000000000000000000, 1.000000000000000000, 0.000000000000000000 ) ) ;
#7930 = DIRECTION ( 'NONE',  ( 0.000000000000000000, -0.000000000000000000, 1.000000000000000000 ) ) ;
#7931 = VERTEX_POINT ( 'NONE', #5427 ) ;
#7932 = VERTEX_POINT ( 'NONE', #2518 ) ;
#7933 = DIRECTION ( 'NONE',  ( 0.000000000000000000, -0.000000000000000000, 1.000000000000000000 ) ) ;
#7934 = ORIENTED_EDGE ( 'NONE', *, *, #645, .T. ) ;
#7935 = ORIENTED_EDGE ( 'NONE', *, *, #645, .F. ) ;
#7936 = CYLINDRICAL_SURFACE ( 'NONE', #4377, 5.500000000000005329 ) ;
#7937 = DIRECTION ( 'NONE',  ( 0.000000000000000000, 0.000000000000000000, -1.000000000000000000 ) ) ;
#7938 = DIRECTION ( 'NONE',  ( 0.000000000000000000, 0.000000000000000000, 1.000000000000000000 ) ) ;
#7939 = DIRECTION ( 'NONE',  ( 0.000000000000000000, -1.000000000000000000, 0.000000000000000000 ) ) ;
#7940 = VERTEX_POINT ( 'NONE', #3284 ) ;
#7941 = EDGE_LOOP ( 'NONE', ( #5744, #1093, #5840, #3330 ) ) ;
#7942 = DIRECTION ( 'NONE',  ( 0.000000000000000000, -0.000000000000000000, 1.000000000000000000 ) ) ;
#7943 = ORIENTED_EDGE ( 'NONE', *, *, #158, .F. ) ;
#7944 = CARTESIAN_POINT ( 'NONE',  ( 15.00000000000000000, 0.000000000000000000, -53.33399999999999608 ) ) ;
#7945 = EDGE_CURVE ( 'NONE', #7586, #8840, #4217, .T. ) ;
#7946 = VERTEX_POINT ( 'NONE', #1848 ) ;
#7947 = LINE ( 'NONE', #3304, #7007 ) ;
#7948 = CARTESIAN_POINT ( 'NONE',  ( 53.33399999999999608, 3.000000000000000000, -33.27799999999999159 ) ) ;
#7949 = AXIS2_PLACEMENT_3D ( 'NONE', #4148, #4716, #6864 ) ;
#7950 = EDGE_CURVE ( 'NONE', #3748, #2706, #8681, .T. ) ;
#7951 = FACE_BOUND ( 'NONE', #8594, .T. ) ;
#7952 = CARTESIAN_POINT ( 'NONE',  ( 130.0020000000000095, 0.000000000000000000, -66.11200000000000898 ) ) ;
#7953 = ORIENTED_EDGE ( 'NONE', *, *, #314, .T. ) ;
#7954 = DIRECTION ( 'NONE',  ( 0.000000000000000000, 0.000000000000000000, 1.000000000000000000 ) ) ;
#7955 = AXIS2_PLACEMENT_3D ( 'NONE', #2516, #7836, #1710 ) ;
#7956 = ADVANCED_FACE ( 'NONE', ( #6623 ), #5377, .F. ) ;
#7957 = CARTESIAN_POINT ( 'NONE',  ( 53.33399999999999608, 3.000000000000000000, -53.33399999999999608 ) ) ;
#7958 = ORIENTED_EDGE ( 'NONE', *, *, #2012, .F. ) ;
#7959 = DIRECTION ( 'NONE',  ( 0.000000000000000000, -0.000000000000000000, 1.000000000000000000 ) ) ;
#7960 = EDGE_CURVE ( 'NONE', #7365, #1817, #1168, .T. ) ;
#7961 = EDGE_CURVE ( 'NONE', #4096, #1274, #5246, .T. ) ;
#7962 = AXIS2_PLACEMENT_3D ( 'NONE', #7229, #3891, #1958 ) ;
#7963 = FACE_OUTER_BOUND ( 'NONE', #1082, .T. ) ;
#7964 = ORIENTED_EDGE ( 'NONE', *, *, #4035, .F. ) ;
#7965 = DIRECTION ( 'NONE',  ( 0.000000000000000000, -1.000000000000000000, 0.000000000000000000 ) ) ;
#7966 = VERTEX_POINT ( 'NONE', #594 ) ;
#7967 = EDGE_CURVE ( 'NONE', #317, #288, #3630, .T. ) ;
#7968 = AXIS2_PLACEMENT_3D ( 'NONE', #7737, #4301, #5599 ) ;
#7969 = CARTESIAN_POINT ( 'NONE',  ( 27.77799999999999869, 3.000000000000000000, -47.83400000000000318 ) ) ;
#7970 = AXIS2_PLACEMENT_3D ( 'NONE', #5542, #5113, #8508 ) ;
#7971 = CARTESIAN_POINT ( 'NONE',  ( 117.2239999999999895, 3.000000000000000000, -71.61200000000000898 ) ) ;
#7972 = EDGE_CURVE ( 'NONE', #49, #2491, #2027, .T. ) ;
#7973 = EDGE_CURVE ( 'NONE', #4356, #3356, #1051, .T. ) ;
#7974 = DIRECTION ( 'NONE',  ( 0.000000000000000000, -1.000000000000000000, 0.000000000000000000 ) ) ;
#7975 = CARTESIAN_POINT ( 'NONE',  ( 130.0020000000000095, 0.000000000000000000, -9.499999999999982236 ) ) ;
#7976 = CARTESIAN_POINT ( 'NONE',  ( 66.11200000000000898, 3.000000000000000000, -130.0020000000000095 ) ) ;
#7977 = AXIS2_PLACEMENT_3D ( 'NONE', #4078, #6745, #621 ) ;
#7978 = ORIENTED_EDGE ( 'NONE', *, *, #4516, .T. ) ;
#7979 = EDGE_LOOP ( 'NONE', ( #5392, #4445, #5842, #6585 ) ) ;
#7980 = CARTESIAN_POINT ( 'NONE',  ( 27.77799999999999869, 3.000000000000000000, -27.77799999999999869 ) ) ;
#7981 = VECTOR ( 'NONE', #939, 1000.000000000000000 ) ;
#7982 = ORIENTED_EDGE ( 'NONE', *, *, #5327, .T. ) ;
#7983 = CIRCLE ( 'NONE', #6125, 4.000000000000003553 ) ;
#7984 = AXIS2_PLACEMENT_3D ( 'NONE', #1233, #3437, #2670 ) ;
#7985 = EDGE_LOOP ( 'NONE', ( #7015, #4866, #4531, #310 ) ) ;
#7986 = CARTESIAN_POINT ( 'NONE',  ( 27.77799999999999869, 3.000000000000000000, -53.33399999999999608 ) ) ;
#7987 = CARTESIAN_POINT ( 'NONE',  ( 91.66800000000000637, 0.000000000000000000, -117.2239999999999895 ) ) ;
#7988 = DIRECTION ( 'NONE',  ( 0.000000000000000000, 1.000000000000000000, 0.000000000000000000 ) ) ;
#7989 = CIRCLE ( 'NONE', #4409, 5.500000000000005329 ) ;
#7990 = DIRECTION ( 'NONE',  ( 0.000000000000000000, 0.000000000000000000, 1.000000000000000000 ) ) ;
#7991 = VERTEX_POINT ( 'NONE', #502 ) ;
#7992 = AXIS2_PLACEMENT_3D ( 'NONE', #2292, #6986, #3549 ) ;
#7993 = ORIENTED_EDGE ( 'NONE', *, *, #8509, .F. ) ;
#7994 = CARTESIAN_POINT ( 'NONE',  ( 104.4459999999999980, 3.000000000000000000, -15.00000000000000000 ) ) ;
#7995 = ORIENTED_EDGE ( 'NONE', *, *, #1775, .T. ) ;
#7996 = DIRECTION ( 'NONE',  ( 0.000000000000000000, 0.000000000000000000, 1.000000000000000000 ) ) ;
#7997 = ORIENTED_EDGE ( 'NONE', *, *, #2505, .T. ) ;
#7998 = CARTESIAN_POINT ( 'NONE',  ( 104.4459999999999980, 3.000000000000000000, -130.0020000000000095 ) ) ;
#7999 = AXIS2_PLACEMENT_3D ( 'NONE', #1609, #3629, #3672 ) ;
#8000 = CARTESIAN_POINT ( 'NONE',  ( 40.55599999999999739, 3.000000000000000000, -86.16799999999999216 ) ) ;
#8001 = FACE_BOUND ( 'NONE', #8558, .T. ) ;
#8002 = DIRECTION ( 'NONE',  ( 0.000000000000000000, 1.000000000000000000, 0.000000000000000000 ) ) ;
#8003 = CARTESIAN_POINT ( 'NONE',  ( 91.66800000000000637, 3.000000000000000000, -117.2239999999999895 ) ) ;
#8004 = EDGE_LOOP ( 'NONE', ( #2715, #435 ) ) ;
#8005 = AXIS2_PLACEMENT_3D ( 'NONE', #6796, #8185, #4918 ) ;
#8006 = DIRECTION ( 'NONE',  ( 0.000000000000000000, 0.000000000000000000, 1.000000000000000000 ) ) ;
#8007 = CARTESIAN_POINT ( 'NONE',  ( 78.89000000000000057, 3.000000000000000000, -117.2239999999999895 ) ) ;
#8008 = ORIENTED_EDGE ( 'NONE', *, *, #8649, .F. ) ;
#8009 = DIRECTION ( 'NONE',  ( 0.000000000000000000, -1.000000000000000000, 0.000000000000000000 ) ) ;
#8010 = EDGE_CURVE ( 'NONE', #7225, #7666, #348, .T. ) ;
#8011 = DIRECTION ( 'NONE',  ( 0.000000000000000000, -1.000000000000000000, 0.000000000000000000 ) ) ;
#8012 = VERTEX_POINT ( 'NONE', #3415 ) ;
#8013 = LINE ( 'NONE', #1211, #1121 ) ;
#8014 = ORIENTED_EDGE ( 'NONE', *, *, #7307, .F. ) ;
#8015 = ADVANCED_FACE ( 'NONE', ( #4092 ), #6043, .F. ) ;
#8016 = LINE ( 'NONE', #1932, #711 ) ;
#8017 = DIRECTION ( 'NONE',  ( 0.000000000000000000, 1.000000000000000000, 0.000000000000000000 ) ) ;
#8018 = DIRECTION ( 'NONE',  ( 0.000000000000000000, 1.000000000000000000, 0.000000000000000000 ) ) ;
#8019 = EDGE_CURVE ( 'NONE', #7376, #3705, #6137, .T. ) ;
#8020 = PERSON_AND_ORGANIZATION ( #609, #1786 ) ;
#8021 = VERTEX_POINT ( 'NONE', #2607 ) ;
#8022 = ORIENTED_EDGE ( 'NONE', *, *, #874, .T. ) ;
#8023 = DIRECTION ( 'NONE',  ( 0.000000000000000000, -0.000000000000000000, 1.000000000000000000 ) ) ;
#8024 = EDGE_CURVE ( 'NONE', #8481, #4279, #3636, .T. ) ;
#8025 = ORIENTED_EDGE ( 'NONE', *, *, #6378, .F. ) ;
#8026 = CIRCLE ( 'NONE', #175, 5.500000000000005329 ) ;
#8027 = ORIENTED_EDGE ( 'NONE', *, *, #5562, .T. ) ;
#8028 = DIRECTION ( 'NONE',  ( 0.000000000000000000, 1.000000000000000000, 0.000000000000000000 ) ) ;
#8029 = CARTESIAN_POINT ( 'NONE',  ( 66.11200000000000898, 3.000000000000000000, -53.33399999999999608 ) ) ;
#8030 = CARTESIAN_POINT ( 'NONE',  ( 78.89000000000000057, 3.000000000000000000, -117.2239999999999895 ) ) ;
#8031 = EDGE_CURVE ( 'NONE', #7104, #2082, #1633, .T. ) ;
#8032 = CYLINDRICAL_SURFACE ( 'NONE', #1930, 5.500000000000005329 ) ;
#8033 = ORIENTED_EDGE ( 'NONE', *, *, #5394, .T. ) ;
#8034 = CIRCLE ( 'NONE', #2605, 5.499999999999998224 ) ;
#8035 = VERTEX_POINT ( 'NONE', #7656 ) ;
#8036 = CARTESIAN_POINT ( 'NONE',  ( 5.000000000000000000, 4.000000000000000000, -140.0000000000000000 ) ) ;
#8037 = ORIENTED_EDGE ( 'NONE', *, *, #1346, .F. ) ;
#8038 = DIRECTION ( 'NONE',  ( 0.000000000000000000, -1.000000000000000000, 0.000000000000000000 ) ) ;
#8039 = EDGE_LOOP ( 'NONE', ( #5917, #421 ) ) ;
#8040 = PLANE ( 'NONE',  #1868 ) ;
#8041 = AXIS2_PLACEMENT_3D ( 'NONE', #8208, #6055, #8785 ) ;
#8042 = DIRECTION ( 'NONE',  ( 0.000000000000000000, 1.000000000000000000, 0.000000000000000000 ) ) ;
#8043 = FACE_BOUND ( 'NONE', #4677, .T. ) ;
#8044 = DIRECTION ( 'NONE',  ( 0.000000000000000000, 0.000000000000000000, 1.000000000000000000 ) ) ;
#8045 = CARTESIAN_POINT ( 'NONE',  ( 66.11200000000000898, 3.000000000000000000, -130.0020000000000095 ) ) ;
#8046 = VERTEX_POINT ( 'NONE', #8326 ) ;
#8047 = LINE ( 'NONE', #5801, #536 ) ;
#8048 = CIRCLE ( 'NONE', #3621, 5.500000000000005329 ) ;
#8049 = DIRECTION ( 'NONE',  ( 0.000000000000000000, 0.000000000000000000, 1.000000000000000000 ) ) ;
#8050 = VERTEX_POINT ( 'NONE', #1016 ) ;
#8051 = CARTESIAN_POINT ( 'NONE',  ( 15.00000000000000000, 3.000000000000000000, -47.83400000000000318 ) ) ;
#8052 = VECTOR ( 'NONE', #7743, 1000.000000000000000 ) ;
#8053 = DIRECTION ( 'NONE',  ( 0.000000000000000000, 1.000000000000000000, 0.000000000000000000 ) ) ;
#8054 = EDGE_LOOP ( 'NONE', ( #8385, #6912, #3580, #4167 ) ) ;
#8055 = PLANE ( 'NONE',  #7700 ) ;
#8056 = VERTEX_POINT ( 'NONE', #1484 ) ;
#8057 = DIRECTION ( 'NONE',  ( 0.000000000000000000, -1.000000000000000000, 0.000000000000000000 ) ) ;
#8058 = EDGE_CURVE ( 'NONE', #3530, #2145, #8198, .T. ) ;
#8059 = PLANE ( 'NONE',  #4898 ) ;
#8060 = DIRECTION ( 'NONE',  ( 0.000000000000000000, 0.000000000000000000, 1.000000000000000000 ) ) ;
#8061 = CARTESIAN_POINT ( 'NONE',  ( 27.77799999999999869, 3.000000000000000000, -15.00000000000000000 ) ) ;
#8062 = EDGE_CURVE ( 'NONE', #4789, #2682, #1206, .T. ) ;
#8063 = CALENDAR_DATE ( 2026, 19, 9 ) ;
#8064 = AXIS2_PLACEMENT_3D ( 'NONE', #2813, #1960, #4116 ) ;
#8065 = EDGE_LOOP ( 'NONE', ( #3502, #4176, #1201, #5218 ) ) ;
#8066 = ORIENTED_EDGE ( 'NONE', *, *, #6699, .T. ) ;
#8067 = CARTESIAN_POINT ( 'NONE',  ( 117.2239999999999895, 0.000000000000000000, -104.4459999999999980 ) ) ;
#8068 = ORIENTED_EDGE ( 'NONE', *, *, #8010, .F. ) ;
#8069 = EDGE_CURVE ( 'NONE', #5822, #5989, #5353, .T. ) ;
#8070 = AXIS2_PLACEMENT_3D ( 'NONE', #7895, #512, #7990 ) ;
#8071 = VERTEX_POINT ( 'NONE', #8240 ) ;
#8072 = CARTESIAN_POINT ( 'NONE',  ( 5.000000000000000000, 10.00000000000000000, -2.750000000000000444 ) ) ;
#8073 = CARTESIAN_POINT ( 'NONE',  ( 40.55599999999999739, 3.000000000000000000, -22.27799999999999869 ) ) ;
#8074 = DIRECTION ( 'NONE',  ( 0.000000000000000000, 0.000000000000000000, 1.000000000000000000 ) ) ;
#8075 = EDGE_CURVE ( 'NONE', #7921, #5251, #5061, .T. ) ;
#8076 = EDGE_CURVE ( 'NONE', #288, #317, #7776, .T. ) ;
#8077 = CARTESIAN_POINT ( 'NONE',  ( 117.2239999999999895, 0.000000000000000000, -86.16799999999999216 ) ) ;
#8078 = EDGE_LOOP ( 'NONE', ( #1941, #2092 ) ) ;
#8079 = ORIENTED_EDGE ( 'NONE', *, *, #5132, .F. ) ;
#8080 = CARTESIAN_POINT ( 'NONE',  ( 130.0020000000000095, 3.000000000000000000, -117.2239999999999895 ) ) ;
#8081 = VERTEX_POINT ( 'NONE', #181 ) ;
#8082 = EDGE_CURVE ( 'NONE', #1521, #7646, #4225, .T. ) ;
#8083 = FACE_OUTER_BOUND ( 'NONE', #8447, .T. ) ;
#8084 = ORIENTED_EDGE ( 'NONE', *, *, #262, .F. ) ;
#8085 = CARTESIAN_POINT ( 'NONE',  ( 78.89000000000000057, 3.000000000000000000, -27.77799999999999869 ) ) ;
#8086 = CARTESIAN_POINT ( 'NONE',  ( 104.4459999999999980, 3.000000000000000000, -104.4459999999999980 ) ) ;
#8087 = EDGE_CURVE ( 'NONE', #7083, #8780, #6206, .T. ) ;
#8088 = DIRECTION ( 'NONE',  ( 0.000000000000000000, 0.000000000000000000, 1.000000000000000000 ) ) ;
#8089 = DIRECTION ( 'NONE',  ( 0.000000000000000000, -1.000000000000000000, 0.000000000000000000 ) ) ;
#8090 = CARTESIAN_POINT ( 'NONE',  ( 27.77799999999999869, 3.000000000000000000, -91.66800000000000637 ) ) ;
#8091 = ORIENTED_EDGE ( 'NONE', *, *, #5998, .F. ) ;
#8092 = CARTESIAN_POINT ( 'NONE',  ( 130.0020000000000095, 0.000000000000000000, -124.5019999999999811 ) ) ;
#8093 = DIRECTION ( 'NONE',  ( 0.000000000000000000, 1.000000000000000000, 0.000000000000000000 ) ) ;
#8094 = ORIENTED_EDGE ( 'NONE', *, *, #7631, .T. ) ;
#8095 = CARTESIAN_POINT ( 'NONE',  ( 53.33399999999999608, 3.000000000000000000, -71.61200000000000898 ) ) ;
#8096 = AXIS2_PLACEMENT_3D ( 'NONE', #4440, #3100, #5244 ) ;
#8097 = CARTESIAN_POINT ( 'NONE',  ( 117.2239999999999895, 3.000000000000000000, -15.00000000000000000 ) ) ;
#8098 = ORIENTED_EDGE ( 'NONE', *, *, #852, .F. ) ;
#8099 = EDGE_CURVE ( 'NONE', #2706, #7862, #6943, .T. ) ;
#8100 = DIRECTION ( 'NONE',  ( 0.000000000000000000, 0.000000000000000000, 1.000000000000000000 ) ) ;
#8101 = ORIENTED_EDGE ( 'NONE', *, *, #3543, .T. ) ;
#8102 = DIRECTION ( 'NONE',  ( 0.000000000000000000, 0.000000000000000000, 1.000000000000000000 ) ) ;
#8103 = DIRECTION ( 'NONE',  ( 0.000000000000000000, 1.000000000000000000, 0.000000000000000000 ) ) ;
#8104 = CARTESIAN_POINT ( 'NONE',  ( 15.00000000000000000, 3.000000000000000000, -27.77799999999999869 ) ) ;
#8105 = LINE ( 'NONE', #4709, #8837 ) ;
#8106 = CARTESIAN_POINT ( 'NONE',  ( 40.55599999999999739, 3.000000000000000000, -78.89000000000000057 ) ) ;
#8107 = ORIENTED_EDGE ( 'NONE', *, *, #1631, .F. ) ;
#8108 = FACE_OUTER_BOUND ( 'NONE', #1608, .T. ) ;
#8109 = ORIENTED_EDGE ( 'NONE', *, *, #5457, .T. ) ;
#8110 = EDGE_CURVE ( 'NONE', #6408, #3595, #8628, .T. ) ;
#8111 = VERTEX_POINT ( 'NONE', #2113 ) ;
#8112 = CARTESIAN_POINT ( 'NONE',  ( 27.77799999999999869, 3.000000000000000000, -135.5020000000000095 ) ) ;
#8113 = DIRECTION ( 'NONE',  ( 0.000000000000000000, 0.000000000000000000, 1.000000000000000000 ) ) ;
#8114 = CIRCLE ( 'NONE', #4269, 5.500000000000003553 ) ;
#8115 = LINE ( 'NONE', #6099, #6614 ) ;
#8116 = CARTESIAN_POINT ( 'NONE',  ( 66.11200000000000898, 3.000000000000000000, -60.61200000000000188 ) ) ;
#8117 = VERTEX_POINT ( 'NONE', #2834 ) ;
#8118 = AXIS2_PLACEMENT_3D ( 'NONE', #7385, #1269, #6049 ) ;
#8119 = ADVANCED_FACE ( 'NONE', ( #4841, #55, #6225, #1691, #2159, #8289, #7149, #2792, #859, #7612, #816, #3591, #6896, #4797, #6267, #5560, #2880, #5601, #4134, #6307, #6855, #731, #7570, #3462, #6180, #4179, #774, #99, #2543, #2412, #1917, #8001, #1152, #3219, #5226, #5139, #482, #5934, #7362, #7951, #3938, #5798, #3892, #3846, #3129, #4643, #2502, #8709, #5888, #7909, #8529, #7869, #5270, #347, #8618, #1820, #7186, #2589, #6565, #1060, #525, #1736, #1241, #1778, #4466, #8660, #4553, #6472, #2458, #6515, #1102, #1872, #6606, #3173, #3802, #4598, #5179, #4507, #5314, #7322, #3084, #390, #7278, #8043, #5848, #1197, #6649, #8577, #7231, #3257, #5979, #438, #5451, #1424, #8175, #6023, #617, #3306, #2049, #4774, #4166, #3397, #5403, #8751, #2633 ), #7504, .T. ) ;
#8120 = ORIENTED_EDGE ( 'NONE', *, *, #3593, .F. ) ;
#8122 = DIRECTION ( 'NONE',  ( 0.000000000000000000, 1.000000000000000000, 0.000000000000000000 ) ) ;
#8121 = AXIS2_PLACEMENT_3D ( 'NONE', #74, #29, #2808 ) ;
#8123 = AXIS2_PLACEMENT_3D ( 'NONE', #1323, #3343, #5308 ) ;
#8124 = ORIENTED_EDGE ( 'NONE', *, *, #4692, .T. ) ;
#8125 = EDGE_CURVE ( 'NONE', #4584, #533, #8798, .T. ) ;
#8126 = DIRECTION ( 'NONE',  ( 0.000000000000000000, 0.000000000000000000, -1.000000000000000000 ) ) ;
#8127 = VERTEX_POINT ( 'NONE', #6834 ) ;
#8128 = AXIS2_PLACEMENT_3D ( 'NONE', #93, #6801, #1347 ) ;
#8129 = CARTESIAN_POINT ( 'NONE',  ( 117.2239999999999895, 3.000000000000000000, -53.33399999999999608 ) ) ;
#8130 = DIRECTION ( 'NONE',  ( 0.000000000000000000, 1.000000000000000000, 0.000000000000000000 ) ) ;
#8131 = CIRCLE ( 'NONE', #8548, 3.999999999999992450 ) ;
#8132 = CARTESIAN_POINT ( 'NONE',  ( 53.33399999999999608, 0.000000000000000000, -84.38999999999998636 ) ) ;
#8133 = CIRCLE ( 'NONE', #5422, 5.500000000000005329 ) ;
#8134 = DIRECTION ( 'NONE',  ( 0.000000000000000000, -1.000000000000000000, 0.000000000000000000 ) ) ;
#8135 = ADVANCED_FACE ( 'NONE', ( #5361 ), #6789, .F. ) ;
#8136 = EDGE_CURVE ( 'NONE', #4649, #8012, #752, .T. ) ;
#8137 = CARTESIAN_POINT ( 'NONE',  ( 78.89000000000000057, 3.000000000000000000, -91.66800000000000637 ) ) ;
#8138 = VERTEX_POINT ( 'NONE', #1330 ) ;
#8139 = FACE_OUTER_BOUND ( 'NONE', #2909, .T. ) ;
#8140 = EDGE_CURVE ( 'NONE', #1683, #7931, #6069, .T. ) ;
#8141 = DIRECTION ( 'NONE',  ( 0.000000000000000000, 1.000000000000000000, 0.000000000000000000 ) ) ;
#8142 = VECTOR ( 'NONE', #581, 1000.000000000000000 ) ;
#8143 = ORIENTED_EDGE ( 'NONE', *, *, #793, .F. ) ;
#8144 = LINE ( 'NONE', #8317, #571 ) ;
#8145 = DIRECTION ( 'NONE',  ( 0.000000000000000000, 1.000000000000000000, 0.000000000000000000 ) ) ;
#8146 = EDGE_CURVE ( 'NONE', #8585, #1972, #8207, .T. ) ;
#8147 = CIRCLE ( 'NONE', #4292, 5.499999999999998224 ) ;
#8148 = CYLINDRICAL_SURFACE ( 'NONE', #8193, 5.499999999999991118 ) ;
#8149 = ORIENTED_EDGE ( 'NONE', *, *, #710, .T. ) ;
#8150 = CARTESIAN_POINT ( 'NONE',  ( 53.33399999999999608, 3.000000000000000000, -35.05599999999999739 ) ) ;
#8151 = CARTESIAN_POINT ( 'NONE',  ( 130.0020000000000095, 3.000000000000000000, -130.0020000000000095 ) ) ;
#8152 = CIRCLE ( 'NONE', #1579, 2.250000000000001776 ) ;
#8153 = DIRECTION ( 'NONE',  ( 0.000000000000000000, 0.000000000000000000, -1.000000000000000000 ) ) ;
#8154 = DIRECTION ( 'NONE',  ( 0.000000000000000000, -1.000000000000000000, 0.000000000000000000 ) ) ;
#8155 = DIRECTION ( 'NONE',  ( 0.000000000000000000, 1.000000000000000000, 0.000000000000000000 ) ) ;
#8156 = CALENDAR_DATE ( 2026, 19, 9 ) ;
#8157 = ORIENTED_EDGE ( 'NONE', *, *, #4802, .F. ) ;
#8158 = VERTEX_POINT ( 'NONE', #8132 ) ;
#8159 = DIRECTION ( 'NONE',  ( 0.000000000000000000, 1.000000000000000000, 0.000000000000000000 ) ) ;
#8160 = ORIENTED_EDGE ( 'NONE', *, *, #1132, .T. ) ;
#8161 = ORIENTED_EDGE ( 'NONE', *, *, #3589, .F. ) ;
#8162 = DIRECTION ( 'NONE',  ( 0.000000000000000000, 0.000000000000000000, 1.000000000000000000 ) ) ;
#8163 = DIRECTION ( 'NONE',  ( 0.000000000000000000, -1.000000000000000000, 0.000000000000000000 ) ) ;
#8164 = DIRECTION ( 'NONE',  ( 0.000000000000000000, -1.000000000000000000, 0.000000000000000000 ) ) ;
#8165 = CARTESIAN_POINT ( 'NONE',  ( 27.77799999999999869, 3.000000000000000000, -15.00000000000000000 ) ) ;
#8166 = ORIENTED_EDGE ( 'NONE', *, *, #6771, .F. ) ;
#8167 = ORIENTED_EDGE ( 'NONE', *, *, #8031, .T. ) ;
#8168 = DIRECTION ( 'NONE',  ( 0.000000000000000000, 0.000000000000000000, 1.000000000000000000 ) ) ;
#8169 = VERTEX_POINT ( 'NONE', #713 ) ;
#8170 = FACE_OUTER_BOUND ( 'NONE', #5491, .T. ) ;
#8171 = ORIENTED_EDGE ( 'NONE', *, *, #2978, .F. ) ;
#8172 = DIRECTION ( 'NONE',  ( 0.000000000000000000, -0.000000000000000000, 1.000000000000000000 ) ) ;
#8173 = EDGE_CURVE ( 'NONE', #8353, #2001, #491, .T. ) ;
#8174 = CARTESIAN_POINT ( 'NONE',  ( 104.4459999999999980, 3.000000000000000000, -27.77799999999999869 ) ) ;
#8175 = FACE_BOUND ( 'NONE', #6247, .T. ) ;
#8176 = AXIS2_PLACEMENT_3D ( 'NONE', #5449, #8309, #2180 ) ;
#8177 = EDGE_LOOP ( 'NONE', ( #884, #198 ) ) ;
#8178 = ADVANCED_FACE ( 'NONE', ( #6203 ), #2008, .F. ) ;
#8179 = DIRECTION ( 'NONE',  ( 0.000000000000000000, 0.000000000000000000, 1.000000000000000000 ) ) ;
#8180 = ORIENTED_EDGE ( 'NONE', *, *, #4132, .T. ) ;
#8181 = CARTESIAN_POINT ( 'NONE',  ( 104.4459999999999980, 0.000000000000000000, -40.55599999999999739 ) ) ;
#8182 = DIRECTION ( 'NONE',  ( 0.000000000000000000, 1.000000000000000000, 0.000000000000000000 ) ) ;
#8183 = CIRCLE ( 'NONE', #4891, 5.500000000000005329 ) ;
#8184 = EDGE_LOOP ( 'NONE', ( #5656, #1303 ) ) ;
#8185 = DIRECTION ( 'NONE',  ( 0.000000000000000000, -1.000000000000000000, 0.000000000000000000 ) ) ;
#8186 = EDGE_CURVE ( 'NONE', #8568, #6822, #3505, .T. ) ;
#8187 = FACE_OUTER_BOUND ( 'NONE', #5434, .T. ) ;
#8188 = ADVANCED_FACE ( 'NONE', ( #8267 ), #4073, .F. ) ;
#8189 = CIRCLE ( 'NONE', #5476, 5.500000000000005329 ) ;
#8190 = PLANE ( 'NONE',  #4775 ) ;
#8191 = ORIENTED_EDGE ( 'NONE', *, *, #3450, .T. ) ;
#8192 = CARTESIAN_POINT ( 'NONE',  ( 27.77799999999999869, 0.000000000000000000, -122.7240000000000038 ) ) ;
#8193 = AXIS2_PLACEMENT_3D ( 'NONE', #1344, #6847, #4651 ) ;
#8194 = DIRECTION ( 'NONE',  ( 0.000000000000000000, -1.000000000000000000, 0.000000000000000000 ) ) ;
#8195 = ADVANCED_FACE ( 'NONE', ( #7548 ), #2143, .F. ) ;
#8196 = CIRCLE ( 'NONE', #5759, 5.499999999999991118 ) ;
#8197 = DIRECTION ( 'NONE',  ( 0.000000000000000000, 0.000000000000000000, 1.000000000000000000 ) ) ;
#8198 = LINE ( 'NONE', #1440, #6925 ) ;
#8199 = DIRECTION ( 'NONE',  ( 0.000000000000000000, -1.000000000000000000, 0.000000000000000000 ) ) ;
#8200 = DIRECTION ( 'NONE',  ( 0.000000000000000000, 0.000000000000000000, -1.000000000000000000 ) ) ;
#8201 = ORIENTED_EDGE ( 'NONE', *, *, #2853, .T. ) ;
#8202 = DIRECTION ( 'NONE',  ( 0.000000000000000000, -1.000000000000000000, 0.000000000000000000 ) ) ;
#8203 = AXIS2_PLACEMENT_3D ( 'NONE', #7883, #2433, #4354 ) ;
#8204 = EDGE_LOOP ( 'NONE', ( #2042, #6577 ) ) ;
#8205 = VERTEX_POINT ( 'NONE', #4872 ) ;
#8206 = CYLINDRICAL_SURFACE ( 'NONE', #3954, 5.500000000000005329 ) ;
#8207 = CIRCLE ( 'NONE', #8064, 5.500000000000005329 ) ;
#8208 = CARTESIAN_POINT ( 'NONE',  ( 78.89000000000000057, 3.000000000000000000, -104.4459999999999980 ) ) ;
#8209 = CARTESIAN_POINT ( 'NONE',  ( 117.2239999999999895, 0.000000000000000000, -109.9459999999999980 ) ) ;
#8210 = LINE ( 'NONE', #2714, #8354 ) ;
#8211 = ORIENTED_EDGE ( 'NONE', *, *, #3499, .F. ) ;
#8212 = VECTOR ( 'NONE', #7232, 1000.000000000000000 ) ;
#8213 = ORIENTED_EDGE ( 'NONE', *, *, #2783, .F. ) ;
#8214 = DIRECTION ( 'NONE',  ( 0.000000000000000000, -1.000000000000000000, 0.000000000000000000 ) ) ;
#8215 = VECTOR ( 'NONE', #3163, 1000.000000000000000 ) ;
#8216 = EDGE_LOOP ( 'NONE', ( #8272, #6144 ) ) ;
#8217 = DIRECTION ( 'NONE',  ( 0.000000000000000000, 0.000000000000000000, 1.000000000000000000 ) ) ;
#8218 = ORIENTED_EDGE ( 'NONE', *, *, #4515, .T. ) ;
#8219 = CARTESIAN_POINT ( 'NONE',  ( 66.11200000000000898, 0.000000000000000000, -97.16800000000000637 ) ) ;
#8220 = DIRECTION ( 'NONE',  ( 0.000000000000000000, 1.000000000000000000, 0.000000000000000000 ) ) ;
#8221 = DIRECTION ( 'NONE',  ( 0.000000000000000000, -0.000000000000000000, 1.000000000000000000 ) ) ;
#8222 = EDGE_LOOP ( 'NONE', ( #3782, #8540 ) ) ;
#8223 = CYLINDRICAL_SURFACE ( 'NONE', #6675, 5.500000000000018652 ) ;
#8224 = EDGE_LOOP ( 'NONE', ( #8312, #3119, #785, #2547 ) ) ;
#8225 = ADVANCED_FACE ( 'NONE', ( #4822 ), #3981, .F. ) ;
#8226 = CARTESIAN_POINT ( 'NONE',  ( 117.2239999999999895, 3.000000000000000000, -122.7240000000000038 ) ) ;
#8227 = DIRECTION ( 'NONE',  ( 0.000000000000000000, 0.000000000000000000, 1.000000000000000000 ) ) ;
#8228 = VERTEX_POINT ( 'NONE', #2225 ) ;
#8229 = DIRECTION ( 'NONE',  ( 0.000000000000000000, -1.000000000000000000, 0.000000000000000000 ) ) ;
#8230 = EDGE_CURVE ( 'NONE', #3932, #5881, #2356, .T. ) ;
#8231 = CARTESIAN_POINT ( 'NONE',  ( 117.2239999999999895, 3.000000000000000000, -20.50000000000000355 ) ) ;
#8232 = DIRECTION ( 'NONE',  ( 0.000000000000000000, 1.000000000000000000, 0.000000000000000000 ) ) ;
#8233 = VERTEX_POINT ( 'NONE', #7768 ) ;
#8234 = EDGE_CURVE ( 'NONE', #3651, #7107, #4949, .T. ) ;
#8235 = DIRECTION ( 'NONE',  ( 0.000000000000000000, 1.000000000000000000, 0.000000000000000000 ) ) ;
#8236 = AXIS2_PLACEMENT_3D ( 'NONE', #2179, #3026, #4904 ) ;
#8237 = DIRECTION ( 'NONE',  ( 0.000000000000000000, 0.000000000000000000, 1.000000000000000000 ) ) ;
#8238 = EDGE_CURVE ( 'NONE', #5546, #757, #6333, .T. ) ;
#8239 = VECTOR ( 'NONE', #5610, 1000.000000000000000 ) ;
#8240 = CARTESIAN_POINT ( 'NONE',  ( 15.00000000000000000, 3.000000000000000000, -58.83399999999999608 ) ) ;
#8241 = DIRECTION ( 'NONE',  ( 0.000000000000000000, 1.000000000000000000, 0.000000000000000000 ) ) ;
#8242 = FACE_OUTER_BOUND ( 'NONE', #7641, .T. ) ;
#8243 = ORIENTED_EDGE ( 'NONE', *, *, #8559, .T. ) ;
#8244 = ADVANCED_FACE ( 'NONE', ( #3700 ), #3615, .F. ) ;
#8245 = CARTESIAN_POINT ( 'NONE',  ( 130.0020000000000095, 3.000000000000000000, -53.33399999999999608 ) ) ;
#8246 = VECTOR ( 'NONE', #6431, 1000.000000000000000 ) ;
#8247 = ORIENTED_EDGE ( 'NONE', *, *, #4948, .F. ) ;
#8248 = EDGE_CURVE ( 'NONE', #8642, #875, #8474, .T. ) ;
#8249 = EDGE_LOOP ( 'NONE', ( #8520, #1743, #7587, #3587 ) ) ;
#8250 = LINE ( 'NONE', #4853, #5524 ) ;
#8251 = CYLINDRICAL_SURFACE ( 'NONE', #8457, 5.500000000000005329 ) ;
#8252 = CARTESIAN_POINT ( 'NONE',  ( 91.66800000000000637, 3.000000000000000000, -40.55599999999999739 ) ) ;
#8253 = CYLINDRICAL_SURFACE ( 'NONE', #3650, 5.500000000000005329 ) ;
#8254 = CIRCLE ( 'NONE', #3407, 5.499999999999998224 ) ;
#8255 = ORIENTED_EDGE ( 'NONE', *, *, #1358, .F. ) ;
#8256 = ORIENTED_EDGE ( 'NONE', *, *, #7894, .T. ) ;
#8257 = CIRCLE ( 'NONE', #5814, 5.500000000000005329 ) ;
#8258 = FACE_BOUND ( 'NONE', #8004, .T. ) ;
#8259 = EDGE_LOOP ( 'NONE', ( #2838, #7182 ) ) ;
#8260 = DIRECTION ( 'NONE',  ( 0.000000000000000000, 1.000000000000000000, 0.000000000000000000 ) ) ;
#8261 = CIRCLE ( 'NONE', #7109, 5.500000000000005329 ) ;
#8262 = ORIENTED_EDGE ( 'NONE', *, *, #6771, .T. ) ;
#8263 = CARTESIAN_POINT ( 'NONE',  ( 66.11200000000000898, 0.000000000000000000, -109.9459999999999980 ) ) ;
#8264 = FACE_OUTER_BOUND ( 'NONE', #8747, .T. ) ;
#8265 = DIRECTION ( 'NONE',  ( 0.000000000000000000, 0.000000000000000000, -1.000000000000000000 ) ) ;
#8266 = AXIS2_PLACEMENT_3D ( 'NONE', #3596, #186, #2923 ) ;
#8267 = FACE_OUTER_BOUND ( 'NONE', #1950, .T. ) ;
#8268 = ORIENTED_EDGE ( 'NONE', *, *, #1399, .T. ) ;
#8269 = AXIS2_PLACEMENT_3D ( 'NONE', #2362, #843, #1685 ) ;
#8270 = VECTOR ( 'NONE', #39, 1000.000000000000000 ) ;
#8271 = CARTESIAN_POINT ( 'NONE',  ( 5.000000000000000888, 0.000000000000000000, -136.0000000000000000 ) ) ;
#8272 = ORIENTED_EDGE ( 'NONE', *, *, #2389, .T. ) ;
#8273 = CARTESIAN_POINT ( 'NONE',  ( 15.00000000000000000, 3.000000000000000000, -117.2239999999999895 ) ) ;
#8274 = AXIS2_PLACEMENT_3D ( 'NONE', #1793, #6037, #5902 ) ;
#8275 = CARTESIAN_POINT ( 'NONE',  ( 117.2239999999999895, 3.000000000000000000, -117.2239999999999895 ) ) ;
#8276 = ORIENTED_EDGE ( 'NONE', *, *, #3315, .F. ) ;
#8277 = PLANE ( 'NONE',  #2291 ) ;
#8278 = AXIS2_PLACEMENT_3D ( 'NONE', #2563, #4612, #3506 ) ;
#8280 = AXIS2_PLACEMENT_3D ( 'NONE', #2089, #4676, #3972 ) ;
#8279 = CARTESIAN_POINT ( 'NONE',  ( 66.11200000000000898, 0.000000000000000000, -86.16799999999999216 ) ) ;
#8281 = DIRECTION ( 'NONE',  ( 0.000000000000000000, 1.000000000000000000, 0.000000000000000000 ) ) ;
#8282 = ORIENTED_EDGE ( 'NONE', *, *, #1054, .T. ) ;
#8283 = AXIS2_PLACEMENT_3D ( 'NONE', #7423, #2552, #7239 ) ;
#8284 = DIRECTION ( 'NONE',  ( 0.000000000000000000, -1.000000000000000000, 0.000000000000000000 ) ) ;
#8285 = DIRECTION ( 'NONE',  ( 0.000000000000000000, 1.000000000000000000, 0.000000000000000000 ) ) ;
#8286 = EDGE_CURVE ( 'NONE', #7940, #7146, #3785, .T. ) ;
#8287 = CIRCLE ( 'NONE', #724, 5.500000000000005329 ) ;
#8288 = AXIS2_PLACEMENT_3D ( 'NONE', #7555, #1430, #4171 ) ;
#8289 = FACE_BOUND ( 'NONE', #3524, .T. ) ;
#8290 = CARTESIAN_POINT ( 'NONE',  ( 53.33399999999999608, 0.000000000000000000, -91.66800000000000637 ) ) ;
#8291 = CARTESIAN_POINT ( 'NONE',  ( 66.11200000000000898, 3.000000000000000000, -66.11200000000000898 ) ) ;
#8292 = VERTEX_POINT ( 'NONE', #1466 ) ;
#8293 = EDGE_CURVE ( 'NONE', #7027, #6382, #248, .T. ) ;
#8294 = DIRECTION ( 'NONE',  ( 0.000000000000000000, -1.000000000000000000, 0.000000000000000000 ) ) ;
#8295 = AXIS2_PLACEMENT_3D ( 'NONE', #2455, #7906, #4504 ) ;
#8296 = CARTESIAN_POINT ( 'NONE',  ( 130.0020000000000095, 0.000000000000000000, -98.94599999999998374 ) ) ;
#8297 = EDGE_CURVE ( 'NONE', #4485, #4601, #3573, .T. ) ;
#8298 = DIRECTION ( 'NONE',  ( 0.000000000000000000, 0.000000000000000000, 1.000000000000000000 ) ) ;
#8299 = CARTESIAN_POINT ( 'NONE',  ( 78.89000000000000057, 3.000000000000000000, -78.89000000000000057 ) ) ;
#8300 = CYLINDRICAL_SURFACE ( 'NONE', #796, 5.499999999999998224 ) ;
#8301 = EDGE_LOOP ( 'NONE', ( #374, #6736 ) ) ;
#8302 = EDGE_CURVE ( 'NONE', #7069, #1924, #7678, .T. ) ;
#8303 = ORIENTED_EDGE ( 'NONE', *, *, #8019, .F. ) ;
#8304 = CYLINDRICAL_SURFACE ( 'NONE', #2270, 5.499999999999998224 ) ;
#8305 = EDGE_LOOP ( 'NONE', ( #6959, #7169 ) ) ;
#8306 = ORIENTED_EDGE ( 'NONE', *, *, #3879, .F. ) ;
#8307 = CARTESIAN_POINT ( 'NONE',  ( 91.66800000000000637, 3.000000000000000000, -15.00000000000000000 ) ) ;
#8308 = EDGE_CURVE ( 'NONE', #1443, #5003, #203, .T. ) ;
#8309 = DIRECTION ( 'NONE',  ( 0.000000000000000000, -1.000000000000000000, 0.000000000000000000 ) ) ;
#8310 = DIRECTION ( 'NONE',  ( 0.000000000000000000, 0.000000000000000000, 1.000000000000000000 ) ) ;
#8311 = DIRECTION ( 'NONE',  ( 0.000000000000000000, 0.000000000000000000, -1.000000000000000000 ) ) ;
#8312 = ORIENTED_EDGE ( 'NONE', *, *, #451, .T. ) ;
#8313 = ORIENTED_EDGE ( 'NONE', *, *, #1169, .F. ) ;
#8314 = CARTESIAN_POINT ( 'NONE',  ( 66.11200000000000898, 0.000000000000000000, -40.55599999999999739 ) ) ;
#8315 = FACE_OUTER_BOUND ( 'NONE', #8610, .T. ) ;
#8316 = ORIENTED_EDGE ( 'NONE', *, *, #8186, .T. ) ;
#8317 = CARTESIAN_POINT ( 'NONE',  ( 27.77799999999999869, 3.000000000000000000, -33.27799999999999159 ) ) ;
#8318 = AXIS2_PLACEMENT_3D ( 'NONE', #7987, #5345, #1945 ) ;
#8319 = CARTESIAN_POINT ( 'NONE',  ( 117.2239999999999895, 3.000000000000000000, -53.33399999999999608 ) ) ;
#8320 = DIRECTION ( 'NONE',  ( 0.000000000000000000, 1.000000000000000000, 0.000000000000000000 ) ) ;
#8321 = EDGE_LOOP ( 'NONE', ( #1755, #4008 ) ) ;
#8322 = CARTESIAN_POINT ( 'NONE',  ( 130.0020000000000095, 3.000000000000000000, -91.66800000000000637 ) ) ;
#8323 = AXIS2_PLACEMENT_3D ( 'NONE', #8029, #4627, #3880 ) ;
#8324 = DIRECTION ( 'NONE',  ( 0.000000000000000000, 0.000000000000000000, -1.000000000000000000 ) ) ;
#8325 = AXIS2_PLACEMENT_3D ( 'NONE', #3325, #5375, #6042 ) ;
#8326 = CARTESIAN_POINT ( 'NONE',  ( 91.66800000000000637, 3.000000000000000000, -124.5019999999999953 ) ) ;
#8327 = DIRECTION ( 'NONE',  ( 0.000000000000000000, 0.000000000000000000, -1.000000000000000000 ) ) ;
#8328 = DIRECTION ( 'NONE',  ( 0.000000000000000000, -1.000000000000000000, 0.000000000000000000 ) ) ;
#8329 = VERTEX_POINT ( 'NONE', #3658 ) ;
#8330 = CARTESIAN_POINT ( 'NONE',  ( 15.00000000000000000, 3.000000000000000000, -130.0020000000000095 ) ) ;
#8331 = EDGE_CURVE ( 'NONE', #1886, #2357, #4205, .T. ) ;
#8332 = AXIS2_PLACEMENT_3D ( 'NONE', #336, #7893, #2399 ) ;
#8333 = CYLINDRICAL_SURFACE ( 'NONE', #673, 5.499999999999998224 ) ;
#8334 = ADVANCED_FACE ( 'NONE', ( #6420 ), #5666, .F. ) ;
#8335 = DIRECTION ( 'NONE',  ( 0.000000000000000000, 0.000000000000000000, 1.000000000000000000 ) ) ;
#8336 = CIRCLE ( 'NONE', #5758, 5.500000000000005329 ) ;
#8337 = CYLINDRICAL_SURFACE ( 'NONE', #60, 5.499999999999998224 ) ;
#8338 = CYLINDRICAL_SURFACE ( 'NONE', #358, 5.499999999999991118 ) ;
#8339 = AXIS2_PLACEMENT_3D ( 'NONE', #4980, #7712, #1663 ) ;
#8340 = ORIENTED_EDGE ( 'NONE', *, *, #4667, .T. ) ;
#8341 = EDGE_LOOP ( 'NONE', ( #5877, #1130 ) ) ;
#8342 = VERTEX_POINT ( 'NONE', #921 ) ;
#8343 = EDGE_CURVE ( 'NONE', #6748, #6558, #4777, .T. ) ;
#8344 = CARTESIAN_POINT ( 'NONE',  ( 0.000000000000000000, 10.00000000000000000, 0.000000000000000000 ) ) ;
#8345 = ORIENTED_EDGE ( 'NONE', *, *, #6466, .F. ) ;
#8346 = VECTOR ( 'NONE', #4615, 1000.000000000000000 ) ;
#8347 = ORIENTED_EDGE ( 'NONE', *, *, #6655, .F. ) ;
#8348 = PLANE ( 'NONE',  #2437 ) ;
#8349 = EDGE_CURVE ( 'NONE', #8046, #2671, #6344, .T. ) ;
#8350 = FACE_OUTER_BOUND ( 'NONE', #5172, .T. ) ;
#8351 = DIRECTION ( 'NONE',  ( 0.000000000000000000, 0.000000000000000000, 1.000000000000000000 ) ) ;
#8352 = CARTESIAN_POINT ( 'NONE',  ( 40.55599999999999739, 3.000000000000000000, -73.39000000000001478 ) ) ;
#8353 = VERTEX_POINT ( 'NONE', #168 ) ;
#8354 = VECTOR ( 'NONE', #6730, 1000.000000000000000 ) ;
#8355 = ORIENTED_EDGE ( 'NONE', *, *, #4241, .F. ) ;
#8356 = EDGE_CURVE ( 'NONE', #1650, #8579, #2358, .T. ) ;
#8357 = CARTESIAN_POINT ( 'NONE',  ( 15.00000000000000000, 3.000000000000000000, -86.16799999999999216 ) ) ;
#8358 = CARTESIAN_POINT ( 'NONE',  ( 53.33399999999999608, 3.000000000000000000, -60.61200000000000898 ) ) ;
#8359 = CIRCLE ( 'NONE', #786, 5.500000000000005329 ) ;
#8360 = VERTEX_POINT ( 'NONE', #2183 ) ;
#8361 = DIRECTION ( 'NONE',  ( 0.000000000000000000, 0.000000000000000000, 1.000000000000000000 ) ) ;
#8362 = EDGE_CURVE ( 'NONE', #2514, #7045, #6492, .T. ) ;
#8363 = CIRCLE ( 'NONE', #6499, 2.250000000000009326 ) ;
#8364 = LINE ( 'NONE', #4083, #531 ) ;
#8365 = CARTESIAN_POINT ( 'NONE',  ( 117.2239999999999895, 3.000000000000000000, -124.5019999999999953 ) ) ;
#8366 = EDGE_LOOP ( 'NONE', ( #6414, #4289, #8066, #7943 ) ) ;
#8367 = CARTESIAN_POINT ( 'NONE',  ( 40.55599999999999739, 0.000000000000000000, -111.7239999999999895 ) ) ;
#8368 = DIRECTION ( 'NONE',  ( 0.000000000000000000, -1.000000000000000000, 0.000000000000000000 ) ) ;
#8369 = CARTESIAN_POINT ( 'NONE',  ( 140.0000000000000000, 0.000000000000000000, -140.0000000000000000 ) ) ;
#8370 = FACE_OUTER_BOUND ( 'NONE', #6183, .T. ) ;
#8371 = DIRECTION ( 'NONE',  ( 0.000000000000000000, -1.000000000000000000, 0.000000000000000000 ) ) ;
#8372 = ORIENTED_EDGE ( 'NONE', *, *, #6717, .T. ) ;
#8373 = DIRECTION ( 'NONE',  ( 0.000000000000000000, -1.000000000000000000, 0.000000000000000000 ) ) ;
#8374 = DIRECTION ( 'NONE',  ( 0.000000000000000000, 1.000000000000000000, 0.000000000000000000 ) ) ;
#8375 = CARTESIAN_POINT ( 'NONE',  ( 78.89000000000000057, 3.000000000000000000, -98.94599999999999795 ) ) ;
#8376 = DIRECTION ( 'NONE',  ( 0.000000000000000000, -1.000000000000000000, 0.000000000000000000 ) ) ;
#8377 = DIRECTION ( 'NONE',  ( 0.000000000000000000, 0.000000000000000000, -1.000000000000000000 ) ) ;
#8378 = VERTEX_POINT ( 'NONE', #7725 ) ;
#8379 = ORIENTED_EDGE ( 'NONE', *, *, #4692, .F. ) ;
#8380 = AXIS2_PLACEMENT_3D ( 'NONE', #2886, #155, #8458 ) ;
#8381 = ORIENTED_EDGE ( 'NONE', *, *, #4400, .F. ) ;
#8382 = EDGE_CURVE ( 'NONE', #7738, #5251, #4325, .T. ) ;
#8383 = DIRECTION ( 'NONE',  ( 0.000000000000000000, 1.000000000000000000, 0.000000000000000000 ) ) ;
#8384 = VERTEX_POINT ( 'NONE', #8517 ) ;
#8385 = ORIENTED_EDGE ( 'NONE', *, *, #4522, .F. ) ;
#8386 = DIRECTION ( 'NONE',  ( 0.000000000000000000, 0.000000000000000000, -1.000000000000000000 ) ) ;
#8387 = DIRECTION ( 'NONE',  ( 0.000000000000000000, 0.000000000000000000, 1.000000000000000000 ) ) ;
#8388 = AXIS2_PLACEMENT_3D ( 'NONE', #4505, #5178, #4641 ) ;
#8389 = CARTESIAN_POINT ( 'NONE',  ( 15.00000000000000000, 3.000000000000000000, -117.2239999999999895 ) ) ;
#8390 = EDGE_CURVE ( 'NONE', #4957, #4485, #379, .T. ) ;
#8391 = CARTESIAN_POINT ( 'NONE',  ( 78.89000000000000057, 3.000000000000000000, -27.77799999999999869 ) ) ;
#8392 = ORIENTED_EDGE ( 'NONE', *, *, #2564, .F. ) ;
#8393 = ORIENTED_EDGE ( 'NONE', *, *, #8619, .T. ) ;
#8394 = EDGE_CURVE ( 'NONE', #8035, #5003, #2446, .T. ) ;
#8395 = DIRECTION ( 'NONE',  ( 0.000000000000000000, 1.000000000000000000, 0.000000000000000000 ) ) ;
#8396 = CIRCLE ( 'NONE', #2833, 5.499999999999996447 ) ;
#8397 = CARTESIAN_POINT ( 'NONE',  ( 66.11200000000000898, 3.000000000000000000, -40.55599999999999739 ) ) ;
#8398 = ORIENTED_EDGE ( 'NONE', *, *, #2887, .T. ) ;
#8399 = CARTESIAN_POINT ( 'NONE',  ( 0.000000000000000000, 0.000000000000000000, -145.0000000000000000 ) ) ;
#8400 = DIRECTION ( 'NONE',  ( 0.000000000000000000, 1.000000000000000000, 0.000000000000000000 ) ) ;
#8401 = EDGE_CURVE ( 'NONE', #7359, #2520, #7781, .T. ) ;
#8402 = CARTESIAN_POINT ( 'NONE',  ( 117.2239999999999895, 3.000000000000000000, -98.94599999999999795 ) ) ;
#8403 = AXIS2_PLACEMENT_3D ( 'NONE', #3196, #1173, #4664 ) ;
#8404 = VERTEX_POINT ( 'NONE', #1862 ) ;
#8405 = DIRECTION ( 'NONE',  ( 0.000000000000000000, 1.000000000000000000, 0.000000000000000000 ) ) ;
#8406 = AXIS2_PLACEMENT_3D ( 'NONE', #2806, #1456, #1542 ) ;
#8407 = ORIENTED_EDGE ( 'NONE', *, *, #1182, .T. ) ;
#8408 = DIRECTION ( 'NONE',  ( 0.000000000000000000, -1.000000000000000000, 0.000000000000000000 ) ) ;
#8409 = EDGE_CURVE ( 'NONE', #6795, #7592, #5916, .T. ) ;
#8410 = DIRECTION ( 'NONE',  ( 0.000000000000000000, 0.000000000000000000, 1.000000000000000000 ) ) ;
#8411 = CIRCLE ( 'NONE', #5563, 5.500000000000018652 ) ;
#8412 = CARTESIAN_POINT ( 'NONE',  ( 5.000000000000000000, 4.000000000000000000, -140.0000000000000000 ) ) ;
#8413 = VERTEX_POINT ( 'NONE', #5166 ) ;
#8414 = CARTESIAN_POINT ( 'NONE',  ( 66.11200000000000898, 0.000000000000000000, -98.94599999999999795 ) ) ;
#8415 = DIRECTION ( 'NONE',  ( 0.000000000000000000, 0.000000000000000000, 1.000000000000000000 ) ) ;
#8416 = VECTOR ( 'NONE', #2509, 1000.000000000000000 ) ;
#8417 = AXIS2_PLACEMENT_3D ( 'NONE', #8757, #7328, #1203 ) ;
#8418 = CARTESIAN_POINT ( 'NONE',  ( 53.33399999999999608, 0.000000000000000000, -104.4459999999999980 ) ) ;
#8419 = DIRECTION ( 'NONE',  ( 0.000000000000000000, 0.000000000000000000, 1.000000000000000000 ) ) ;
#8420 = DIRECTION ( 'NONE',  ( 0.000000000000000000, -1.000000000000000000, 0.000000000000000000 ) ) ;
#8421 = DIRECTION ( 'NONE',  ( 0.000000000000000000, 1.000000000000000000, 0.000000000000000000 ) ) ;
#8422 = ORIENTED_EDGE ( 'NONE', *, *, #2023, .T. ) ;
#8423 = ORIENTED_EDGE ( 'NONE', *, *, #846, .F. ) ;
#8424 = AXIS2_PLACEMENT_3D ( 'NONE', #6170, #2778, #1433 ) ;
#8425 = CARTESIAN_POINT ( 'NONE',  ( 117.2239999999999895, 3.000000000000000000, -130.0020000000000095 ) ) ;
#8426 = ORIENTED_EDGE ( 'NONE', *, *, #7150, .T. ) ;
#8427 = ORIENTED_EDGE ( 'NONE', *, *, #5001, .F. ) ;
#8428 = ORIENTED_EDGE ( 'NONE', *, *, #1350, .F. ) ;
#8429 = CARTESIAN_POINT ( 'NONE',  ( 117.2239999999999895, 0.000000000000000000, -33.27799999999999869 ) ) ;
#8430 = AXIS2_PLACEMENT_3D ( 'NONE', #955, #7634, #1505 ) ;
#8431 = DIRECTION ( 'NONE',  ( 0.000000000000000000, -0.000000000000000000, 1.000000000000000000 ) ) ;
#8432 = DIRECTION ( 'NONE',  ( 0.000000000000000000, 0.000000000000000000, 1.000000000000000000 ) ) ;
#8433 = DIRECTION ( 'NONE',  ( 0.000000000000000000, -1.000000000000000000, 0.000000000000000000 ) ) ;
#8434 = ORIENTED_EDGE ( 'NONE', *, *, #691, .T. ) ;
#8435 = ORIENTED_EDGE ( 'NONE', *, *, #554, .T. ) ;
#8436 = DIRECTION ( 'NONE',  ( 0.000000000000000000, -1.000000000000000000, 0.000000000000000000 ) ) ;
#8437 = FACE_OUTER_BOUND ( 'NONE', #2252, .T. ) ;
#8438 = ADVANCED_FACE ( 'NONE', ( #3742 ), #4494, .F. ) ;
#8439 = VERTEX_POINT ( 'NONE', #5835 ) ;
#8440 = DIRECTION ( 'NONE',  ( 0.000000000000000000, -1.000000000000000000, 0.000000000000000000 ) ) ;
#8441 = DIRECTION ( 'NONE',  ( 0.000000000000000000, 0.000000000000000000, 1.000000000000000000 ) ) ;
#8442 = EDGE_CURVE ( 'NONE', #3334, #7284, #2646, .T. ) ;
#8443 = CYLINDRICAL_SURFACE ( 'NONE', #5914, 5.500000000000005329 ) ;
#8444 = ORIENTED_EDGE ( 'NONE', *, *, #5873, .T. ) ;
#8445 = CARTESIAN_POINT ( 'NONE',  ( 53.33399999999999608, 3.000000000000000000, -122.7240000000000038 ) ) ;
#8446 = EDGE_CURVE ( 'NONE', #2082, #2539, #5257, .T. ) ;
#8447 = EDGE_LOOP ( 'NONE', ( #6784, #301 ) ) ;
#8448 = CARTESIAN_POINT ( 'NONE',  ( 140.0000000000000000, 10.00000000000000000, -137.7500000000000000 ) ) ;
#8449 = EDGE_CURVE ( 'NONE', #948, #5182, #3924, .T. ) ;
#8450 = ADVANCED_FACE ( 'NONE', ( #3246 ), #8567, .F. ) ;
#8451 = FACE_OUTER_BOUND ( 'NONE', #7305, .T. ) ;
#8452 = CARTESIAN_POINT ( 'NONE',  ( 130.0020000000000095, 3.000000000000000000, -20.50000000000001776 ) ) ;
#8453 = ORIENTED_EDGE ( 'NONE', *, *, #7150, .F. ) ;
#8454 = DIRECTION ( 'NONE',  ( 0.000000000000000000, -1.000000000000000000, 0.000000000000000000 ) ) ;
#8455 = ADVANCED_FACE ( 'NONE', ( #4410 ), #6458, .F. ) ;
#8456 = CARTESIAN_POINT ( 'NONE',  ( 66.11200000000000898, 3.000000000000000000, -15.00000000000000000 ) ) ;
#8457 = AXIS2_PLACEMENT_3D ( 'NONE', #4717, #5436, #7442 ) ;
#8458 = DIRECTION ( 'NONE',  ( 0.000000000000000000, 0.000000000000000000, 1.000000000000000000 ) ) ;
#8459 = FACE_OUTER_BOUND ( 'NONE', #872, .T. ) ;
#8460 = CARTESIAN_POINT ( 'NONE',  ( 130.0020000000000095, 3.000000000000000000, -130.0020000000000095 ) ) ;
#8461 = DIRECTION ( 'NONE',  ( 0.000000000000000000, 0.000000000000000000, 1.000000000000000000 ) ) ;
#8462 = VERTEX_POINT ( 'NONE', #5922 ) ;
#8463 = ORIENTED_EDGE ( 'NONE', *, *, #2554, .T. ) ;
#8464 = DIRECTION ( 'NONE',  ( 0.000000000000000000, -1.000000000000000000, 0.000000000000000000 ) ) ;
#8465 = AXIS2_PLACEMENT_3D ( 'NONE', #546, #4614, #7296 ) ;
#8466 = EDGE_LOOP ( 'NONE', ( #8511, #8435, #1116, #6286 ) ) ;
#8467 = EDGE_LOOP ( 'NONE', ( #6688, #4998, #369, #1190 ) ) ;
#8468 = AXIS2_PLACEMENT_3D ( 'NONE', #5944, #4567, #5900 ) ;
#8469 = ORIENTED_EDGE ( 'NONE', *, *, #8110, .T. ) ;
#8470 = LINE ( 'NONE', #1546, #94 ) ;
#8471 = VECTOR ( 'NONE', #2619, 1000.000000000000000 ) ;
#8472 = CARTESIAN_POINT ( 'NONE',  ( 15.00000000000000000, 3.000000000000000000, -33.27799999999999159 ) ) ;
#8473 = DIRECTION ( 'NONE',  ( 0.000000000000000000, 0.000000000000000000, 1.000000000000000000 ) ) ;
#8474 = LINE ( 'NONE', #2986, #4222 ) ;
#8475 = ORIENTED_EDGE ( 'NONE', *, *, #1824, .F. ) ;
#8476 = ORIENTED_EDGE ( 'NONE', *, *, #2158, .T. ) ;
#8477 = FACE_OUTER_BOUND ( 'NONE', #7002, .T. ) ;
#8478 = AXIS2_PLACEMENT_3D ( 'NONE', #8460, #5068, #7795 ) ;
#8479 = ORIENTED_EDGE ( 'NONE', *, *, #4919, .F. ) ;
#8480 = CARTESIAN_POINT ( 'NONE',  ( 40.55599999999999739, 3.000000000000000000, -66.11200000000000898 ) ) ;
#8481 = VERTEX_POINT ( 'NONE', #1765 ) ;
#8482 = CYLINDRICAL_SURFACE ( 'NONE', #2428, 5.499999999999998224 ) ;
#8483 = CARTESIAN_POINT ( 'NONE',  ( 130.0020000000000095, 0.000000000000000000, -117.2239999999999895 ) ) ;
#8484 = AXIS2_PLACEMENT_3D ( 'NONE', #4029, #6161, #6739 ) ;
#8485 = EDGE_CURVE ( 'NONE', #6368, #4419, #3076, .T. ) ;
#8486 = FACE_OUTER_BOUND ( 'NONE', #7865, .T. ) ;
#8487 = ORIENTED_EDGE ( 'NONE', *, *, #7042, .F. ) ;
#8488 = CARTESIAN_POINT ( 'NONE',  ( 130.0020000000000095, 0.000000000000000000, -109.9460000000000122 ) ) ;
#8489 = VECTOR ( 'NONE', #6302, 1000.000000000000000 ) ;
#8490 = ADVANCED_FACE ( 'NONE', ( #7221 ), #1091, .F. ) ;
#8491 = VECTOR ( 'NONE', #4589, 1000.000000000000000 ) ;
#8492 = VERTEX_POINT ( 'NONE', #4540 ) ;
#8493 = CARTESIAN_POINT ( 'NONE',  ( 27.77799999999999869, 0.000000000000000000, -98.94600000000001216 ) ) ;
#8494 = LINE ( 'NONE', #8661, #2999 ) ;
#8495 = PRODUCT_RELATED_PRODUCT_CATEGORY ( 'detail', '', ( #7585 ) ) ;
#8496 = EDGE_CURVE ( 'NONE', #8780, #1681, #337, .T. ) ;
#8497 = DIRECTION ( 'NONE',  ( 0.000000000000000000, -1.000000000000000000, 0.000000000000000000 ) ) ;
#8498 = ORIENTED_EDGE ( 'NONE', *, *, #952, .T. ) ;
#8499 = DIRECTION ( 'NONE',  ( 0.000000000000000000, 0.000000000000000000, -1.000000000000000000 ) ) ;
#8500 = EDGE_CURVE ( 'NONE', #6281, #4509, #2400, .T. ) ;
#8501 = DIRECTION ( 'NONE',  ( 0.000000000000000000, 1.000000000000000000, 0.000000000000000000 ) ) ;
#8502 = CARTESIAN_POINT ( 'NONE',  ( 91.66800000000000637, 3.000000000000000000, -15.00000000000000000 ) ) ;
#8503 = CARTESIAN_POINT ( 'NONE',  ( 53.33399999999999608, 3.000000000000000000, -15.00000000000000000 ) ) ;
#8504 = FACE_OUTER_BOUND ( 'NONE', #726, .T. ) ;
#8505 = EDGE_CURVE ( 'NONE', #5011, #3110, #7856, .T. ) ;
#8506 = ORIENTED_EDGE ( 'NONE', *, *, #8382, .T. ) ;
#8507 = EDGE_LOOP ( 'NONE', ( #1931, #1787, #4673, #7871 ) ) ;
#8508 = DIRECTION ( 'NONE',  ( 0.000000000000000000, 0.000000000000000000, 1.000000000000000000 ) ) ;
#8509 = EDGE_CURVE ( 'NONE', #4765, #6208, #5208, .T. ) ;
#8510 = ADVANCED_FACE ( 'NONE', ( #6505 ), #741, .F. ) ;
#8511 = ORIENTED_EDGE ( 'NONE', *, *, #403, .F. ) ;
#8512 = ORIENTED_EDGE ( 'NONE', *, *, #7950, .F. ) ;
#8513 = DIRECTION ( 'NONE',  ( 0.000000000000000000, 0.000000000000000000, 1.000000000000000000 ) ) ;
#8514 = CARTESIAN_POINT ( 'NONE',  ( 117.2239999999999895, 3.000000000000000000, -130.0020000000000095 ) ) ;
#8515 = CARTESIAN_POINT ( 'NONE',  ( 117.2239999999999895, 0.000000000000000000, -60.61200000000000188 ) ) ;
#8516 = EDGE_CURVE ( 'NONE', #5590, #1073, #4227, .T. ) ;
#8517 = CARTESIAN_POINT ( 'NONE',  ( 5.000000000000000000, 4.000000000000000000, -137.7500000000000000 ) ) ;
#8518 = AXIS2_PLACEMENT_3D ( 'NONE', #3556, #5573, #3680 ) ;
#8519 = ORIENTED_EDGE ( 'NONE', *, *, #8356, .T. ) ;
#8520 = ORIENTED_EDGE ( 'NONE', *, *, #3874, .T. ) ;
#8521 = CARTESIAN_POINT ( 'NONE',  ( 66.11200000000000898, 3.000000000000000000, -124.5019999999999953 ) ) ;
#8522 = ORIENTED_EDGE ( 'NONE', *, *, #8442, .F. ) ;
#8523 = DIRECTION ( 'NONE',  ( 0.000000000000000000, 0.000000000000000000, 1.000000000000000000 ) ) ;
#8524 = AXIS2_PLACEMENT_3D ( 'NONE', #2104, #1341, #4174 ) ;
#8525 = VERTEX_POINT ( 'NONE', #2666 ) ;
#8526 = DIRECTION ( 'NONE',  ( 0.000000000000000000, -1.000000000000000000, 0.000000000000000000 ) ) ;
#8527 = CARTESIAN_POINT ( 'NONE',  ( 91.66800000000000637, 3.000000000000000000, -117.2239999999999895 ) ) ;
#8528 = ADVANCED_FACE ( 'NONE', ( #6777 ), #4763, .F. ) ;
#8529 = FACE_BOUND ( 'NONE', #8216, .T. ) ;
#8530 = AXIS2_PLACEMENT_3D ( 'NONE', #854, #5093, #5763 ) ;
#8531 = DIRECTION ( 'NONE',  ( 0.000000000000000000, 0.000000000000000000, 1.000000000000000000 ) ) ;
#8532 = ORIENTED_EDGE ( 'NONE', *, *, #8485, .F. ) ;
#8533 = CARTESIAN_POINT ( 'NONE',  ( 40.55599999999999739, 3.000000000000000000, -15.00000000000000000 ) ) ;
#8534 = AXIS2_PLACEMENT_3D ( 'NONE', #8425, #7039, #2391 ) ;
#8535 = ORIENTED_EDGE ( 'NONE', *, *, #2887, .F. ) ;
#8536 = FACE_OUTER_BOUND ( 'NONE', #3037, .T. ) ;
#8537 = AXIS2_PLACEMENT_3D ( 'NONE', #3311, #7459, #6839 ) ;
#8538 = VECTOR ( 'NONE', #2572, 1000.000000000000000 ) ;
#8539 = CARTESIAN_POINT ( 'NONE',  ( 140.0000000000000000, 0.000000000000000000, -136.0000000000000000 ) ) ;
#8540 = ORIENTED_EDGE ( 'NONE', *, *, #8062, .T. ) ;
#8541 = AXIS2_PLACEMENT_3D ( 'NONE', #2137, #4865, #7591 ) ;
#8542 = CARTESIAN_POINT ( 'NONE',  ( 130.0020000000000095, 3.000000000000000000, -73.38999999999998636 ) ) ;
#8543 = AXIS2_PLACEMENT_3D ( 'NONE', #1395, #6226, #6856 ) ;
#8544 = CIRCLE ( 'NONE', #2852, 5.500000000000005329 ) ;
#8545 = DIRECTION ( 'NONE',  ( 0.000000000000000000, 0.000000000000000000, -1.000000000000000000 ) ) ;
#8546 = EDGE_CURVE ( 'NONE', #1160, #8158, #8210, .T. ) ;
#8547 = DIRECTION ( 'NONE',  ( 0.000000000000000000, -1.000000000000000000, 0.000000000000000000 ) ) ;
#8548 = AXIS2_PLACEMENT_3D ( 'NONE', #5151, #3015, #8415 ) ;
#8549 = CARTESIAN_POINT ( 'NONE',  ( 104.4459999999999980, 3.000000000000000000, -40.55599999999999739 ) ) ;
#8550 = AXIS2_PLACEMENT_3D ( 'NONE', #2920, #5646, #8410 ) ;
#8551 = DIRECTION ( 'NONE',  ( 0.000000000000000000, 0.000000000000000000, 1.000000000000000000 ) ) ;
#8552 = EDGE_CURVE ( 'NONE', #5674, #8111, #6215, .T. ) ;
#8553 = CARTESIAN_POINT ( 'NONE',  ( 104.4459999999999980, 3.000000000000000000, -78.89000000000000057 ) ) ;
#8554 = ORIENTED_EDGE ( 'NONE', *, *, #6329, .F. ) ;
#8555 = ORIENTED_EDGE ( 'NONE', *, *, #7366, .F. ) ;
#8556 = FACE_OUTER_BOUND ( 'NONE', #4318, .T. ) ;
#8557 = AXIS2_PLACEMENT_3D ( 'NONE', #7610, #772, #4223 ) ;
#8558 = EDGE_LOOP ( 'NONE', ( #4448, #6296 ) ) ;
#8559 = EDGE_CURVE ( 'NONE', #3837, #5546, #3218, .T. ) ;
#8560 = ORIENTED_EDGE ( 'NONE', *, *, #7029, .T. ) ;
#8561 = PLANE ( 'NONE',  #1231 ) ;
#8562 = FACE_OUTER_BOUND ( 'NONE', #5412, .T. ) ;
#8563 = CARTESIAN_POINT ( 'NONE',  ( 130.0020000000000095, 3.000000000000000000, -71.61200000000002319 ) ) ;
#8564 = EDGE_CURVE ( 'NONE', #8012, #3653, #4352, .T. ) ;
#8565 = CIRCLE ( 'NONE', #6284, 5.500000000000003553 ) ;
#8566 = ADVANCED_FACE ( 'NONE', ( #606 ), #3474, .F. ) ;
#8567 = PLANE ( 'NONE',  #7064 ) ;
#8568 = VERTEX_POINT ( 'NONE', #1366 ) ;
#8569 = ORIENTED_EDGE ( 'NONE', *, *, #364, .T. ) ;
#8570 = CARTESIAN_POINT ( 'NONE',  ( 40.55599999999999739, 0.000000000000000000, -91.66800000000000637 ) ) ;
#8571 = ORIENTED_EDGE ( 'NONE', *, *, #5057, .F. ) ;
#8572 = ADVANCED_FACE ( 'NONE', ( #561 ), #7537, .F. ) ;
#8573 = DIRECTION ( 'NONE',  ( 0.000000000000000000, 1.000000000000000000, 0.000000000000000000 ) ) ;
#8574 = ORIENTED_EDGE ( 'NONE', *, *, #2214, .F. ) ;
#8575 = CARTESIAN_POINT ( 'NONE',  ( 66.11200000000000898, 3.000000000000000000, -66.11200000000000898 ) ) ;
#8576 = DIRECTION ( 'NONE',  ( 0.000000000000000000, 0.000000000000000000, -1.000000000000000000 ) ) ;
#8577 = FACE_BOUND ( 'NONE', #2976, .T. ) ;
#8578 = DIRECTION ( 'NONE',  ( 0.000000000000000000, -1.000000000000000000, 0.000000000000000000 ) ) ;
#8579 = VERTEX_POINT ( 'NONE', #3384 ) ;
#8580 = CYLINDRICAL_SURFACE ( 'NONE', #4390, 3.999999999999992450 ) ;
#8581 = CARTESIAN_POINT ( 'NONE',  ( 130.0020000000000095, 3.000000000000000000, -111.7239999999999753 ) ) ;
#8582 = ORIENTED_EDGE ( 'NONE', *, *, #6145, .F. ) ;
#8583 = CARTESIAN_POINT ( 'NONE',  ( 130.0020000000000095, 3.000000000000000000, -53.33399999999999608 ) ) ;
#8584 = FACE_OUTER_BOUND ( 'NONE', #4277, .T. ) ;
#8585 = VERTEX_POINT ( 'NONE', #1319 ) ;
#8586 = DIRECTION ( 'NONE',  ( 0.000000000000000000, 0.000000000000000000, 1.000000000000000000 ) ) ;
#8587 = CARTESIAN_POINT ( 'NONE',  ( 117.2239999999999895, 3.000000000000000000, -104.4459999999999980 ) ) ;
#8588 = DIRECTION ( 'NONE',  ( 0.000000000000000000, 1.000000000000000000, 0.000000000000000000 ) ) ;
#8589 = AXIS2_PLACEMENT_3D ( 'NONE', #8514, #2983, #4946 ) ;
#8590 = CARTESIAN_POINT ( 'NONE',  ( 91.66800000000000637, 3.000000000000000000, -27.77799999999999869 ) ) ;
#8591 = CARTESIAN_POINT ( 'NONE',  ( 117.2239999999999895, 0.000000000000000000, -130.0020000000000095 ) ) ;
#8592 = DIRECTION ( 'NONE',  ( 0.000000000000000000, 1.000000000000000000, 0.000000000000000000 ) ) ;
#8593 = ORIENTED_EDGE ( 'NONE', *, *, #8516, .T. ) ;
#8594 = EDGE_LOOP ( 'NONE', ( #8819, #6015 ) ) ;
#8595 = EDGE_CURVE ( 'NONE', #4468, #8525, #698, .T. ) ;
#8596 = DIRECTION ( 'NONE',  ( 0.000000000000000000, 1.000000000000000000, 0.000000000000000000 ) ) ;
#8597 = CIRCLE ( 'NONE', #6747, 5.500000000000005329 ) ;
#8598 = VERTEX_POINT ( 'NONE', #2621 ) ;
#8599 = EDGE_CURVE ( 'NONE', #5025, #1322, #5066, .T. ) ;
#8600 = ORIENTED_EDGE ( 'NONE', *, *, #8394, .T. ) ;
#8601 = CARTESIAN_POINT ( 'NONE',  ( 0.000000000000000000, 10.00000000000000000, -145.0000000000000000 ) ) ;
#8602 = CARTESIAN_POINT ( 'NONE',  ( 78.89000000000000057, 3.000000000000000000, -22.27799999999999159 ) ) ;
#8603 = DIRECTION ( 'NONE',  ( 0.000000000000000000, 1.000000000000000000, 0.000000000000000000 ) ) ;
#8604 = DIRECTION ( 'NONE',  ( 0.000000000000000000, 0.000000000000000000, -1.000000000000000000 ) ) ;
#8605 = ORIENTED_EDGE ( 'NONE', *, *, #952, .F. ) ;
#8606 = ADVANCED_FACE ( 'NONE', ( #6150 ), #8032, .F. ) ;
#8607 = ORIENTED_EDGE ( 'NONE', *, *, #2525, .F. ) ;
#8608 = CARTESIAN_POINT ( 'NONE',  ( 117.2239999999999895, 3.000000000000000000, -104.4459999999999980 ) ) ;
#8609 = CIRCLE ( 'NONE', #7621, 5.499999999999998224 ) ;
#8610 = EDGE_LOOP ( 'NONE', ( #3165, #6584, #1598, #7599 ) ) ;
#8611 = EDGE_CURVE ( 'NONE', #8378, #2204, #5642, .T. ) ;
#8612 = CARTESIAN_POINT ( 'NONE',  ( 130.0020000000000095, 0.000000000000000000, -60.61199999999998766 ) ) ;
#8613 = EDGE_CURVE ( 'NONE', #5881, #7801, #6933, .T. ) ;
#8614 = CIRCLE ( 'NONE', #2775, 5.499999999999998224 ) ;
#8615 = ORIENTED_EDGE ( 'NONE', *, *, #95, .F. ) ;
#8616 = CYLINDRICAL_SURFACE ( 'NONE', #8295, 5.500000000000005329 ) ;
#8617 = CARTESIAN_POINT ( 'NONE',  ( 130.0020000000000095, 3.000000000000000000, -66.11200000000000898 ) ) ;
#8618 = FACE_BOUND ( 'NONE', #6468, .T. ) ;
#8619 = EDGE_CURVE ( 'NONE', #5591, #2314, #3793, .T. ) ;
#8620 = AXIS2_PLACEMENT_3D ( 'NONE', #1262, #1891, #6003 ) ;
#8621 = DIRECTION ( 'NONE',  ( 0.000000000000000000, 0.000000000000000000, -1.000000000000000000 ) ) ;
#8622 = ORIENTED_EDGE ( 'NONE', *, *, #3206, .F. ) ;
#8623 = CARTESIAN_POINT ( 'NONE',  ( 78.89000000000000057, 0.000000000000000000, -122.7240000000000038 ) ) ;
#8624 = EDGE_CURVE ( 'NONE', #1681, #1801, #6781, .T. ) ;
#8625 = CARTESIAN_POINT ( 'NONE',  ( 53.33399999999999608, 0.000000000000000000, -97.16800000000000637 ) ) ;
#8626 = VERTEX_POINT ( 'NONE', #8077 ) ;
#8627 = DIRECTION ( 'NONE',  ( 0.000000000000000000, 1.000000000000000000, 0.000000000000000000 ) ) ;
#8628 = CIRCLE ( 'NONE', #7490, 5.499999999999998224 ) ;
#8629 = DIRECTION ( 'NONE',  ( 0.000000000000000000, -0.000000000000000000, 1.000000000000000000 ) ) ;
#8630 = ORIENTED_EDGE ( 'NONE', *, *, #7972, .T. ) ;
#8631 = CARTESIAN_POINT ( 'NONE',  ( 66.11200000000000898, 3.000000000000000000, -104.4459999999999980 ) ) ;
#8632 = ORIENTED_EDGE ( 'NONE', *, *, #8146, .T. ) ;
#8633 = CARTESIAN_POINT ( 'NONE',  ( 40.55599999999999739, 0.000000000000000000, -104.4459999999999980 ) ) ;
#8634 = DIRECTION ( 'NONE',  ( 0.000000000000000000, 0.000000000000000000, 1.000000000000000000 ) ) ;
#8635 = CIRCLE ( 'NONE', #5647, 5.500000000000003553 ) ;
#8636 = CARTESIAN_POINT ( 'NONE',  ( 78.89000000000000057, 3.000000000000000000, -22.27799999999999159 ) ) ;
#8637 = FACE_OUTER_BOUND ( 'NONE', #2703, .T. ) ;
#8638 = PLANE ( 'NONE',  #1067 ) ;
#8639 = ORIENTED_EDGE ( 'NONE', *, *, #2738, .T. ) ;
#8640 = EDGE_LOOP ( 'NONE', ( #6683, #7507 ) ) ;
#8641 = LINE ( 'NONE', #4010, #2555 ) ;
#8642 = VERTEX_POINT ( 'NONE', #8116 ) ;
#8643 = ORIENTED_EDGE ( 'NONE', *, *, #8248, .F. ) ;
#8644 = LINE ( 'NONE', #1721, #6514 ) ;
#8645 = CARTESIAN_POINT ( 'NONE',  ( 104.4459999999999980, 3.000000000000000000, -53.33399999999999608 ) ) ;
#8646 = DIRECTION ( 'NONE',  ( 0.000000000000000000, 1.000000000000000000, 0.000000000000000000 ) ) ;
#8647 = DIRECTION ( 'NONE',  ( 0.000000000000000000, -1.000000000000000000, 0.000000000000000000 ) ) ;
#8648 = VERTEX_POINT ( 'NONE', #5695 ) ;
#8649 = EDGE_CURVE ( 'NONE', #6155, #8329, #4313, .T. ) ;
#8650 = ORIENTED_EDGE ( 'NONE', *, *, #5555, .T. ) ;
#8651 = CARTESIAN_POINT ( 'NONE',  ( 5.000000000000000000, 10.00000000000000000, -7.249999999999999112 ) ) ;
#8652 = VECTOR ( 'NONE', #4702, 1000.000000000000000 ) ;
#8653 = ORIENTED_EDGE ( 'NONE', *, *, #7703, .T. ) ;
#8654 = CARTESIAN_POINT ( 'NONE',  ( 27.77799999999999869, 3.000000000000000000, -22.27799999999999869 ) ) ;
#8655 = ORIENTED_EDGE ( 'NONE', *, *, #8099, .F. ) ;
#8656 = CARTESIAN_POINT ( 'NONE',  ( 27.77799999999999869, 3.000000000000000000, -91.66800000000000637 ) ) ;
#8657 = ADVANCED_FACE ( 'NONE', ( #4190 ), #2971, .F. ) ;
#8658 = FACE_OUTER_BOUND ( 'NONE', #8507, .T. ) ;
#8659 = AXIS2_PLACEMENT_3D ( 'NONE', #1363, #603, #738 ) ;
#8660 = FACE_BOUND ( 'NONE', #8184, .T. ) ;
#8661 = CARTESIAN_POINT ( 'NONE',  ( 40.55599999999999739, 3.000000000000000000, -97.16800000000000637 ) ) ;
#8662 = EDGE_CURVE ( 'NONE', #749, #4013, #2928, .T. ) ;
#8663 = FACE_OUTER_BOUND ( 'NONE', #4668, .T. ) ;
#8664 = ORIENTED_EDGE ( 'NONE', *, *, #4732, .F. ) ;
#8665 = DIRECTION ( 'NONE',  ( 0.000000000000000000, 1.000000000000000000, 0.000000000000000000 ) ) ;
#8666 = CIRCLE ( 'NONE', #4821, 5.500000000000005329 ) ;
#8667 = LINE ( 'NONE', #4603, #1431 ) ;
#8668 = ORIENTED_EDGE ( 'NONE', *, *, #628, .T. ) ;
#8669 = DIRECTION ( 'NONE',  ( 0.000000000000000000, 1.000000000000000000, 0.000000000000000000 ) ) ;
#8670 = EDGE_CURVE ( 'NONE', #7027, #3155, #6348, .T. ) ;
#8671 = CIRCLE ( 'NONE', #3108, 5.500000000000018652 ) ;
#8672 = DIRECTION ( 'NONE',  ( 0.000000000000000000, -1.000000000000000000, 0.000000000000000000 ) ) ;
#8673 = EDGE_LOOP ( 'NONE', ( #6734, #518, #624, #6091 ) ) ;
#8674 = CARTESIAN_POINT ( 'NONE',  ( 117.2239999999999895, 0.000000000000000000, -27.77799999999999869 ) ) ;
#8675 = VERTEX_POINT ( 'NONE', #946 ) ;
#8676 = AXIS2_PLACEMENT_3D ( 'NONE', #1523, #1605, #2324 ) ;
#8677 = DIRECTION ( 'NONE',  ( 0.000000000000000000, -1.000000000000000000, 0.000000000000000000 ) ) ;
#8678 = ADVANCED_FACE ( 'NONE', ( #784 ), #8300, .F. ) ;
#8679 = AXIS2_PLACEMENT_3D ( 'NONE', #8067, #5250, #4581 ) ;
#8680 = DIRECTION ( 'NONE',  ( 0.000000000000000000, 0.000000000000000000, 1.000000000000000000 ) ) ;
#8681 = LINE ( 'NONE', #6720, #341 ) ;
#8682 = CIRCLE ( 'NONE', #4402, 5.499999999999998224 ) ;
#8683 = APPROVAL_DATE_TIME ( #3328, #2828 ) ;
#8684 = AXIS2_PLACEMENT_3D ( 'NONE', #8570, #1728, #7900 ) ;
#8685 = VERTEX_POINT ( 'NONE', #6280 ) ;
#8686 = EDGE_LOOP ( 'NONE', ( #6362, #5296 ) ) ;
#8687 = PLANE ( 'NONE',  #4691 ) ;
#8688 = AXIS2_PLACEMENT_3D ( 'NONE', #5567, #8820, #59 ) ;
#8689 = ORIENTED_EDGE ( 'NONE', *, *, #7476, .T. ) ;
#8690 = CIRCLE ( 'NONE', #2855, 5.500000000000018652 ) ;
#8691 = AXIS2_PLACEMENT_3D ( 'NONE', #6138, #6762, #4798 ) ;
#8692 = VERTEX_POINT ( 'NONE', #4981 ) ;
#8693 = DIRECTION ( 'NONE',  ( 1.000000000000000000, 0.000000000000000000, -0.000000000000000000 ) ) ;
#8694 = DIRECTION ( 'NONE',  ( 0.000000000000000000, -0.000000000000000000, 1.000000000000000000 ) ) ;
#8695 = DIRECTION ( 'NONE',  ( 0.000000000000000000, 1.000000000000000000, 0.000000000000000000 ) ) ;
#8696 = CARTESIAN_POINT ( 'NONE',  ( 40.55599999999999739, 3.000000000000000000, -130.0020000000000095 ) ) ;
#8697 = EDGE_LOOP ( 'NONE', ( #4694, #1995, #5829, #6743 ) ) ;
#8698 = AXIS2_PLACEMENT_3D ( 'NONE', #534, #6707, #1968 ) ;
#8699 = VECTOR ( 'NONE', #6394, 1000.000000000000000 ) ;
#8700 = ORIENTED_EDGE ( 'NONE', *, *, #6482, .F. ) ;
#8701 = DIRECTION ( 'NONE',  ( 0.000000000000000000, 1.000000000000000000, 0.000000000000000000 ) ) ;
#8702 = ORIENTED_EDGE ( 'NONE', *, *, #1495, .T. ) ;
#8703 = DIRECTION ( 'NONE',  ( 0.000000000000000000, 0.000000000000000000, 1.000000000000000000 ) ) ;
#8704 = EDGE_LOOP ( 'NONE', ( #7000, #6253, #6874, #2228 ) ) ;
#8705 = CARTESIAN_POINT ( 'NONE',  ( 40.55599999999999739, 0.000000000000000000, -124.5019999999999953 ) ) ;
#8706 = AXIS2_PLACEMENT_3D ( 'NONE', #2822, #5548, #2103 ) ;
#8708 = CIRCLE ( 'NONE', #8288, 5.500000000000005329 ) ;
#8707 = CARTESIAN_POINT ( 'NONE',  ( 104.4459999999999980, 3.000000000000000000, -46.05599999999999739 ) ) ;
#8709 = FACE_BOUND ( 'NONE', #5126, .T. ) ;
#8710 = DIRECTION ( 'NONE',  ( 0.000000000000000000, 0.000000000000000000, 1.000000000000000000 ) ) ;
#8711 = DIRECTION ( 'NONE',  ( 0.000000000000000000, 1.000000000000000000, 0.000000000000000000 ) ) ;
#8712 = ORIENTED_EDGE ( 'NONE', *, *, #1852, .T. ) ;
#8713 = ADVANCED_FACE ( 'NONE', ( #4234 ), #3519, .F. ) ;
#8714 = AXIS2_PLACEMENT_3D ( 'NONE', #4878, #1475, #5504 ) ;
#8715 = DIRECTION ( 'NONE',  ( 0.000000000000000000, 1.000000000000000000, 0.000000000000000000 ) ) ;
#8716 = CARTESIAN_POINT ( 'NONE',  ( 104.4459999999999980, 3.000000000000000000, -27.77799999999999869 ) ) ;
#8717 = EDGE_LOOP ( 'NONE', ( #8535, #3151 ) ) ;
#8718 = CARTESIAN_POINT ( 'NONE',  ( 130.0020000000000095, 3.000000000000000000, -9.499999999999982236 ) ) ;
#8719 = EDGE_CURVE ( 'NONE', #178, #2359, #5367, .T. ) ;
#8720 = LINE ( 'NONE', #1746, #8760 ) ;
#8721 = VERTEX_POINT ( 'NONE', #3683 ) ;
#8722 = ADVANCED_FACE ( 'NONE', ( #6406 ), #5577, .F. ) ;
#8723 = CYLINDRICAL_SURFACE ( 'NONE', #5274, 5.500000000000005329 ) ;
#8724 = ORIENTED_EDGE ( 'NONE', *, *, #90, .F. ) ;
#8725 = CARTESIAN_POINT ( 'NONE',  ( 104.4459999999999980, 3.000000000000000000, -130.0020000000000095 ) ) ;
#8726 = EDGE_CURVE ( 'NONE', #5251, #7921, #1509, .T. ) ;
#8727 = ADVANCED_FACE ( 'NONE', ( #5528 ), #8253, .F. ) ;
#8728 = LINE ( 'NONE', #3868, #7896 ) ;
#8729 = CARTESIAN_POINT ( 'NONE',  ( 27.77799999999999869, 3.000000000000000000, -111.7239999999999895 ) ) ;
#8730 = CALENDAR_DATE ( 2026, 19, 9 ) ;
#8731 = ORIENTED_EDGE ( 'NONE', *, *, #351, .F. ) ;
#8732 = ORIENTED_EDGE ( 'NONE', *, *, #3805, .F. ) ;
#8733 = EDGE_CURVE ( 'NONE', #8626, #878, #4362, .T. ) ;
#8734 = CARTESIAN_POINT ( 'NONE',  ( 15.00000000000000000, 3.000000000000000000, -15.00000000000000000 ) ) ;
#8735 = ORIENTED_EDGE ( 'NONE', *, *, #8564, .T. ) ;
#8736 = AXIS2_PLACEMENT_3D ( 'NONE', #4992, #1636, #8739 ) ;
#8737 = ORIENTED_EDGE ( 'NONE', *, *, #5873, .F. ) ;
#8738 = DIRECTION ( 'NONE',  ( 0.000000000000000000, 0.000000000000000000, 1.000000000000000000 ) ) ;
#8739 = DIRECTION ( 'NONE',  ( 0.000000000000000000, -0.000000000000000000, 1.000000000000000000 ) ) ;
#8740 = CARTESIAN_POINT ( 'NONE',  ( 15.00000000000000000, 3.000000000000000000, -35.05599999999999739 ) ) ;
#8741 = CARTESIAN_POINT ( 'NONE',  ( 104.4459999999999980, 0.000000000000000000, -53.33399999999999608 ) ) ;
#8742 = VERTEX_POINT ( 'NONE', #1583 ) ;
#8743 = ORIENTED_EDGE ( 'NONE', *, *, #202, .T. ) ;
#8744 = DIRECTION ( 'NONE',  ( 0.000000000000000000, -1.000000000000000000, 0.000000000000000000 ) ) ;
#8745 = ORIENTED_EDGE ( 'NONE', *, *, #5514, .F. ) ;
#8746 = CARTESIAN_POINT ( 'NONE',  ( 66.11200000000000898, 3.000000000000000000, -135.5020000000000095 ) ) ;
#8747 = EDGE_LOOP ( 'NONE', ( #8068, #8120 ) ) ;
#8748 = DIRECTION ( 'NONE',  ( 0.000000000000000000, -0.000000000000000000, 1.000000000000000000 ) ) ;
#8749 = CIRCLE ( 'NONE', #321, 5.500000000000018652 ) ;
#8750 = CARTESIAN_POINT ( 'NONE',  ( 91.66800000000000637, 0.000000000000000000, -109.9459999999999980 ) ) ;
#8751 = FACE_BOUND ( 'NONE', #6810, .T. ) ;
#8752 = CARTESIAN_POINT ( 'NONE',  ( 15.00000000000000000, 0.000000000000000000, -71.61200000000000898 ) ) ;
#8753 = DIRECTION ( 'NONE',  ( 0.000000000000000000, 1.000000000000000000, 0.000000000000000000 ) ) ;
#8754 = EDGE_LOOP ( 'NONE', ( #1639, #4835, #1000, #686 ) ) ;
#8755 = DIRECTION ( 'NONE',  ( 0.000000000000000000, -1.000000000000000000, 0.000000000000000000 ) ) ;
#8756 = AXIS2_PLACEMENT_3D ( 'NONE', #467, #3028, #7136 ) ;
#8757 = CARTESIAN_POINT ( 'NONE',  ( 40.55599999999999739, 3.000000000000000000, -15.00000000000000000 ) ) ;
#8758 = ORIENTED_EDGE ( 'NONE', *, *, #7643, .F. ) ;
#8759 = FACE_OUTER_BOUND ( 'NONE', #7886, .T. ) ;
#8760 = VECTOR ( 'NONE', #5808, 1000.000000000000000 ) ;
#8761 = AXIS2_PLACEMENT_3D ( 'NONE', #5612, #4275, #7034 ) ;
#8762 = FACE_OUTER_BOUND ( 'NONE', #6198, .T. ) ;
#8763 = ORIENTED_EDGE ( 'NONE', *, *, #1883, .F. ) ;
#8764 = EDGE_CURVE ( 'NONE', #5674, #6633, #826, .T. ) ;
#8765 = CARTESIAN_POINT ( 'NONE',  ( 66.11200000000000898, 3.000000000000000000, -53.33399999999999608 ) ) ;
#8766 = ORIENTED_EDGE ( 'NONE', *, *, #7899, .T. ) ;
#8767 = VECTOR ( 'NONE', #1638, 1000.000000000000000 ) ;
#8768 = FACE_OUTER_BOUND ( 'NONE', #2186, .T. ) ;
#8769 = ADVANCED_FACE ( 'NONE', ( #1496 ), #2890, .F. ) ;
#8770 = DIRECTION ( 'NONE',  ( 0.000000000000000000, -0.000000000000000000, 1.000000000000000000 ) ) ;
#8771 = DIRECTION ( 'NONE',  ( 0.000000000000000000, 0.000000000000000000, -1.000000000000000000 ) ) ;
#8772 = DIRECTION ( 'NONE',  ( 0.000000000000000000, 0.000000000000000000, -1.000000000000000000 ) ) ;
#8773 = PERSON_AND_ORGANIZATION ( #609, #1786 ) ;
#8774 = AXIS2_PLACEMENT_3D ( 'NONE', #3297, #4061, #6014 ) ;
#8775 = LINE ( 'NONE', #7436, #3764 ) ;
#8776 = EDGE_LOOP ( 'NONE', ( #862, #4387, #6110, #8453 ) ) ;
#8777 = ADVANCED_FACE ( 'NONE', ( #6998 ), #8338, .F. ) ;
#8778 = DIRECTION ( 'NONE',  ( 0.000000000000000000, 1.000000000000000000, 0.000000000000000000 ) ) ;
#8779 = AXIS2_PLACEMENT_3D ( 'NONE', #3131, #7190, #1017 ) ;
#8780 = VERTEX_POINT ( 'NONE', #3644 ) ;
#8781 = AXIS2_PLACEMENT_3D ( 'NONE', #7807, #2489, #3073 ) ;
#8782 = VERTEX_POINT ( 'NONE', #6361 ) ;
#8783 = LINE ( 'NONE', #7441, #4813 ) ;
#8784 = ADVANCED_FACE ( 'NONE', ( #3191 ), #5247, .F. ) ;
#8785 = DIRECTION ( 'NONE',  ( 0.000000000000000000, 0.000000000000000000, 1.000000000000000000 ) ) ;
#8786 = DIRECTION ( 'NONE',  ( 0.000000000000000000, 1.000000000000000000, 0.000000000000000000 ) ) ;
#8787 = CARTESIAN_POINT ( 'NONE',  ( 78.89000000000000057, 3.000000000000000000, -130.0020000000000095 ) ) ;
#8788 = ORIENTED_EDGE ( 'NONE', *, *, #3966, .T. ) ;
#8789 = EDGE_CURVE ( 'NONE', #7398, #1938, #5909, .T. ) ;
#8790 = ORIENTED_EDGE ( 'NONE', *, *, #1612, .F. ) ;
#8791 = CARTESIAN_POINT ( 'NONE',  ( 53.33399999999999608, 3.000000000000000000, -124.5019999999999953 ) ) ;
#8792 = VERTEX_POINT ( 'NONE', #3150 ) ;
#8793 = CARTESIAN_POINT ( 'NONE',  ( 40.55599999999999739, 0.000000000000000000, -46.05599999999999028 ) ) ;
#8794 = EDGE_LOOP ( 'NONE', ( #8084, #4235, #1974, #4238 ) ) ;
#8795 = DIRECTION ( 'NONE',  ( 0.000000000000000000, 0.000000000000000000, 1.000000000000000000 ) ) ;
#8796 = EDGE_CURVE ( 'NONE', #8525, #17, #4792, .T. ) ;
#8797 = CARTESIAN_POINT ( 'NONE',  ( 27.77799999999999869, 0.000000000000000000, -60.61200000000000898 ) ) ;
#8798 = LINE ( 'NONE', #3352, #6487 ) ;
#8799 = FACE_OUTER_BOUND ( 'NONE', #1453, .T. ) ;
#8800 = DIRECTION ( 'NONE',  ( 0.000000000000000000, -1.000000000000000000, 0.000000000000000000 ) ) ;
#8801 = VERTEX_POINT ( 'NONE', #1665 ) ;
#8802 = DIRECTION ( 'NONE',  ( 0.000000000000000000, -0.000000000000000000, 1.000000000000000000 ) ) ;
#8803 = CARTESIAN_POINT ( 'NONE',  ( 140.0000000000000000, 10.00000000000000000, -137.7500000000000000 ) ) ;
#8804 = CIRCLE ( 'NONE', #3235, 5.500000000000005329 ) ;
#8805 = EDGE_LOOP ( 'NONE', ( #5008, #3567 ) ) ;
#8806 = CARTESIAN_POINT ( 'NONE',  ( 15.00000000000000000, 0.000000000000000000, -40.55599999999999739 ) ) ;
#8807 = CARTESIAN_POINT ( 'NONE',  ( 27.77799999999999869, 3.000000000000000000, -27.77799999999999869 ) ) ;
#8808 = ADVANCED_BREP_SHAPE_REPRESENTATION ( 'JIG-MOT097Z001-0_AP203', ( #1861, #6075 ), #5511 ) ;
#8809 = CYLINDRICAL_SURFACE ( 'NONE', #626, 5.500000000000005329 ) ;
#8810 = ORIENTED_EDGE ( 'NONE', *, *, #6817, .T. ) ;
#8811 = DIRECTION ( 'NONE',  ( 0.000000000000000000, 1.000000000000000000, 0.000000000000000000 ) ) ;
#8812 = CYLINDRICAL_SURFACE ( 'NONE', #5978, 5.500000000000005329 ) ;
#8813 = AXIS2_PLACEMENT_3D ( 'NONE', #5087, #2366, #4296 ) ;
#8814 = CARTESIAN_POINT ( 'NONE',  ( 27.77799999999999869, 3.000000000000000000, -84.38999999999998636 ) ) ;
#8815 = DIRECTION ( 'NONE',  ( 0.000000000000000000, -1.000000000000000000, 0.000000000000000000 ) ) ;
#8816 = DIRECTION ( 'NONE',  ( 0.000000000000000000, 0.000000000000000000, 1.000000000000000000 ) ) ;
#8817 = CALENDAR_DATE ( 2026, 19, 9 ) ;
#8818 = CARTESIAN_POINT ( 'NONE',  ( 104.4459999999999980, 0.000000000000000000, -15.00000000000000000 ) ) ;
#8819 = ORIENTED_EDGE ( 'NONE', *, *, #7196, .T. ) ;
#8820 = DIRECTION ( 'NONE',  ( 0.000000000000000000, 1.000000000000000000, 0.000000000000000000 ) ) ;
#8821 = AXIS2_PLACEMENT_3D ( 'NONE', #1429, #6166, #4120 ) ;
#8822 = ADVANCED_FACE ( 'NONE', ( #7884 ), #8638, .F. ) ;
#8823 = AXIS2_PLACEMENT_3D ( 'NONE', #3783, #6498, #4317 ) ;
#8824 = EDGE_LOOP ( 'NONE', ( #4721, #7897, #4345, #3649 ) ) ;
#8825 = VERTEX_POINT ( 'NONE', #4578 ) ;
#8826 = LINE ( 'NONE', #6188, #4108 ) ;
#8827 = EDGE_CURVE ( 'NONE', #6496, #8050, #6640, .T. ) ;
#8828 = FACE_OUTER_BOUND ( 'NONE', #3786, .T. ) ;
#8829 = CIRCLE ( 'NONE', #4974, 5.500000000000005329 ) ;
#8830 = CARTESIAN_POINT ( 'NONE',  ( 5.000000000000000888, 4.000000000000000000, -0.9999999999999983347 ) ) ;
#8831 = DIRECTION ( 'NONE',  ( 0.000000000000000000, 1.000000000000000000, 0.000000000000000000 ) ) ;
#8832 = ORIENTED_EDGE ( 'NONE', *, *, #1248, .F. ) ;
#8833 = VERTEX_POINT ( 'NONE', #7298 ) ;
#8834 = EDGE_CURVE ( 'NONE', #2757, #3717, #8363, .T. ) ;
#8836 = DIRECTION ( 'NONE',  ( 0.000000000000000000, -1.000000000000000000, 0.000000000000000000 ) ) ;
#8835 = AXIS2_PLACEMENT_3D ( 'NONE', #385, #1772, #5929 ) ;
#8837 = VECTOR ( 'NONE', #4006, 1000.000000000000000 ) ;
#8838 = ORIENTED_EDGE ( 'NONE', *, *, #256, .F. ) ;
#8839 = DIRECTION ( 'NONE',  ( 0.000000000000000000, 0.000000000000000000, -1.000000000000000000 ) ) ;
#8840 = VERTEX_POINT ( 'NONE', #5110 ) ;
#8841 = CIRCLE ( 'NONE', #8274, 5.499999999999998224 ) ;
#8842 = DIRECTION ( 'NONE',  ( 0.000000000000000000, -1.000000000000000000, 0.000000000000000000 ) ) ;
#8843 = EDGE_CURVE ( 'NONE', #6261, #3660, #8635, .T. ) ;
#8844 = FACE_OUTER_BOUND ( 'NONE', #7078, .T. ) ;
#8845 = VECTOR ( 'NONE', #6356, 1000.000000000000000 ) ;
#8846 = CARTESIAN_POINT ( 'NONE',  ( 104.4459999999999980, 3.000000000000000000, -98.94599999999999795 ) ) ;
#8847 = AXIS2_PLACEMENT_3D ( 'NONE', #1025, #8002, #1198 ) ;
#8848 = ORIENTED_EDGE ( 'NONE', *, *, #1288, .F. ) ;
#8849 = CARTESIAN_POINT ( 'NONE',  ( 40.55599999999999739, 0.000000000000000000, -66.11200000000000898 ) ) ;
#8850 = ORIENTED_EDGE ( 'NONE', *, *, #7355, .F. ) ;
#8851 = ADVANCED_FACE ( 'NONE', ( #1170 ), #3911, .F. ) ;
#8852 = DIRECTION ( 'NONE',  ( 0.000000000000000000, 1.000000000000000000, 0.000000000000000000 ) ) ;
#8853 = CARTESIAN_POINT ( 'NONE',  ( 66.11200000000000898, 3.000000000000000000, -22.27799999999999159 ) ) ;
ENDSEC;
END-ISO-10303-21;
